nep4 6 H C N O S P
cutoff 6 4 246 78
n_max 6 6
basis_size 12 12
l_max 4 2 0
ANN 50 0
2.7885359692e-03
-9.4997848955e-03
-4.4994136326e-03
-5.5357852370e-03
4.7294242833e-03
3.5339897485e-03
7.8435913541e-03
-8.2612233474e-03
-1.5615636063e-03
-9.4040556112e-03
-5.6272405039e-03
1.0710576207e-04
-9.4692806063e-03
-6.0232469863e-03
2.9976887556e-03
8.9882961206e-04
-5.5911875592e-03
1.7853136775e-03
6.1886091336e-03
-9.8700248064e-03
6.1163850367e-03
3.9627878998e-03
-3.1949896696e-03
-6.8904100038e-03
9.1442614441e-03
-3.2681090977e-03
-8.1450831324e-03
-8.0656724633e-03
6.9498873269e-03
2.0745206273e-03
6.1425654655e-03
4.5946357339e-03
7.2456182909e-04
9.4623152796e-03
-2.4293124558e-03
1.0408126255e-03
6.5880932851e-03
2.3703950473e-03
7.2341380062e-03
1.5470429051e-03
4.0914367243e-03
-9.0835123269e-03
-5.4420344870e-03
-4.2122407280e-03
-8.4041604615e-03
-5.3441822728e-03
-7.9799714118e-03
-4.4405279378e-03
2.7136888853e-03
-2.7033564206e-03
-2.5963806577e-03
-5.8098593846e-03
-4.6604435590e-03
8.7330917542e-03
2.9607077049e-03
2.1826201133e-03
-6.5772270360e-03
4.5825359590e-03
-6.7319501248e-03
-2.4108911648e-03
9.7904670127e-03
2.7999951971e-03
1.1389948755e-03
3.6922850198e-03
6.8570384038e-03
5.5199982309e-03
-5.4190385607e-03
-9.3579951219e-03
-3.6909390388e-03
-4.6451824805e-03
-5.7803431283e-03
8.8581942867e-03
7.5273525295e-03
-3.7064423840e-03
3.1087733059e-03
-2.0873619788e-03
8.2909517948e-03
-8.2296294825e-04
-4.7023966700e-03
-5.0674498461e-03
1.2273626833e-03
-4.7451678295e-03
1.6917198045e-03
7.9564576720e-03
-2.0119898972e-03
-5.6135848169e-03
9.9507521299e-03
1.9052587353e-04
-8.1818117565e-03
-9.0576724915e-03
-7.8070173930e-03
2.5489208341e-03
5.8415872873e-03
-1.5568006640e-03
-8.7294458770e-03
-2.3676142699e-03
9.9224276048e-03
5.8228690198e-04
9.4215675523e-03
7.2155940447e-03
-9.7703795611e-03
4.4144363872e-03
3.6342073805e-03
7.3940660818e-04
-4.6634962009e-03
2.8192359716e-03
-7.7689565281e-03
-1.3046949866e-03
-9.2552587342e-04
9.0763185504e-03
7.5170588076e-03
-4.7322189850e-03
1.1722261006e-05
-6.4269623894e-03
8.2525567869e-03
7.4103713967e-03
-4.0311041710e-03
2.7789898973e-03
2.1794042288e-03
-6.9432146290e-03
5.2502160015e-03
7.8758060239e-04
5.5725295726e-03
6.0707344390e-04
-9.9885620774e-03
-3.5168788599e-03
-9.6104651523e-03
8.5819723253e-03
7.5744375565e-03
6.6333105872e-03
-3.8497174919e-03
-8.8414966701e-03
7.5601919841e-03
8.9389889060e-03
-8.2869309586e-03
-2.8019073367e-04
-8.6157496306e-03
5.2120433051e-03
5.3166885861e-03
-7.4321707100e-03
-4.9435243803e-04
9.9607186990e-04
-4.6988674212e-03
7.4486608217e-03
-1.5372411960e-03
-5.7640358912e-03
7.8592177559e-04
4.5986213818e-03
-5.9769787322e-03
-3.7656741740e-03
9.9029871332e-03
2.9975611528e-03
-1.2379983217e-03
3.5151682071e-04
-7.5799160826e-03
-5.5060532594e-03
-3.2382887571e-03
1.7661743691e-03
-5.3977053481e-03
-5.5956523110e-03
-8.5801382798e-03
2.6220591454e-03
-5.4211643238e-03
8.1084002601e-03
7.1927080051e-03
-8.5828530022e-03
-5.2399073126e-03
3.3795555659e-03
-5.7152638526e-03
-7.3537630255e-03
8.7102848116e-03
1.4208618665e-03
-5.4657947376e-04
5.6923884858e-03
6.1499399553e-03
-6.1918017128e-03
-8.0613837154e-03
-1.3789763519e-03
-1.5284275396e-03
-6.5950663927e-04
4.5815169892e-03
3.4672909459e-03
9.6833042273e-03
-8.0316425770e-03
-1.9475743580e-03
-3.2139478921e-03
7.2334507271e-03
-5.0268733216e-03
-6.1958218312e-03
-1.0277290433e-03
-1.5623672033e-03
-4.4290971067e-03
-5.0038710424e-03
8.4653119855e-03
-1.1373850989e-03
7.2269820952e-03
1.0065062490e-03
-8.9882334095e-03
9.9856493683e-03
6.7205517016e-03
9.3799251457e-03
8.5273396602e-03
6.9739146883e-03
-6.6737777879e-03
-2.8717749099e-04
-5.7250540160e-03
-1.9791941490e-03
-8.8272920006e-03
-2.4205376205e-03
9.7061768756e-03
-4.6959388366e-03
5.6814120390e-03
-8.9983265322e-04
-1.5398502802e-03
9.1463528172e-03
9.9084537899e-03
1.1153664681e-03
4.3681655059e-03
-6.9040634945e-03
-4.0658434901e-03
9.3741872994e-03
1.5836058163e-03
8.4390402749e-04
4.9595112076e-03
-8.8566945419e-03
1.6835518892e-03
5.7007658390e-05
7.0543978410e-03
-6.8513454412e-03
9.2155780655e-03
-8.3977706952e-03
-6.2835007804e-03
1.9007021290e-03
3.5042510721e-03
-5.2959221000e-03
-7.6022677211e-03
7.8057462826e-03
-5.0756930442e-03
1.8903830707e-03
2.3876302066e-03
-1.6155016933e-03
1.6734457858e-03
4.5565431064e-04
8.6941251547e-03
-5.9148160115e-03
4.3238360158e-03
-5.2262809477e-03
-2.0842830642e-03
3.4338044592e-03
-4.0000584040e-03
-3.6764560746e-03
5.0372898483e-03
-8.5491377101e-03
-8.3428954763e-04
9.9690888171e-03
9.9219289571e-03
-8.5347855780e-03
-5.7369137547e-03
-4.6959917050e-03
8.6651875599e-03
7.6172834737e-03
7.5854048497e-03
-2.6094582252e-03
-6.8450633529e-03
6.6748990928e-03
4.0707985017e-03
2.2335553145e-03
9.7446612726e-03
3.0795263542e-03
-9.8435378570e-03
6.3420827023e-03
-4.0124249560e-03
3.2677742993e-03
8.7786000785e-03
-7.3141777121e-03
-7.6914265916e-03
-7.8592804458e-03
1.0644728177e-03
-4.5530357537e-03
2.0965965406e-03
4.3522437428e-03
-5.9280537535e-03
2.6847591777e-03
-4.7203219674e-03
-2.2936295701e-04
8.1067298216e-03
6.9220742659e-03
-8.1540306457e-03
-1.5284845487e-03
-4.4663955206e-03
-9.9290862182e-03
5.4223844604e-03
2.7422675460e-03
-4.7608947513e-03
4.8246181670e-03
1.0336084225e-03
-1.4462616204e-03
-9.8066060078e-03
-8.4951227985e-03
7.6621278660e-03
8.0785714312e-03
9.1180578411e-04
6.6919003977e-03
1.6501913298e-03
-7.0381242887e-03
-7.4510896144e-03
-3.8348330014e-03
7.9796297749e-03
5.9224460978e-03
7.2140516400e-03
7.9784927305e-03
-5.7984692332e-03
-5.0094052155e-03
-7.9441275666e-03
5.6023248374e-03
7.6826940290e-03
-1.8724522034e-03
2.4132302030e-03
-6.9089332334e-03
8.5976203139e-03
7.2921139244e-03
9.5241206586e-03
6.2154343988e-03
7.6283240933e-03
-9.5042727620e-03
4.7312894351e-03
-3.3562906411e-03
8.6163177210e-03
6.0447027787e-03
7.2812805675e-03
6.2149863315e-03
-4.6638858081e-03
5.7474901827e-03
-7.8380874719e-03
7.4433356581e-03
7.1718650268e-03
-5.5513256491e-03
6.3317321119e-03
-7.9393530642e-04
-3.8961826532e-03
5.9069099831e-03
-5.4480902518e-03
-9.5267113060e-03
-6.1374042334e-03
-3.4347609760e-03
7.2870588406e-03
9.3377820810e-03
-4.4175001456e-03
2.8296347722e-03
-2.0064323128e-03
9.6229937440e-03
7.2431464957e-04
8.7847428065e-03
-7.6931649630e-03
9.4080122204e-03
-6.4286436766e-03
9.2506863152e-03
-4.6906727495e-03
-7.8319490557e-03
-1.3087248287e-03
4.5709012131e-03
-3.7264537161e-03
2.1241770661e-03
2.2846119339e-04
-2.2960913331e-03
1.5317608699e-03
-4.9055498772e-03
4.1757056767e-03
-9.9661744356e-03
8.5115033100e-03
7.6903994186e-04
4.3885999829e-03
4.8390015568e-03
3.4125700887e-03
-2.7155705644e-03
-8.6005237775e-03
3.2847536982e-03
-3.3959992791e-03
-3.7216870988e-03
6.9603055901e-03
4.3950852603e-03
-3.9935546358e-03
-3.8143067558e-03
-1.8321418276e-03
-1.9519922588e-03
-4.0868959495e-03
-7.4542440188e-03
-1.5910733245e-03
8.8072734146e-03
3.5463589055e-03
8.0561109147e-03
2.3102983190e-03
-3.9810025087e-03
9.5874426271e-04
-9.9918812061e-03
-4.2617256626e-03
-1.4022370002e-03
1.5996956239e-03
3.0941124741e-03
-7.0023619506e-04
-1.1568040139e-03
-5.7259719802e-03
-5.3627628181e-04
8.0236165166e-03
5.9204952025e-03
-6.6061720760e-03
-8.3040892655e-03
3.0904019830e-04
2.6588171153e-03
-3.2962348918e-03
6.3684692907e-03
5.0227627508e-03
3.4559134111e-03
-5.5071866801e-03
-6.0174013455e-03
-9.5114922455e-03
-5.1031491184e-03
-4.9727311562e-04
6.9947538925e-03
-8.5434354163e-03
-1.7111797800e-03
2.5953076148e-03
-6.1112952652e-03
3.9270850098e-03
-1.1245661979e-04
-5.1203112084e-03
3.1211602222e-03
-9.8891036372e-03
5.0192895324e-03
5.4009237715e-03
-7.8682540687e-03
-1.4970761211e-03
-6.4822663659e-03
9.1593208456e-03
3.5915500887e-04
-8.9956322972e-03
-5.0160344068e-03
6.9667269470e-03
-8.7076349060e-04
6.0283320344e-03
3.3515546517e-03
9.7578490613e-03
1.9090463694e-03
9.0007921689e-03
7.8285185162e-03
2.2530464552e-03
4.3854792255e-03
9.5563296488e-05
6.6113833944e-03
9.5743901222e-04
7.9441620647e-03
4.8731088432e-03
-5.0651126354e-04
-4.8161690307e-03
-5.0552052498e-03
2.7532287355e-03
5.3162736859e-03
4.2599625656e-04
2.5349687396e-03
-4.5080510616e-03
-8.4503329227e-03
-4.2854369827e-03
-4.5656978584e-03
-3.6058086316e-03
8.0304445037e-04
-7.2325187697e-03
-5.3747704054e-03
3.8789962460e-03
4.1283828339e-03
-8.7154229857e-03
-1.8480126067e-03
8.5222281008e-04
-1.6845153179e-03
-5.8633122097e-03
-1.5971296445e-03
8.0967695668e-03
1.6815882841e-03
3.9104597300e-03
7.1346406461e-03
5.3118915224e-03
-2.3923794214e-03
-9.8820783283e-03
-2.9648239466e-03
5.0695025012e-03
7.0689590114e-03
9.0686067694e-03
-1.6195743474e-03
4.9503133796e-03
9.2264619468e-04
2.0650517788e-03
-5.5892261135e-03
-5.6115673076e-03
-1.2832804791e-03
-9.4195036011e-03
-3.2774091260e-03
3.5828377006e-03
-1.9136666172e-03
-6.6991053759e-03
-6.5219701535e-04
-7.4474440544e-03
2.4451392195e-03
-9.4606709619e-03
-2.1195948732e-03
1.2878396605e-03
-9.4579590732e-03
2.8549929602e-03
-7.2860102554e-03
-7.6603111897e-04
-8.9943073302e-03
-2.4179227162e-03
-5.7667943158e-03
-3.4630839024e-03
5.2245941579e-03
-2.4174756887e-03
5.0401964711e-03
6.6384857031e-03
-4.9545693644e-03
-8.3618753448e-03
-9.6123342590e-03
7.8838095845e-04
9.9981565702e-03
-3.0007931256e-03
3.0028818650e-03
5.6246609922e-03
3.0350931049e-03
5.0846640812e-03
8.9922346543e-03
-6.0127863527e-03
-9.5923996536e-03
-6.9523530843e-03
-7.4755805025e-03
3.3891768924e-03
1.2793916386e-03
-5.6407091819e-03
3.9892994249e-03
5.3379619671e-03
-6.6442171326e-03
2.1449498778e-03
4.9585130391e-03
-7.7093425724e-03
6.3860234862e-03
9.2944154607e-03
-7.8380250068e-03
-9.4864314901e-03
-3.7608551121e-03
3.5469457370e-03
9.1634567641e-03
-2.0669111697e-03
4.3002941010e-03
-8.4800704431e-03
3.8122883187e-03
2.5448479120e-03
-7.9619738911e-03
5.4496176990e-03
7.0058647818e-03
2.0082322963e-03
-7.5788986987e-03
9.6768870303e-03
5.6527069272e-03
-3.0559246938e-03
-1.4324397353e-03
-2.5885824756e-03
1.1921579354e-04
-3.1753765028e-03
6.9915125400e-03
6.4466183618e-03
-7.8892225871e-03
9.2157513443e-03
2.7117021220e-03
6.5741462200e-03
4.1461728741e-03
-1.2902570998e-03
4.6759060803e-03
9.3094746248e-03
-4.5983520723e-03
6.1639843761e-03
7.6345812897e-04
-3.3004992234e-04
-1.2885101399e-03
4.6205242861e-03
-4.6320892390e-03
7.0342632004e-03
6.6146203778e-03
-8.2667420389e-03
7.6326236801e-03
-5.1227312162e-03
-7.0583066794e-04
2.2066340846e-03
-2.4202139174e-03
-9.4260000446e-03
7.0190567262e-03
-6.3632028568e-03
-5.7576029964e-03
5.9566471366e-03
-3.1932231367e-03
7.6063995952e-03
4.0236750066e-03
-4.4746284849e-03
-9.7969777112e-03
8.9612515555e-03
-8.2877407608e-03
4.4014932821e-03
-2.2844306302e-04
5.1632930696e-03
3.8121867889e-03
2.9180579948e-03
-1.8357329843e-04
5.8586573626e-03
-8.1389329889e-03
-5.5680719905e-03
3.8357431059e-03
-3.8758793974e-03
1.6311117066e-03
-5.3479022481e-04
6.1843862292e-04
-1.4899237459e-03
4.9187087343e-03
-3.3841740561e-03
4.0570988437e-03
-4.5816714605e-03
-4.9719264760e-03
-7.5868823050e-03
-6.1483141310e-03
-7.6089051749e-03
7.1727930767e-04
5.2437921897e-03
-6.2970031512e-03
-5.6723072024e-03
-3.1602825575e-04
4.4917000219e-03
9.5321404577e-03
4.9273738217e-04
-4.3400259345e-03
-7.9894778382e-03
-6.1176484382e-03
-5.4503367303e-03
-6.4111691263e-03
-9.7170326549e-03
6.8270178535e-04
-4.5137734643e-03
9.4858986221e-03
1.0671793360e-03
3.9483478582e-03
-7.4744101408e-03
7.3692239453e-03
-1.8242610952e-04
7.4543947000e-03
1.4812843925e-03
-6.1206110139e-04
-1.1906240373e-03
-6.3127265922e-03
-8.9724656563e-03
8.8212719354e-03
-4.4541625469e-04
6.4423129060e-03
-1.9858511550e-03
-8.5183565949e-03
2.5889141390e-03
-8.9278185141e-03
-7.0160483105e-03
1.2567919417e-03
-3.9232897632e-03
9.8783624542e-03
-7.6309687558e-03
5.2888689065e-03
2.1263530249e-03
5.8148165969e-03
-5.4862572587e-03
4.5145070260e-04
-9.8971070222e-04
-1.1455799196e-03
7.2033333165e-03
9.8006252093e-03
-3.8923951136e-03
2.4205464214e-03
2.1926182449e-03
4.8017861097e-03
8.9518040065e-03
-5.8442418835e-03
-5.7794960939e-03
3.2085627438e-03
-6.8588581324e-03
-6.5237290335e-03
-8.4987026220e-03
-9.9464855479e-03
-9.8992590765e-04
1.8762239024e-03
-4.1748142194e-03
-5.3704753089e-03
4.1391165976e-03
4.0597511619e-03
-9.1937347186e-04
3.7476984014e-03
8.4782208897e-03
5.7565605329e-03
2.5011601433e-03
3.2236608571e-03
8.6733691689e-03
-1.4972206779e-03
8.9124757421e-04
2.9526944680e-03
8.1682289043e-03
6.5326231930e-03
-8.5718032629e-03
-6.6815442156e-03
-3.8477637477e-03
4.9791544414e-03
1.3841409864e-03
-4.2277882339e-03
-7.5129268365e-03
3.7735598242e-03
3.9946736995e-03
8.8535248149e-03
9.4435423585e-06
-1.2409561310e-04
-8.3911629620e-03
-9.2027843163e-03
-1.3594267168e-03
-3.5535683328e-03
-4.9926419518e-03
-8.1734622674e-03
9.2382220439e-03
6.7191722781e-03
1.5039821844e-03
9.0157255561e-03
9.9914483375e-03
3.4456316861e-03
-4.6097794807e-03
-9.1953665371e-03
5.1253766083e-03
-5.8998353497e-04
3.0301897887e-03
8.3214557585e-03
-6.3702170555e-03
1.7065925056e-03
2.6956943891e-03
-1.6548395618e-04
-8.1751518741e-03
-3.0407788741e-03
-3.3338321267e-03
3.4026701904e-03
7.1546618880e-03
-3.4039267284e-03
3.8734734797e-03
-4.2356440928e-03
8.9038707913e-03
6.2713206948e-03
1.0019321794e-03
-9.0348182797e-04
-3.7096568566e-03
-3.5345242745e-03
9.4036945362e-03
-1.9164988600e-03
2.9192504658e-04
9.7623842956e-03
3.1532077297e-03
8.5187188714e-04
-1.7350485840e-03
-6.2483491721e-03
-2.7644128170e-03
5.1288630811e-03
2.5081748429e-03
5.1998107212e-03
-5.9288352330e-03
9.8439278171e-04
8.5534552169e-03
-1.2376780986e-03
3.9650005824e-03
-7.5714783327e-03
9.4629363164e-03
2.1774333416e-03
-5.2140507534e-03
-6.8324367239e-03
1.0167801401e-03
1.0450281811e-03
-8.1358159744e-03
9.8451427879e-03
8.2585975697e-03
-7.7104211642e-04
-7.6506770182e-03
6.6428634754e-03
-3.2489905856e-05
4.3320665198e-03
1.7744030139e-04
-4.5315020657e-03
6.6944789115e-03
9.6048926521e-03
-5.1253818785e-03
1.0253015376e-03
-2.3282797351e-03
8.4373629986e-03
1.6481783186e-04
7.5865251029e-03
7.2805386886e-03
-4.4750519436e-03
5.8001236401e-03
-1.7011515290e-03
8.6849678737e-03
1.5475351619e-04
6.4109894637e-03
-4.3432203343e-03
-4.0288830046e-03
1.7387544483e-03
9.9780466646e-03
-2.0719306689e-04
-7.0280916323e-03
7.7161155408e-04
-3.0975211661e-03
1.0383483414e-03
8.6860125917e-04
-8.9310766267e-04
-3.5644529954e-03
-6.2269525259e-03
3.9499685524e-03
1.4359528397e-03
-5.3287510788e-03
5.5108895020e-03
-9.1270540181e-03
4.8941030313e-03
4.1045576205e-03
6.2281780513e-03
-2.2784249502e-03
3.2737765897e-03
6.4149510342e-03
9.6163627732e-03
-9.3427007672e-05
-9.2596077731e-03
4.5823002659e-05
1.8036085862e-03
7.3940062672e-03
7.4838074811e-03
-1.1938758046e-03
5.1902173615e-04
-8.6143851052e-04
4.4488765514e-03
-1.8004276051e-03
3.0956265286e-03
-6.9127756246e-03
-6.1018798031e-04
9.3840726115e-03
-3.2287753190e-03
3.8540919717e-03
2.9967330516e-03
7.0353058470e-03
7.0468267313e-03
7.1868436834e-03
-2.3998120495e-03
-3.6667769213e-03
4.3743485045e-03
5.1880361867e-03
7.4476603480e-03
-9.2820180032e-03
-8.6315850564e-03
2.6232203371e-03
8.4185819756e-03
9.9485184591e-03
4.9353273348e-03
-1.3205705615e-03
-8.0311374723e-03
2.6749565756e-03
7.4515846521e-03
-1.1264289668e-03
3.8800232559e-03
8.0684812410e-03
-9.0801806265e-03
5.9228693032e-03
-4.1326444807e-03
-2.5031782045e-03
-7.0886040860e-03
6.2332636298e-04
1.3185612383e-03
5.8503894776e-03
-6.6003270186e-03
-8.4206329868e-03
7.4167919729e-03
2.3942073707e-03
-5.1834041629e-03
8.2565803205e-03
-7.1376455974e-03
-7.7700173290e-04
-4.9204532117e-03
-4.8934658368e-03
-9.8120513709e-03
6.0926615395e-03
8.0241884720e-03
3.5522177140e-03
-6.8404875586e-03
-1.1654043279e-03
-3.0886875111e-03
1.7514341025e-03
2.7787740472e-03
-1.5138212308e-03
-4.9980355118e-03
6.9060785029e-03
-6.0156600178e-03
-2.3061350207e-03
-3.3583877882e-04
-5.2558859614e-03
1.4384538470e-03
1.4962386036e-03
9.8538408725e-03
-4.0953849223e-03
9.5588896915e-03
3.1645963186e-03
-4.5103923964e-03
1.3185803391e-03
3.7159898547e-03
4.8933768233e-03
-9.0191149845e-03
2.1281298615e-03
-6.5454269523e-05
8.0831058179e-03
-4.2761169708e-03
5.9772023902e-03
2.1412999633e-03
-2.9535808833e-03
2.7323575601e-03
2.4178232626e-03
3.5552891725e-03
4.4185675334e-03
3.1836308063e-03
6.7667423393e-03
2.5649620737e-03
8.0680740815e-03
2.9268121778e-03
-3.8213423209e-03
-1.1835361967e-03
1.5914761074e-03
4.6471953588e-03
-8.1973324851e-03
-4.0977909674e-03
4.9496172988e-03
-6.4871985911e-03
-7.3568040451e-03
7.8815517969e-04
9.4297916242e-03
6.1704747406e-04
8.2697394896e-03
6.6094523913e-03
-4.8605983087e-03
6.4937962508e-03
-3.6304340253e-04
6.1297698759e-03
4.9311870143e-03
-3.2256949240e-03
-7.6966058510e-03
9.2578658574e-03
-7.1848596999e-03
9.3300041893e-03
7.2028119380e-03
4.4843342415e-03
9.5988448556e-03
9.3453949460e-03
6.0917528804e-03
-2.6844990119e-03
5.8136393718e-03
-9.7216268980e-03
7.3144616538e-04
-9.0427944532e-04
3.4565676375e-03
3.4468159470e-03
1.6912018330e-03
6.4483460245e-03
8.8058378356e-03
-7.8330779560e-03
-5.3235619558e-03
-9.4995070071e-03
7.6846969043e-03
1.2281476450e-03
8.3051181749e-03
-5.5726559985e-03
-8.7356591768e-03
6.4771070278e-03
8.1877527686e-03
-3.9561965094e-03
-1.8340828841e-03
-7.2044597499e-03
8.9252306576e-03
-3.9127083129e-03
-1.4750762044e-04
-8.0561600276e-03
7.7451861706e-03
-7.2867190259e-03
-9.2712486222e-04
3.4097243770e-03
4.8628024305e-03
8.9194817156e-03
-1.6174649317e-03
4.8453802953e-03
-6.9095419518e-03
-1.7023094513e-03
-8.0195673058e-03
-2.1305924421e-04
-1.8376822860e-03
9.0304305076e-03
-9.3456742629e-03
-2.5894008253e-03
-1.1323382788e-03
9.0111033970e-03
7.1090038661e-03
-8.0129075079e-03
3.7136053096e-03
8.8931722964e-04
9.5568505890e-03
-2.8265231758e-03
-2.0372071451e-03
-6.2038287568e-03
-7.5568056183e-03
6.9606637693e-03
-9.0565262859e-04
3.2553747612e-03
2.8340893447e-03
1.9429191904e-03
-9.5728509053e-03
5.7358918091e-03
-5.1286220567e-03
-7.4815222938e-03
1.2915595182e-03
-8.6277969435e-03
5.3031475178e-03
-5.8568525931e-03
-5.6809729616e-03
7.3939085354e-03
-3.4288089314e-03
-7.0489164012e-03
8.0106207126e-03
-9.9432889704e-03
7.1681225276e-03
-7.1062403936e-03
-7.4001573711e-03
-4.9869160654e-03
-6.5100575820e-03
3.2211528519e-03
-9.4843970043e-03
-9.7027934554e-03
5.7996932847e-03
-5.2413678782e-03
-3.5245707608e-03
-6.5150759719e-03
-8.9520196428e-03
4.8343611391e-03
5.2171053196e-04
4.9133055007e-03
-4.7508069153e-04
5.5603407863e-03
2.6475915218e-04
-7.8189197999e-03
7.6773795716e-05
8.9083128594e-03
-9.1326992620e-03
5.6645399196e-03
7.3396181552e-03
4.2902429426e-04
-8.3914955805e-04
9.2805236624e-03
-8.7834918501e-03
-4.2036178003e-04
-1.9676549097e-03
3.7219499212e-03
-1.9462291712e-04
8.1940165823e-03
-8.5301856847e-03
-8.3841904518e-03
2.1659484727e-03
-8.6863553336e-03
-4.4996800088e-03
2.6615344860e-03
9.6712868097e-04
-3.4962911336e-03
9.8925551172e-03
6.1113674863e-04
-9.2569164849e-04
2.1085358307e-03
-8.0164307664e-03
4.0355883709e-03
7.0558547459e-03
3.0183332976e-03
5.3792546021e-03
4.4167983332e-03
-5.6995386735e-03
-9.6890168069e-04
-5.4301285127e-03
-3.2213676233e-03
-9.3002194185e-04
-1.6802069948e-03
-8.0982832145e-03
-1.4647198748e-03
3.3021572612e-03
-2.5139795313e-03
-6.9472215046e-03
8.4597007147e-03
-8.6573338373e-03
6.6354377695e-03
-8.1353979659e-03
-8.0687113487e-03
4.7759199698e-03
6.2353857055e-03
1.1274147123e-03
1.7293016548e-03
1.2317282798e-03
-3.4070803717e-03
-7.5553742929e-03
-2.9280384073e-03
3.3068104001e-03
5.0056850050e-03
7.3618429774e-03
4.4212135749e-03
9.3679725062e-03
2.0082018245e-03
-2.9670762861e-03
1.5583703678e-03
-5.7452238866e-03
3.1347260598e-03
-5.5151026178e-03
-7.8356323615e-03
6.9074683720e-03
-2.6487789877e-03
5.2521126387e-03
1.4820000866e-03
6.1444274230e-03
6.9031032266e-03
9.4909320425e-03
6.3685371908e-03
2.2714656107e-03
2.8539832766e-03
-9.4749233709e-03
8.5816858199e-03
6.5892157992e-03
-4.6510454969e-03
-6.3916785608e-03
4.0539754573e-03
-3.8203062234e-03
-3.2035068645e-03
-9.8778842119e-03
7.3972541307e-03
1.3264218952e-03
-1.9843131200e-03
-7.1625069170e-03
2.6634402531e-03
-9.3868580324e-03
4.9222352401e-03
-5.6973423993e-03
-1.6033501247e-03
-3.1820803646e-03
-2.5989381505e-03
4.4319193549e-03
5.5367123993e-03
1.3518711323e-03
-8.3008592005e-03
-8.9478234715e-03
-6.8518020579e-03
2.3567636385e-03
3.4793742123e-03
-4.5579431291e-03
3.2387738562e-03
-2.8676590218e-04
-1.1591162660e-03
-4.5366631127e-03
5.0988628734e-03
-7.7236498378e-03
-1.4017273320e-03
-4.3350705984e-03
3.5697250952e-03
-2.6734493271e-04
3.3426511747e-03
-9.0916527479e-03
-2.0947320782e-03
1.9864991389e-03
-9.8462582820e-03
-3.9716127596e-03
-5.7753204156e-03
-7.2553038949e-03
-4.8896099196e-03
-3.4375528812e-03
-9.8454018686e-03
4.9402824686e-03
-6.4861039625e-03
-2.3958510857e-03
4.0734252677e-03
5.2469311243e-06
6.6670840484e-03
6.1240037313e-03
-8.5584900682e-03
7.2352872405e-03
-9.1539547687e-03
-9.6251692683e-03
8.4232486900e-03
7.2422002722e-03
1.5151832147e-03
1.4679936177e-03
4.1899792314e-03
-1.6461208031e-03
-7.6965325467e-03
-9.5828688195e-03
-3.5046364111e-03
6.0264430862e-03
2.3625052661e-03
6.6405182614e-03
8.3953950348e-03
-8.2374023740e-03
6.8896871963e-03
-5.1336705035e-03
1.7774257661e-03
4.7925086001e-04
-2.0846660628e-03
-3.7945087633e-03
-3.2097343770e-03
-3.3386275501e-03
-6.6373458391e-03
2.0966569084e-04
-7.7194672032e-03
1.9904124646e-04
8.1184546316e-03
-3.0124946906e-03
4.5475821135e-03
6.3789720305e-03
6.3007401150e-03
-5.2746230211e-03
-7.0711156344e-03
-6.0545639435e-03
2.0479797055e-03
5.2043059109e-03
3.1101802104e-03
-6.4570774211e-03
5.4569617850e-03
-1.1765949965e-04
5.0889165049e-03
5.1975429922e-03
-1.0218948601e-03
8.4830851677e-03
1.2898356681e-03
2.7059663812e-03
2.4904355888e-03
7.2849374966e-03
2.5443481380e-03
-6.9808519721e-03
-8.6342748301e-03
-1.1558387233e-03
-3.9435912972e-03
-4.5065266503e-03
-8.8765575957e-03
1.4673770580e-04
-3.7918429879e-03
-9.6172272599e-04
-8.8621989833e-03
6.6339326333e-03
-8.4653799765e-03
7.2850006785e-03
7.1058674291e-03
2.3001677683e-03
1.4135634668e-04
-7.4576682145e-04
1.0863274268e-03
5.8363559453e-03
7.9175353111e-03
-1.0053259270e-03
6.1963183540e-03
3.0367490930e-03
-3.5694647424e-03
-4.8741944114e-04
-6.9827784661e-03
-8.7625259980e-03
-7.9299624546e-03
7.9825366791e-03
-3.1312444832e-03
4.2863109833e-03
9.0980030019e-05
-6.5488217713e-03
-5.0451255280e-03
-1.2448345138e-03
-1.2115641647e-03
4.5496070531e-04
-6.8250758404e-03
-2.5429603580e-03
-4.3421284277e-03
-1.8246120551e-03
-3.2326570632e-03
1.9577172477e-03
5.7845386313e-03
2.9461071394e-03
-8.6817629144e-03
-8.1098810497e-03
3.5675868968e-03
-4.3170605224e-03
4.4746731000e-03
3.1312817282e-03
8.1268539433e-03
7.4655932412e-03
-3.3327592788e-03
1.6547902917e-03
-7.1714323883e-03
-3.0035842493e-03
9.3539301539e-03
3.9695992562e-03
-2.1608403133e-03
1.9008245630e-03
8.7600439913e-03
-3.8083622517e-03
-2.4664138789e-03
5.8332391573e-03
6.2636956763e-03
3.4023279999e-03
6.5791794579e-03
4.7754934426e-03
3.7082888056e-03
5.2786679468e-04
2.9204964147e-03
-1.5318726736e-03
-2.7634380731e-03
-2.7480466204e-03
-6.3947415425e-03
-5.7161467758e-03
8.9533653507e-03
-2.7458158255e-04
-5.4691390693e-03
-7.2486929365e-03
-8.4566983140e-03
6.8885677737e-03
-7.9771847266e-03
5.4174944073e-03
6.7023965327e-03
7.6736433099e-03
-9.2450501528e-03
-3.2647125607e-03
5.3261520889e-03
-7.3790191714e-03
-2.4656025835e-03
-6.7550557582e-03
6.6269011338e-03
5.4219562746e-03
6.1808743928e-03
-6.6892166851e-03
-1.2465318972e-03
-1.7828277701e-03
3.5272584438e-03
-5.2493959711e-03
-1.1160258039e-03
-4.3014413487e-03
4.9707303619e-03
-1.0214407393e-03
6.8022299397e-04
-3.8106420687e-03
6.1724774218e-03
-6.1968789935e-04
6.7022678545e-03
-2.6431808355e-03
8.9426034049e-03
9.6887958706e-03
-7.6640043118e-04
-4.3645653459e-03
-2.3625513162e-03
5.4919576923e-04
9.3253630641e-03
6.3378247916e-03
6.0251844830e-03
-7.2320293079e-03
-4.9999357682e-03
2.8235807241e-03
7.4823389010e-03
1.0908149085e-03
-7.9482053650e-03
6.9178455347e-03
7.0233209617e-03
-4.2987397188e-03
5.2623366058e-03
-4.5441740082e-03
8.1061241796e-03
-7.0530268802e-03
-1.2505487961e-03
8.9282652602e-03
-5.5592398619e-03
-9.7744019559e-04
-3.0082984372e-03
-9.4665961839e-03
-8.9348622566e-03
4.0142293865e-05
-5.2844385227e-03
9.8905070248e-03
-2.5017465316e-03
-9.4362490894e-03
8.6165180950e-03
6.7835257522e-03
2.9992136859e-03
5.8276127496e-03
-7.2480082455e-03
-4.2624120537e-03
6.5952316631e-03
3.9214397715e-03
-7.2241461636e-03
4.1107235058e-03
-1.0279705204e-03
-9.8949760339e-03
-8.4154845746e-03
-4.8815214313e-03
6.6992619856e-03
9.7608490888e-04
4.5446957065e-03
5.5543011773e-04
-7.7762627935e-03
-4.2379684392e-03
-3.9769761083e-03
-9.0450110676e-03
-1.6034891249e-03
5.8779821728e-03
-8.5772766727e-04
-7.7828420942e-03
8.1029377132e-03
1.9347808564e-03
-9.6712929559e-03
3.0751460419e-04
-5.1612373116e-03
-7.1284631951e-03
-1.4152221379e-03
2.2961916555e-03
-5.1887152239e-03
-1.6686480958e-03
3.2874260348e-03
-8.2877209003e-03
9.4930898190e-03
-8.6464135418e-03
5.2118890644e-04
1.4655393160e-04
9.7666297119e-03
1.0830390484e-03
-2.1909253488e-03
-5.9729843683e-04
2.7134158294e-03
9.6207884510e-03
-4.9269947786e-03
-9.6751553778e-03
5.7704003256e-03
-3.1039501367e-03
4.6588204290e-03
2.5651392495e-03
5.4300274822e-03
4.7037396962e-03
-3.3496278326e-03
-9.1132862341e-03
9.2027490415e-04
6.2701773111e-03
-6.4982174590e-03
5.5828518696e-03
-7.0754200506e-04
3.9077850399e-03
2.6347169552e-03
6.2299536370e-03
-8.7379892594e-03
5.5238079941e-03
-8.4640845105e-04
-4.1311485765e-03
-9.1238744868e-03
-6.0106033257e-03
-9.1618811614e-03
8.6674195990e-03
3.0767178509e-04
9.7824540459e-03
8.6061395308e-04
-4.9337246959e-03
5.0658183764e-03
-6.1779313853e-03
-2.8605164793e-03
5.6168313396e-03
7.3159655416e-03
-3.3615062724e-03
-7.5104998351e-03
-2.6396165137e-03
7.7897303402e-03
4.8661541104e-03
7.8927498991e-03
-2.2671046348e-03
9.4744716863e-03
-7.5935469260e-05
-4.9532150127e-05
8.4862093325e-03
3.8551707070e-04
6.0229617480e-03
4.5416264869e-03
-8.4214598789e-03
2.0490659766e-03
6.4468255908e-03
9.0948794689e-04
-3.5757714357e-03
-8.3986217785e-03
3.2183844292e-03
-3.8700828782e-03
2.0524325546e-03
-1.4776785423e-03
3.7952961689e-03
-2.9690603246e-03
-9.1528967430e-03
7.4007435011e-03
-2.9488137938e-03
9.9630119555e-03
-4.5088927985e-03
9.6005455839e-03
8.9580875721e-03
-8.4991767002e-03
2.7502507577e-03
-2.7337773870e-03
6.0219195112e-03
3.5882121563e-03
9.0557879256e-03
-7.1444106327e-03
2.1514580664e-03
5.6262393949e-03
-9.3040206840e-03
-8.6553327388e-03
5.5703074701e-03
-2.6734305379e-03
-2.3429119662e-03
1.3448928345e-03
2.1018965771e-03
3.5812411383e-03
8.9764705853e-03
-2.5597324306e-03
5.2616894360e-03
1.4784355667e-03
5.8919763073e-04
-2.0393190810e-03
2.9912147341e-03
-5.0077669381e-03
-7.7310277483e-03
4.7134971896e-03
-1.9120794871e-05
-2.2602523992e-03
1.2334542152e-03
-4.7644664683e-03
-4.7942045772e-03
-1.0745377519e-03
9.9273022431e-03
-4.2884624460e-03
8.3295781908e-03
-1.7599609492e-04
-7.5472515619e-03
7.0565258077e-03
-9.5914629509e-04
7.9735806157e-03
-1.0977761452e-03
-8.2441851779e-03
3.6385852050e-03
6.9104243795e-03
-3.6082445580e-03
-3.0514941052e-03
-8.7012184337e-03
8.4342722451e-04
7.8266336471e-03
7.0272410151e-03
4.2361820801e-03
8.5464891345e-03
2.7540004513e-03
5.8739276769e-03
1.7511490349e-04
-7.5727508984e-03
-5.9803925764e-03
-7.2224625592e-03
5.8074612162e-03
-9.4743194638e-03
1.0804287452e-03
-2.6217766900e-03
6.0732345258e-03
1.0329386785e-03
2.2389672524e-03
-8.2756903670e-03
-3.8141856494e-03
9.9919008787e-03
4.3773931978e-03
5.1391309661e-04
5.3832910075e-03
6.4667879902e-03
-8.5249857418e-03
9.4475946303e-03
2.8467717877e-03
-1.0005100867e-03
3.6021798130e-03
-3.1097043859e-03
7.5592030330e-03
5.6052585768e-03
2.7958785873e-03
-6.3607372690e-03
9.3252922787e-03
-1.3476342704e-03
8.2142454189e-03
-8.8917429996e-03
-7.5167775872e-03
-6.9396906638e-03
-6.7068584022e-03
-3.5467849769e-03
4.1866426506e-03
-3.0795383532e-03
8.8180810986e-03
7.8985183364e-03
6.9186741231e-03
-4.9878938204e-03
2.7011418278e-03
1.0168283097e-03
-7.4965940975e-03
-3.9435078778e-03
6.6956059537e-04
5.1462894825e-05
-6.6272819650e-03
8.8321397574e-03
-6.9161146624e-03
3.1746574677e-03
4.4126553687e-03
2.1027781572e-03
6.8506000823e-03
1.2723606886e-03
6.5047253465e-03
-9.4325302420e-03
-9.0907639342e-03
2.8290746765e-03
1.5354246295e-03
3.0225995497e-03
5.3391800183e-03
-1.6682643267e-03
2.7798238442e-03
-3.9238797278e-05
2.5432802060e-03
-4.2065668640e-03
9.1330033991e-03
-3.4110363649e-04
6.0937630843e-03
3.6998168239e-03
-4.0513225714e-03
-8.5405394899e-03
-8.8017393413e-03
-1.2078900016e-03
-3.1497739785e-04
-5.9195397287e-03
2.1332052564e-03
-3.7483500151e-03
4.3672577022e-03
4.6839950961e-03
7.2155473151e-03
9.5074825583e-03
-7.3846769690e-03
-2.5891960390e-03
1.2330243150e-03
-3.6176822719e-03
-6.7054865919e-04
-4.6505665109e-03
-5.0416223495e-03
-8.0637669488e-03
-4.1957599006e-03
-2.3170033300e-03
2.3075488833e-03
-5.0345943924e-03
7.3061500344e-03
-6.8060067574e-03
-3.4512835840e-03
1.5537407579e-03
-3.7457015828e-03
5.2624275028e-03
-3.4689158802e-05
2.9449678463e-04
-2.4805832047e-05
-3.8291903589e-03
-9.5364740357e-03
8.9046560814e-03
1.0888926048e-04
9.3337326110e-03
-5.6971115495e-03
-2.9420982229e-03
-8.9891919074e-03
-1.0211592950e-04
7.6467895274e-03
3.0852007378e-03
-5.8826293264e-04
7.3381498578e-04
6.9434473079e-03
-1.3814446130e-03
7.6491146184e-03
4.5501612672e-03
5.2771352832e-03
-2.6812529496e-03
-1.9883675797e-03
1.4056328776e-03
-6.1068939622e-03
1.0644585324e-03
-8.5293650051e-03
8.5110582464e-05
5.2880822941e-03
-4.4055864475e-03
9.7818140124e-03
3.6079728024e-03
-7.6237796055e-03
9.5016563083e-03
-2.1219257454e-03
5.8979445676e-03
-3.2182940009e-03
8.7789713391e-03
5.0993034459e-03
-6.0188423690e-03
1.8245032450e-04
1.5580714129e-06
-9.0939329507e-03
-7.2592725286e-03
-3.3391858929e-03
-5.2511699210e-04
-8.6022881434e-04
2.1252104481e-03
3.1011464295e-04
-3.4406830473e-03
2.2613624213e-03
-6.7499590825e-03
9.8123147512e-03
4.7863872115e-03
-4.0153131494e-03
-3.2725309570e-03
6.5657877191e-03
6.4679659752e-04
4.1747961287e-03
-4.0041887053e-03
6.3149766649e-03
-2.6328438027e-03
3.4761278495e-03
9.5979606236e-03
1.6740428370e-03
5.9350962786e-03
4.5064842510e-03
3.7608730241e-03
-9.4670569007e-03
-5.0819571830e-04
9.3414139234e-03
5.6580798286e-03
5.5232405034e-03
1.5526879173e-03
4.4280022459e-03
1.6704655410e-03
-6.5897587651e-03
2.5805048229e-03
2.3947161100e-03
6.8233424992e-03
-7.0444858340e-03
3.6145379010e-03
-9.3685897332e-03
8.9641034157e-03
-7.8020895733e-03
-9.6212526499e-03
-3.7261503311e-03
-6.9713748376e-03
3.8100052184e-03
-1.7924518135e-03
5.4994460361e-03
8.4104189979e-03
7.4563541782e-03
4.7167454254e-03
-8.7543742797e-03
-7.2383502843e-03
-5.8531659006e-03
-3.4990093115e-03
3.2445359943e-03
5.0954302800e-04
-3.7249480252e-03
-6.5363515229e-03
8.2424832185e-03
-3.1534596464e-03
-2.9142602271e-03
5.4397956830e-03
4.4184912265e-03
2.8661820000e-03
3.8662662006e-03
2.2015316016e-03
-6.1547166173e-03
-5.0696172895e-03
1.1617330161e-03
-5.5026592401e-03
9.4582125518e-03
-4.0477086945e-03
-4.2199172519e-03
-5.8544441029e-03
4.0997651948e-03
-3.6591850996e-03
-3.0239365160e-03
8.6740074954e-03
5.9081071200e-03
-4.5308492649e-03
-7.5625178853e-03
3.5324449157e-03
-2.4061162925e-03
9.6032107464e-03
6.3675492026e-03
9.0921772678e-03
6.0923166791e-03
-4.1909469601e-03
-4.2473931677e-03
4.2828257500e-03
-3.0727297181e-03
-1.1524777627e-03
-4.8711204905e-03
-4.1841473967e-04
-5.9586398560e-03
7.7155847417e-04
8.6604786757e-03
3.9234260129e-03
-7.2545409040e-03
2.3135406883e-03
1.7366099714e-03
-5.1508392318e-03
3.3966792979e-03
6.2082979466e-04
2.7588914682e-03
-8.9501778632e-03
-1.7339726790e-03
4.3471611250e-03
-7.9891019045e-03
5.4153211620e-03
-9.8963710719e-03
1.0070513156e-03
8.5819936034e-03
-1.8618509691e-03
8.7006419719e-03
7.5679924303e-03
-4.5102959118e-04
-6.0108805066e-03
9.2782807778e-03
-3.5766459576e-03
2.9179583578e-03
8.1587391747e-03
-8.2107855898e-03
1.4826670635e-03
7.0304553787e-04
4.4623535648e-03
8.7333875950e-03
8.2645945134e-03
-6.4987044904e-03
7.6448994633e-03
-6.4842258492e-03
8.3926962370e-03
9.9434360618e-03
-2.0601085144e-03
-9.2322053565e-05
8.7321748956e-03
9.2426276017e-03
8.5207939579e-03
7.5348633584e-03
-9.8146566304e-03
1.3592373733e-03
-7.8539861845e-03
9.6598777674e-03
-4.3087669530e-03
9.7819894018e-03
8.6600967114e-04
-1.2175159316e-04
8.7712100348e-03
7.0211947716e-03
-6.3958461987e-04
-6.1437720345e-03
-7.7470647796e-03
-6.7501147492e-03
-8.2171057935e-04
-4.8547023954e-03
-6.2760186174e-03
4.7323579098e-03
5.8153532885e-03
1.3556244484e-03
5.1456550052e-03
-6.4901017232e-03
7.1229300855e-03
7.9408552357e-03
6.5397965055e-03
3.0561317920e-04
-8.2652446030e-03
3.3851170682e-03
-6.3043759791e-03
-7.1877624873e-03
-3.5279665983e-03
-5.0390583267e-03
-4.7842944587e-03
-5.2895749440e-03
5.0751330356e-03
9.0806964531e-03
-3.9610832062e-03
4.4576505680e-03
-9.7712853161e-03
3.0736673414e-03
3.8553718085e-03
-8.7575133640e-03
-7.6355030439e-03
-3.8638731599e-03
-1.8916677406e-03
5.0409424768e-05
7.9023673963e-03
4.0711407020e-03
-3.7804410323e-03
-7.6516850831e-03
8.3226077170e-03
-4.0992479969e-03
2.2925089629e-03
-5.6174279813e-03
-7.3286243561e-03
-6.9362887062e-03
4.9546967430e-03
2.1147789618e-03
-1.6830876914e-03
9.8469017637e-04
-5.8343846241e-04
7.5035375386e-04
3.2818887868e-03
-5.6317675469e-03
-5.0506914138e-03
5.0947909945e-03
7.4627011698e-03
-8.3625938705e-03
-1.0650404501e-03
4.0753225031e-03
-8.4379455571e-03
1.2833744455e-03
-8.7648390489e-03
9.5298497422e-04
1.0974112185e-04
1.4540334846e-03
-7.0029523724e-03
-3.4376472452e-03
4.0683082370e-04
-7.6751995563e-03
-5.8919702892e-03
1.6629535688e-03
-8.1811671110e-03
2.0750708066e-04
6.1738416635e-03
-9.3135399640e-04
2.6495686403e-04
-8.6403048576e-04
-8.8452643813e-03
-7.5243388522e-04
6.1383070511e-03
4.4656015965e-03
-2.0810258009e-03
6.3290645187e-03
4.9160896566e-03
1.5662253012e-03
-9.0942039454e-03
-3.1094226688e-03
-8.7248017578e-03
9.8824732095e-03
8.6916559777e-03
-8.6196170768e-03
8.6755112517e-03
-9.3653025795e-03
-1.8226612836e-03
5.3794412517e-03
5.3165536585e-03
9.5666656985e-03
2.9176163619e-03
-1.5927612224e-03
9.8571319716e-03
-2.3504076230e-03
7.3924057062e-03
8.1353462305e-03
-2.4870893240e-03
3.6546070820e-03
3.2358507625e-03
7.8600527838e-04
3.0706819684e-03
-3.0446022572e-03
-6.4305274199e-03
7.4516972796e-04
5.7685079088e-04
4.5571628181e-03
-5.5461956807e-03
-9.9305341011e-03
-9.5452934536e-03
-4.0327402259e-03
3.4699971555e-03
8.8890678050e-04
6.3867216994e-04
6.4672087475e-03
-5.0497592299e-03
-3.0768053002e-03
-4.4870054441e-03
8.7482072227e-03
4.5004789182e-03
-7.7431072247e-03
6.1895636708e-03
-1.6151880302e-03
5.3210693503e-03
7.6751324369e-03
-9.6870840727e-03
-5.8783675630e-03
-7.9820657381e-03
-9.3284744849e-03
1.9556979346e-03
4.0657253373e-03
-9.0264735751e-03
4.8108215696e-03
-1.9546929838e-03
-5.3132144302e-03
-5.6546157964e-03
7.2746048534e-03
-8.8711192995e-03
7.7916978819e-05
-4.2147309729e-03
6.3157251353e-03
4.6303496623e-03
-3.6219260726e-03
1.9583534855e-03
3.4506380287e-03
-3.5866976921e-03
-3.9647112971e-03
-7.1347913167e-03
3.2042484762e-03
-5.5791451911e-03
-3.9899809249e-03
-8.7808472579e-03
8.9704051005e-03
7.5942778193e-03
8.2315533124e-03
2.5198627530e-03
-1.4559883541e-03
-8.7584250140e-05
9.4458047069e-03
8.8317281966e-03
3.4268504949e-03
5.7160919196e-03
-3.6253108537e-03
-1.6735073316e-03
-7.0156478435e-03
-2.4707962299e-03
5.0883219448e-03
-5.2962359176e-04
6.9868186452e-03
-3.9852716241e-03
4.1515359498e-03
6.1155231987e-03
8.2948234763e-03
1.2477189917e-03
9.3557237709e-03
1.1457351640e-03
-7.3181449788e-03
-5.1428296782e-03
-5.9332653388e-03
2.9341170310e-03
8.4445220902e-03
6.9426677184e-03
-8.1507200695e-03
4.4916942461e-03
-6.1903676314e-03
-4.6307682429e-03
3.4734384127e-03
2.0584408998e-03
7.4724091698e-03
-6.2367341213e-03
5.2339283507e-03
4.4861047970e-03
1.1770095255e-03
-4.1211587058e-04
7.3894770305e-03
-3.3407137836e-03
9.1403952105e-03
-9.6933258754e-03
8.7431952640e-03
9.2415511223e-03
-7.6536760111e-03
9.9914401404e-03
-4.2158247315e-04
-5.1481363631e-03
2.0880306816e-03
-5.9097371404e-03
8.3025291919e-03
1.0415858510e-03
5.5102776413e-03
-2.3867651125e-03
6.7300254833e-04
-2.8148088890e-03
-4.7687674523e-03
2.5633080048e-04
-5.4454137980e-05
-8.0278353687e-03
9.6263691369e-03
-6.1019155955e-04
6.7946236313e-03
8.2866099779e-03
-2.5859015714e-03
-1.7213965884e-03
1.2504945493e-03
-5.5745180337e-03
-7.0815457379e-03
-4.7845178018e-03
8.6951650059e-03
1.5828585207e-03
-1.6484385289e-03
-6.9517717963e-03
-3.4026942804e-03
-2.4032045052e-03
6.6672543057e-03
-1.3970352614e-05
3.0921593224e-03
3.6969322469e-03
-4.8534648473e-03
6.4318387938e-03
9.3301653450e-03
2.8338890880e-03
-1.8808834838e-04
-6.6353270810e-03
5.8995102871e-03
-6.6146857828e-03
4.4062706152e-03
-2.3367357492e-04
8.3379877939e-03
8.4273710703e-05
2.8361892636e-04
-8.8253589684e-04
-9.3235248567e-04
6.9339476637e-04
8.9037622240e-04
3.3643108679e-04
5.2867768714e-04
-1.7521555517e-04
6.8508943365e-04
-5.3713321585e-04
4.1433912741e-04
-9.8171707662e-04
1.1465839386e-05
-2.5359861463e-04
2.3567047175e-04
3.3350945911e-04
2.3303872217e-04
-3.3591692756e-05
-2.4291231994e-05
-9.8677528602e-04
1.0328712182e-04
-9.7629806374e-04
5.8835293683e-05
-4.5051852560e-04
9.5495869647e-04
-9.6571480480e-04
6.2631444183e-04
3.4806590424e-04
6.1233539789e-04
8.1954673200e-04
-7.8596714261e-04
-8.0737221950e-04
-7.0220502852e-04
-6.1613588602e-04
5.2911970800e-05
6.3042878143e-04
-4.6535052665e-04
-2.0620715500e-04
-2.5389683307e-04
-1.8794518025e-04
1.3000436490e-04
9.8046606328e-04
-5.4828549475e-04
3.6808325094e-04
6.9573420406e-04
3.0747143912e-04
7.1643831804e-04
5.1917170035e-04
-8.1299898915e-04
-2.4147195552e-04
1.0540287906e-04
-8.8777012174e-04
-9.8109965469e-04
-6.5723284956e-04
-2.8321377442e-07
-1.3218069606e-04
5.6875262158e-04
1.3171325590e-04
7.1592062673e-04
-8.0927632906e-04
5.6318371283e-05
-9.1489648477e-04
-5.7716588823e-04
7.3623378116e-04
7.7510861407e-04
-4.8999424709e-05
-9.0687605852e-04
-8.5130388015e-04
8.5116962016e-04
7.9862330173e-04
1.2701972810e-04
-9.3419643969e-04
8.5753272251e-04
-3.7103061355e-04
9.2293837975e-04
1.7407220817e-04
5.0450893969e-04
4.2542279990e-04
-2.0340795921e-04
-8.4612501712e-04
-6.7509949857e-04
-5.1905561139e-04
6.6930112018e-04
-2.2168678527e-04
7.9305153401e-04
-3.3654032076e-04
5.1121852904e-04
-7.2009881153e-04
9.7695591583e-04
4.4832714019e-04
1.5857032755e-06
9.4864665487e-04
-8.9260713611e-04
-1.2582349431e-04
6.7734931523e-04
-3.1881450705e-04
5.3801130673e-04
9.0971679383e-04
-2.0659390138e-04
5.4710983226e-03
-9.4074868211e-03
-4.5334594274e-03
9.8517175690e-03
-1.8793087778e-04
-2.8837760459e-03
8.8228568994e-03
-1.3630410752e-03
3.5938971618e-03
3.2134381503e-03
-8.2861176473e-03
2.3723178052e-03
5.9611034761e-03
4.2621706536e-03
-8.3592398065e-03
-6.9155807227e-03
4.2335430956e-03
2.6780176393e-03
4.7931057795e-03
-3.6664354264e-03
-7.8689816458e-03
-9.8960955526e-03
-3.8346508973e-03
-2.8016500531e-03
-4.6046711352e-03
-7.3498599101e-03
-6.2521643294e-03
-1.0231264596e-03
1.0948000122e-03
-1.8391164983e-03
-9.4747619197e-03
-2.9217142531e-03
-8.1387147908e-03
1.9608759559e-03
-3.5113933886e-03
-2.2952416521e-03
-4.1630529741e-03
-2.2440088124e-03
-8.3060096614e-03
8.0227208971e-03
8.1041514863e-03
9.5634612803e-03
1.4392086150e-03
-6.6083415322e-03
-2.3853595302e-03
-7.2231988208e-03
-3.9773746925e-03
-1.3752115578e-04
-8.7346569945e-03
-1.3064746147e-03
-1.5779532045e-03
-3.1537372132e-04
-8.4615727721e-03
-4.9660052442e-03
-5.0681986331e-03
2.5006737554e-03
1.8761279608e-03
-6.0890355024e-03
-7.8605526484e-03
-3.9068400850e-03
8.9764692479e-03
-3.3556556938e-03
2.4038437575e-03
6.0815292391e-03
-3.4091656744e-03
-3.3052755251e-03
6.3095094001e-03
7.1901693420e-03
9.4845075301e-03
-7.2775105684e-03
-3.5866968925e-03
8.9455784403e-03
-5.9829702260e-03
-3.7163343761e-03
9.2914924619e-03
9.3745044349e-03
-4.1710369684e-03
3.8991553534e-03
-1.7985374216e-04
1.5175856325e-03
-5.1515140644e-03
-2.4788939535e-03
6.3298903087e-03
-2.1412974052e-03
-7.7222435278e-03
1.2770101726e-03
1.8445406850e-03
9.1258170902e-04
3.6342526626e-03
1.0019831399e-03
9.0600922297e-03
-7.6755554334e-04
4.1673410251e-03
-1.2309009138e-03
-4.1733758403e-03
3.8567055865e-03
6.3793113601e-03
5.9131367199e-03
-1.8171681951e-03
-1.3935694221e-05
2.6667207931e-03
-5.1595766466e-03
3.1732593706e-03
4.3047278260e-03
5.7815352644e-03
-8.5206972884e-03
9.8140122887e-03
-4.1530600455e-04
-1.9838980534e-03
1.3225286059e-04
8.4078436896e-03
3.8341773180e-03
8.7290406775e-04
5.8144183410e-03
-2.8094101397e-03
7.9100303072e-03
7.3811972049e-04
2.7636073402e-03
-8.3003613190e-03
5.3790809584e-03
3.1520328916e-03
-2.8998236110e-03
2.9399969597e-03
-9.1140661294e-03
9.6721641190e-03
3.5494379173e-03
-2.0076450755e-03
5.0536555546e-03
9.3143355543e-03
-1.3908891222e-03
-9.7890445443e-03
-4.8252325919e-03
2.1352481050e-04
3.7595533699e-04
1.6103659105e-03
1.5047079654e-03
-1.0844289699e-03
-2.1773166264e-03
5.4468446492e-03
1.7717991308e-03
9.3156323947e-06
-3.1006522480e-03
-9.5087469395e-03
-7.9090128399e-03
-1.6804914295e-03
9.2345573136e-03
-7.6786132408e-03
8.8135231629e-03
-7.1664964634e-03
-3.7621931220e-03
-8.9334729548e-04
-5.8626534758e-03
-3.4148002441e-04
-4.7674937582e-04
-1.2366812345e-03
3.9352653105e-03
-3.6218105156e-03
-3.9947183364e-03
6.2037187384e-03
-7.6982946660e-03
6.9836001609e-03
2.9593983456e-03
3.5427866578e-03
-6.7129181430e-03
9.6780094118e-03
-5.1217410690e-03
-6.5109353435e-03
-6.7972857757e-03
1.1969790498e-03
9.1692524347e-03
-5.3628890518e-03
-1.8990512744e-03
-6.3109644970e-03
2.8095775332e-03
-1.3573109514e-03
-9.4161545132e-03
2.2821387474e-03
-6.0535112844e-03
1.8440631672e-03
-2.2232843929e-03
4.0947123192e-03
-5.8843104127e-03
5.0465099072e-03
6.1745957726e-03
-8.7487249706e-03
-7.9649590255e-03
7.4395866002e-03
-6.2608032874e-03
-3.4803017680e-03
-8.4899155588e-04
-4.7529320910e-03
7.2527309491e-03
5.5430039256e-04
2.7821717133e-03
1.9394165857e-03
2.2261684228e-03
1.7400942913e-03
-3.0415072513e-03
6.9103560534e-03
2.3472535867e-03
6.2747650852e-03
4.1197672189e-03
-4.0511033060e-03
2.2896903143e-03
-8.3049606275e-03
-7.3210446070e-03
-7.6427669468e-03
-3.8923999493e-03
-6.3391096334e-03
3.8687308343e-03
2.1649738974e-04
-1.6352178758e-03
-7.2426540293e-03
-2.3258007432e-03
-6.2849260141e-03
2.7100328412e-03
3.8686585306e-03
2.9052019016e-03
9.9979910513e-03
1.0982515166e-03
-2.0715947616e-04
-7.1940692980e-03
-3.7083997068e-03
-9.7998058507e-04
-8.9277747474e-03
-2.8192165566e-03
-9.8083312087e-03
-7.2693057068e-03
6.3043188131e-03
9.2765817883e-03
1.0876039461e-04
-1.0060304267e-04
3.6939334112e-03
-1.6873912945e-03
6.7978360420e-03
-2.2600976121e-04
-8.3465874843e-03
-9.3827858871e-03
5.2211323709e-03
-4.1582018088e-03
-4.5029416345e-03
7.5217236410e-04
-6.6358204513e-03
-8.5357225453e-04
4.8503650386e-03
5.3183910989e-03
9.9452369076e-04
-7.7357800942e-03
-7.7158669728e-03
5.5022605573e-03
6.4656561600e-03
-2.6627645579e-03
6.4522185559e-03
-9.1677895546e-03
4.3796048226e-03
9.2706549444e-04
9.7955145575e-03
-7.9516712225e-03
6.6014143309e-03
5.0269098949e-03
-4.0458212979e-03
9.9862533856e-03
-1.0053531434e-03
-3.0284604636e-03
6.3345717023e-03
-1.2186019323e-03
9.8791536864e-03
5.5126329976e-03
-5.2610788927e-03
6.2140543368e-03
1.7584779395e-03
-2.9873831777e-03
4.2150791899e-03
2.6554126185e-03
-6.6803676462e-03
-7.2153006815e-03
-5.8676068763e-03
-5.8611455850e-03
-8.8128433272e-03
-2.9836904209e-03
-4.3782996242e-03
7.7537092095e-04
-3.5269276829e-03
4.0810752351e-03
-4.2133351307e-03
-4.6531386744e-03
7.1603368989e-03
9.7097660452e-03
3.5859863185e-03
-8.0954967237e-03
9.2554398999e-03
5.7138209658e-03
8.3753742366e-03
9.8497245129e-03
7.3409518087e-03
-7.4622366277e-03
7.3215758998e-03
-5.0064551612e-03
4.2278969768e-03
6.5696360540e-03
5.2294717496e-03
3.5246910740e-03
-2.1082548169e-04
1.5485105861e-03
-4.6256569583e-03
-1.7154982127e-03
-9.6016554899e-04
2.6725552670e-03
7.6025016261e-03
-8.1381043191e-03
3.1226944175e-04
-4.4354862430e-03
8.7267222818e-03
-2.6185765185e-03
9.0050815773e-03
-3.4542143968e-03
-9.9505382972e-03
5.4827058088e-03
4.6544805308e-03
4.6186387497e-03
-8.3101486641e-04
3.2828764166e-03
-2.8355454132e-03
-8.7333862788e-03
6.8848928775e-04
-5.6434012997e-03
-1.4071379863e-03
-5.7629706718e-03
-4.6292632337e-03
6.5668723410e-03
-3.2448968966e-03
1.5586728052e-03
1.3228422183e-03
-2.9324191983e-04
-3.1252075889e-03
3.6510385219e-03
-9.0318147770e-03
-8.0085051617e-03
5.6777952368e-03
-8.0836474653e-04
-7.5152564154e-03
7.1530319986e-03
-1.1742810225e-03
-9.9864813698e-03
9.1606353861e-03
-5.9536358721e-03
3.7718376382e-03
-7.3617382523e-03
2.9999439868e-03
-6.8204507419e-03
8.6545112545e-03
-4.5196108381e-03
3.0917592884e-03
-4.9922144290e-03
-2.5631246471e-03
8.0760053767e-03
-6.6894984168e-03
-2.0731686614e-03
-3.8898151031e-03
3.9888274305e-03
-5.3171231703e-03
3.1097045677e-03
4.0739607953e-03
-9.9782739262e-03
-4.6386583478e-04
-7.3460041592e-03
-5.4761827708e-03
3.5996545024e-03
-9.8142610478e-03
3.9119421458e-03
6.3421805383e-03
9.7630981893e-03
-1.5537213245e-03
-7.3564969781e-03
-8.5834338920e-03
-2.3386014865e-03
4.6152676353e-03
-7.9514565910e-03
-3.7329704512e-03
7.6197798996e-03
-7.2574141051e-03
5.4692096730e-03
5.0631560198e-03
-7.3370753763e-03
9.8588031049e-03
-7.1429386633e-03
6.1016553093e-04
-9.8305051609e-03
3.0004042632e-03
-1.1980115844e-03
4.4486405273e-03
2.5616007668e-03
-6.9725173831e-03
-1.7658021128e-03
3.7313233975e-03
7.1992504920e-03
-8.2662393307e-03
-7.9906977504e-03
5.0489129310e-03
1.7914783552e-03
-2.3193618131e-03
9.2649742111e-03
-3.7099266364e-03
-7.2033962238e-03
-4.4606468611e-03
-8.3150256800e-03
1.0679326357e-03
2.0001573445e-03
2.1518619783e-03
5.5793930503e-03
3.8095215003e-03
6.9578420888e-03
3.1681074017e-03
-3.9670133285e-03
3.5498255594e-04
1.9045132229e-04
4.9568728196e-03
-4.0891589752e-03
-8.9086173797e-03
7.9582512071e-03
9.0934302269e-03
-1.0224560113e-04
-7.7451267479e-03
-8.3491745468e-06
1.8785953628e-03
5.6573001872e-04
9.5539389569e-03
9.7376506569e-03
8.6784880335e-03
-7.3603423853e-03
7.2162800787e-03
1.3676077755e-03
-2.6917507430e-03
3.6588409800e-03
5.2545187579e-03
9.0890596788e-03
5.4073409845e-03
-9.6662119646e-03
-8.6493486145e-03
-4.7562944568e-03
-9.2034627613e-03
-8.7906228082e-03
5.7857999799e-03
1.3221208550e-04
2.5714139212e-03
2.0979310142e-05
-1.6913601125e-03
4.0362127725e-03
-8.3514437615e-03
7.3129632140e-04
2.3209411133e-03
-4.4506452853e-03
-3.8018622877e-03
2.2609396591e-04
-5.9360501208e-03
6.1612016194e-03
7.2780345779e-04
-2.1853699406e-03
2.6858849471e-03
6.6905293837e-03
3.6211136942e-03
-8.6776983276e-03
3.9735176321e-03
4.5991675486e-03
6.9293623028e-03
-8.8418811195e-03
-8.2757440322e-03
-1.3103282279e-03
-9.3256315406e-04
2.1766480885e-03
-3.8141987225e-03
4.8338701812e-03
4.8131636047e-03
-7.6111398618e-03
4.1580121424e-03
4.0299922245e-03
-6.7233473813e-03
9.0603240351e-03
4.6010725457e-04
5.6597420309e-03
4.4153103619e-03
-6.6607409162e-03
-7.4613878504e-03
5.6224795987e-03
-4.6247102718e-03
7.7282951948e-03
5.4286058098e-03
-9.4128749765e-03
6.1421569331e-03
-4.5603880996e-03
-8.7225602175e-03
4.2464649640e-03
1.5330334943e-03
-8.4585993743e-03
-8.9604444641e-04
-2.7975220896e-03
-7.7998847723e-06
1.3377225648e-03
-2.6462444429e-03
-4.8976783792e-03
-7.9419016996e-03
1.4782461038e-03
4.4555674665e-03
-5.4319115369e-03
1.7649769821e-04
-9.1192418547e-03
7.2585698981e-03
-5.1089709929e-03
-5.6470820845e-04
-2.3404105127e-03
-6.9983066352e-03
8.6232015431e-03
7.1497039550e-03
1.0572957699e-03
8.2789533904e-03
4.8133165621e-03
-1.6126139127e-03
-3.5639597106e-03
-1.6748680300e-03
4.4057584286e-03
-4.5748408398e-03
-8.4422586007e-03
-2.5438366652e-03
4.0818851192e-05
8.0388201852e-03
-6.4131129946e-03
6.0867603892e-03
9.6282772788e-03
9.0815881492e-03
-8.6214712445e-03
-6.9811644166e-04
-4.3538625876e-03
6.8969300852e-03
-3.4539815655e-03
1.0618279065e-03
-9.8406165289e-03
-5.9865769309e-03
1.2761348165e-03
-3.9218138546e-03
2.4543504778e-03
-7.2146618839e-04
1.8338186997e-03
-1.3278648290e-04
5.4522652590e-03
-6.0915515225e-03
8.0088659445e-03
5.2096444064e-03
-5.0974625125e-03
-9.8724423450e-03
-1.7992778087e-03
-5.3400451628e-03
-3.0715260452e-03
6.7914801379e-03
7.5439722850e-03
9.0198052429e-03
-9.9707591893e-03
3.1460770035e-03
6.9801197556e-03
4.5443007808e-03
-7.9210196130e-03
5.9628978120e-04
-5.2366481096e-03
-1.5942246300e-04
-8.8020984869e-03
9.9391854022e-03
4.2330494940e-03
-8.1394672328e-03
8.4254880594e-03
7.9457494386e-03
3.9518436984e-04
4.0169381940e-03
-2.5501605185e-03
9.4910958034e-03
-8.3019516497e-03
-8.0884598933e-03
-7.3297229950e-03
6.3992578379e-03
-8.5033903134e-03
1.3564145658e-03
-1.3003424313e-03
9.2843654947e-03
-5.2645653052e-03
-4.7801812215e-03
-3.6998216918e-03
6.0163364400e-03
4.0145121264e-03
4.7070573756e-03
-3.6388456147e-03
-4.5608825634e-03
-8.5062512840e-03
-5.9457474744e-03
5.5987396494e-03
1.6941607161e-03
-6.8917889736e-03
-6.7125003860e-03
-6.7889775127e-04
-1.8697489618e-03
7.1849098180e-04
9.2926944450e-03
-5.8472754878e-03
-3.8338456357e-03
-4.6998414617e-03
-7.6017288729e-03
-6.8476924587e-03
3.7210968590e-03
6.5277337588e-03
3.9375596647e-03
-9.1934038378e-03
6.7184950198e-03
-3.4441268223e-03
-8.1757419242e-03
-5.0356242108e-03
-2.8851448899e-03
2.6919350757e-04
3.5436675398e-03
-4.7966641456e-03
9.8135324082e-03
-9.3783581328e-03
-1.9121554711e-03
-9.5597661198e-04
4.9615689442e-03
-5.0029474356e-03
-7.5913502248e-04
6.0779350689e-03
-7.2041392145e-03
-9.7608615366e-03
6.6074466379e-03
9.6513447497e-03
-7.3856952491e-03
6.4734683038e-03
-2.5552051237e-03
2.6059509721e-03
2.8937003142e-03
1.6464760283e-03
-4.8235869531e-03
6.2549418323e-03
-9.5639963452e-03
-8.7105592791e-03
8.0499216387e-03
-1.1313735233e-03
-7.4241690201e-03
8.1015594076e-03
6.5871235443e-03
-3.3690021750e-03
-9.1460736182e-03
-7.8010155996e-04
-6.6402158254e-03
1.4776839961e-03
6.4337080306e-03
-2.1000262356e-03
-9.4103541400e-03
3.6642583350e-03
-6.5438557634e-03
-5.7056778806e-03
-6.2569777258e-03
-4.4029089144e-03
7.6684759779e-03
-9.3070111254e-03
2.3835309769e-03
-5.0843044151e-03
-4.0978967400e-03
-1.7601558741e-03
1.0137733041e-03
-8.7804186213e-03
-4.4044802512e-03
-7.2552796574e-03
-6.0108438667e-03
7.6930503245e-03
5.1628116506e-04
2.6150877765e-03
6.0433616554e-03
5.8969248860e-03
9.7880723152e-03
5.6383153369e-03
-2.8177578032e-03
8.9035612068e-04
-3.0641029119e-04
8.2535403320e-03
4.7865110875e-05
-2.2323745086e-03
-6.4036825260e-03
-3.6224486534e-03
-5.6195962385e-03
7.9152956323e-03
5.5707656266e-03
-8.8281753944e-03
9.8306264686e-03
5.8864583931e-04
5.3368433690e-03
9.9921149362e-03
9.4795972347e-03
-7.9973132539e-03
3.1372884275e-03
-4.6694599787e-03
6.3257032322e-03
8.3451896514e-03
-8.8818268830e-03
9.9278409701e-03
-5.6117682791e-03
6.9301018093e-03
5.9478137476e-03
-2.9039073087e-03
6.7844450461e-03
6.9044180473e-03
-6.4779926484e-03
1.8503901836e-03
6.1242045072e-03
3.9525312720e-03
8.2796000826e-03
-9.4358686055e-03
4.0112160670e-03
8.9511747014e-03
1.2721297357e-03
1.2621778173e-03
-6.2353267019e-03
9.7601242081e-03
7.6325271980e-03
-1.5546552209e-04
-3.8189385570e-03
-1.9127159745e-04
-8.1948524630e-03
-5.3475328383e-03
-5.6238211662e-03
5.2897028297e-04
-9.9863300723e-03
8.3579237184e-03
-5.9707123330e-03
-7.3902090876e-03
4.3387526538e-03
8.3756157461e-03
6.8856817288e-03
-3.5282237739e-03
-9.5617420751e-03
1.7321835018e-03
8.3444829496e-03
5.4873299764e-03
6.9296177516e-03
7.2133893318e-03
9.2111750055e-03
-2.5281843983e-03
8.8384642694e-03
-2.0880887529e-03
-7.9793565964e-03
-3.9646969255e-03
-7.2709666229e-03
-6.8499222797e-03
8.9738706405e-03
5.8368505000e-03
9.2132420074e-03
2.9836053129e-03
-6.5159465809e-03
9.3748579267e-03
3.8712079659e-03
8.5769041797e-03
5.7398358519e-03
-5.5352557204e-03
1.7790031157e-03
-6.4929674002e-03
-3.8635354140e-03
3.7699687920e-03
-7.4530327055e-03
4.5766191187e-03
8.9757620844e-03
8.9739631970e-03
-2.1679714544e-03
9.8856626110e-03
9.3036788058e-03
-9.3523451415e-03
2.0477733490e-03
8.4207643284e-03
9.3506337123e-03
-5.5820949913e-03
1.3110049224e-03
8.7337558711e-03
-7.1871326370e-03
4.9068665620e-03
-5.2400814970e-03
9.6475930988e-03
-6.6422516650e-03
7.7064050679e-03
-8.2254797486e-03
4.1793162629e-03
2.7820537581e-03
7.7330703044e-03
-1.0674013180e-03
-4.6957511887e-03
-5.0091827373e-03
-8.6441043987e-03
-4.8668411691e-03
-7.8393079757e-03
-9.9743768501e-03
-2.2812580409e-03
4.6516898900e-03
9.3820365021e-03
7.6910399517e-03
-1.3836013052e-04
-2.4257485045e-03
9.2047935357e-04
-7.9714288073e-03
-4.1021499206e-04
7.2810144094e-03
3.0193912623e-03
3.7432080843e-03
-6.7468697650e-03
-8.5258122088e-03
6.9152496805e-03
-4.1018277377e-03
-3.6256618409e-03
9.0332426287e-03
-8.5159919647e-03
-6.5978959370e-03
-2.4908423184e-03
4.6397017054e-03
9.4092517224e-04
7.9624834624e-03
-8.1379062924e-03
1.8806108810e-03
2.2728945156e-03
-3.4526427023e-04
-9.3801359190e-03
8.8488451620e-03
-6.7000561048e-03
7.7950654081e-03
-6.8579244534e-03
-7.9748437805e-03
-5.8889904656e-03
-6.2003148482e-03
3.9439340761e-03
4.4407620915e-03
4.5994801134e-03
-4.6947046130e-03
-4.3695385311e-03
-5.2490343011e-03
-9.0072911392e-03
1.4353961572e-03
6.7970900969e-03
-6.9282013097e-03
-2.7834215755e-03
-1.4478808511e-03
-4.1090110207e-03
3.2404045202e-03
2.0043105603e-03
-6.0065039848e-03
-9.4852861454e-03
-6.5833561662e-03
-4.1637706791e-03
-8.3612781057e-03
6.8753814869e-03
-3.8329319976e-03
-2.0506530298e-03
-2.1806375759e-04
3.2208010949e-03
-8.1772624490e-03
8.8252058439e-04
-6.3023755892e-03
7.7098538550e-03
-2.6119667014e-03
-1.0844945841e-03
-4.7340806663e-03
-6.9884087691e-04
-5.4751543943e-03
-4.6287601345e-03
-8.7672126068e-03
5.0447028423e-03
3.3493691827e-03
-8.2858537632e-03
-3.1241722691e-03
8.2898012012e-04
9.4141107435e-03
1.7945288461e-03
1.0720381232e-03
6.8159433286e-03
6.3681042973e-03
-1.6273585013e-03
7.1028823958e-04
7.3378802741e-03
-5.0351223756e-04
7.6330773884e-03
-4.7475437837e-04
-8.4208990045e-03
8.0555440268e-03
4.2861139826e-03
4.2029406312e-05
8.0091012294e-03
6.0090067344e-03
3.5506977115e-03
2.4054622870e-03
-7.5943625049e-03
5.1437751128e-03
-6.5424205439e-03
9.6873598050e-03
9.4432975668e-03
6.1692144264e-03
-7.4762800272e-03
-1.5325020137e-03
9.7655987267e-03
-1.2921350893e-03
9.9453845356e-03
2.5445242446e-03
6.6821623735e-03
-4.8422728002e-03
8.2160897146e-03
8.2834787380e-03
-8.6597609390e-03
-2.2380169397e-03
-2.0529001129e-03
-3.4774638926e-03
-4.4759836019e-03
-8.3685637755e-04
7.4693250675e-03
5.7310127766e-03
2.4611585718e-03
4.5124020900e-04
-1.6081233155e-03
-1.7111520246e-03
-7.0360051741e-03
1.7586826656e-03
5.1675477572e-03
8.7929996997e-03
8.4985633352e-03
1.2536751895e-03
-7.9801911435e-03
-4.2781429190e-03
7.1266962292e-04
-3.1226164285e-03
-1.7821992540e-03
-2.3391305425e-03
-2.8830415427e-04
2.1792430390e-03
-9.2506865900e-03
-4.4917171593e-03
-7.1229465875e-03
2.1731052817e-03
3.8732250633e-03
-9.2243493504e-03
7.7914842783e-03
-3.3701184853e-03
-5.2484141217e-03
4.9149963968e-03
8.4166996581e-03
7.9406272430e-03
-9.5953422281e-03
6.3477185061e-03
-3.9389009310e-03
-4.3930669363e-03
-1.6761573281e-04
3.9236568935e-03
-8.0356521945e-03
7.3780005020e-03
-7.3122895806e-03
9.4843884921e-03
-1.1377877334e-03
6.5164666356e-03
-4.6116003798e-03
-1.6645454459e-03
2.9110962286e-03
-6.2412861821e-03
-5.7721899579e-03
6.4793886851e-03
4.8188959784e-03
5.1898659045e-03
7.3437794110e-03
6.4203478480e-03
3.0539405219e-04
-6.8205511472e-03
-3.7775381342e-03
1.3590550473e-04
-7.2870035797e-03
7.0259068197e-03
7.5866518272e-03
-9.4210368136e-03
-6.1447310634e-03
6.6585986615e-03
6.7395335522e-03
-5.0101947735e-03
-8.7102665744e-04
8.3606213868e-03
4.0926789044e-03
-4.5204500305e-03
6.4701258338e-03
1.0252749874e-04
2.7081961815e-03
-7.5225428222e-03
-9.3887361524e-03
-2.5506647693e-03
1.8808718690e-03
-6.4483261167e-03
7.4096154384e-03
1.7376049684e-03
-3.0048019671e-03
-6.7297277096e-03
7.8898384062e-03
4.9792226897e-03
3.7770107523e-03
-4.2986124713e-03
-2.2686865852e-03
-6.7418518880e-03
1.4451612204e-03
9.2983521840e-03
7.1422237488e-03
2.9475978352e-03
3.5539049218e-03
-4.6183284146e-03
-1.8098560701e-03
-9.5989528500e-03
5.6060732852e-03
5.3514545682e-03
-9.8220402786e-03
8.2303087610e-03
2.9474310835e-03
2.0228390099e-03
-9.8307254577e-03
-4.9521911728e-03
6.1017113839e-03
-3.8908060323e-03
9.3404888674e-03
2.8548062258e-03
-1.5238639868e-03
-2.4704909546e-03
-3.0258160146e-03
-4.9600258144e-03
-6.6603969006e-04
3.5439231277e-03
6.4862164294e-03
-2.0569492006e-03
-7.9537579406e-03
2.3027434937e-04
3.2471090505e-03
6.8656790017e-03
-2.5154047368e-03
2.9468424013e-03
2.1810020928e-03
-4.0304814749e-03
-7.8379093883e-03
-8.7232589221e-03
9.7672193164e-03
2.8118949123e-03
7.2298320050e-03
-4.7770618415e-03
4.2218755114e-03
7.8474759536e-03
-4.0241777616e-03
-7.0014140729e-03
5.3094877661e-03
7.9937408949e-03
6.1085964527e-03
6.0472748891e-03
2.0006660229e-03
3.2106064736e-03
3.6151150077e-03
4.4256639519e-03
3.1080114092e-03
9.9493819916e-03
-4.8114745458e-03
-1.6286862784e-03
-2.2345015799e-03
-9.2936199035e-03
4.1613791875e-03
1.4408486807e-03
-6.2016967918e-03
4.5309975316e-03
-5.5527361205e-03
6.9270203088e-04
5.6979411059e-03
8.1305301101e-03
3.4373695192e-03
1.4629711214e-04
6.9083848849e-03
6.8127738919e-03
7.5298956868e-03
-6.3772828439e-03
-8.0479387237e-03
-7.4411172061e-03
-4.8269629888e-03
6.1668773828e-03
5.2583643664e-03
-6.3386328597e-03
3.5942473858e-03
-3.2873507359e-03
-8.2140035596e-03
-2.8943320776e-03
4.8841985869e-03
-3.8582945734e-03
5.7618087362e-03
-3.3736572606e-03
-4.7888152919e-03
-4.1189775670e-03
7.0242777642e-03
-5.8926864659e-04
7.3278673939e-03
1.6714923949e-03
8.8860196800e-03
-8.5756852519e-03
7.7885212294e-03
9.5474898541e-06
7.3499550940e-03
-2.3666156039e-03
-4.0328849237e-03
-8.9187605871e-03
7.0847954081e-03
-7.2526948165e-03
-5.9940681841e-03
-1.8161630650e-03
1.3880717595e-03
8.1324186901e-03
-8.4857133877e-04
-3.6723308470e-03
4.3133691222e-03
5.5788235487e-03
-2.4838308504e-04
2.6206554453e-03
-6.4635146687e-03
2.6899793831e-03
-9.9057299715e-03
-4.5294427560e-03
5.2238656243e-03
-6.6278848683e-03
5.2896747229e-03
-2.0845818740e-04
5.2713833421e-03
-8.2391731248e-03
2.2895947745e-03
2.6697508141e-03
-1.9321303920e-03
9.3065568026e-03
-2.3336715989e-03
-9.2454936305e-03
-6.0117149754e-03
-2.5379718915e-03
-9.7184576255e-03
-3.5557373230e-03
6.6645733313e-03
-6.1884658012e-03
3.5349628335e-03
2.5337385734e-03
-5.0235375425e-03
3.8704949434e-03
-3.1130045187e-03
-7.4213839914e-03
-2.3289904738e-03
1.7734137634e-03
-6.6595962546e-03
6.4768765935e-03
-4.0359549301e-03
-4.1834441638e-03
4.5566382289e-03
1.9273983723e-03
-3.2432969758e-03
7.7594808767e-03
9.9094481966e-03
-3.1453432148e-03
8.0276755229e-03
-2.8149822727e-03
-6.2314793222e-03
8.9616870741e-03
8.3641081768e-03
-1.9321671100e-03
-5.4316343033e-03
4.5433765627e-03
-7.3758844717e-03
4.6815323862e-03
1.7938566960e-03
-6.6203051622e-03
-2.6681709720e-03
3.0108076024e-03
-9.2527314461e-03
7.5308827520e-03
-4.8842165215e-03
6.9466868388e-04
-9.0282607684e-03
9.8936046731e-03
3.2393983168e-03
3.0713523680e-03
-9.6051646697e-03
3.7949949675e-03
-1.6644886964e-03
-2.3949247414e-03
9.4564769458e-04
-5.1207323345e-04
-6.9374580375e-03
3.9038405844e-03
2.6062268033e-03
-3.9776709049e-03
3.2332915218e-03
3.2496593178e-03
-4.6004570093e-03
2.1126867385e-03
-7.2567295404e-03
6.6130544094e-03
-7.9017152620e-03
4.3753244903e-03
-7.6453086313e-03
-7.7197489463e-03
-7.8747258339e-03
-6.0270667659e-03
-6.0050122771e-03
-4.7401216877e-03
4.6292215185e-04
-5.9665362004e-03
4.0687350049e-03
-4.0929759800e-03
-9.2118858474e-03
-7.2905732638e-05
-5.8461203146e-03
8.6624868930e-03
-3.3879276761e-03
-9.9452400189e-03
3.4326626493e-03
8.1376008854e-03
6.7046433053e-03
3.3804386100e-03
-7.0171101467e-03
-8.1983465285e-03
2.3410693929e-04
4.4712723380e-03
-7.9741904281e-03
-4.8821579450e-03
-5.3767942702e-03
9.7733186152e-03
-4.0795564258e-03
-7.1445285528e-04
-8.0038216988e-03
-6.5059638211e-03
-9.2111096006e-03
-4.1886564552e-03
6.0319220538e-03
-3.7458578607e-03
4.7708039158e-03
-8.1000305934e-03
5.1640800968e-03
-9.0822182581e-03
7.0399745015e-03
3.2671005498e-03
-6.5897544729e-03
-2.8494519152e-03
-1.2457096644e-03
2.4361406667e-03
7.5695107479e-03
-8.1409736913e-03
6.2992857907e-03
-6.3426115939e-03
-1.9844497144e-03
9.2461986030e-03
-4.5633381850e-03
-2.2856902048e-03
7.0134315607e-03
5.9979819390e-03
2.9769296774e-03
5.9381911407e-03
-7.7388688724e-03
3.9233974705e-03
-8.8270720867e-03
8.8493397600e-03
-6.8120920504e-03
-1.6794456674e-03
1.8150060598e-03
6.0452956809e-03
3.5678627250e-03
-6.3747887893e-03
-2.4049844177e-03
-2.8280217035e-03
-9.4236754086e-03
3.6892826676e-03
6.7707295309e-03
9.4688916045e-03
-7.3868934090e-03
8.4079597128e-03
-7.7412504125e-03
-1.7743147253e-03
-9.0805534924e-03
-4.7677426554e-03
-3.7152411025e-03
4.0913635296e-03
3.5585784204e-03
5.3505743658e-03
1.5329801625e-03
1.3002445137e-03
9.5579111510e-03
3.3968871643e-03
-3.2339871646e-03
4.6206350449e-04
4.0116036860e-03
-8.0951572310e-03
3.2342652569e-03
-5.0284601030e-03
-3.0850102508e-03
3.5259113671e-03
-2.3024676519e-03
6.7806604246e-03
1.1668847340e-03
9.7558324952e-03
-8.9086776954e-03
2.8679743311e-03
-6.8614525340e-03
6.9769114955e-03
7.0374230289e-03
7.3883126923e-03
-8.5026951505e-03
-1.6704077711e-04
-5.1821636661e-03
9.4029009757e-03
-8.9929857095e-03
-5.5458695366e-03
2.8663462965e-03
-1.9344601308e-03
-5.3000000002e-03
-8.1810810504e-04
6.0252257545e-03
-1.0380282867e-03
7.1317844836e-03
-1.0586376017e-03
-7.6258629589e-03
-5.2533038670e-05
3.0674600628e-03
-7.9471335704e-03
-1.7532290465e-03
1.1426202281e-03
-9.9966056904e-03
-8.1820890618e-03
2.0840655212e-03
2.3813230749e-03
-3.9080408379e-03
1.6675480639e-04
-5.8629750230e-03
3.4294874156e-03
9.0071025999e-03
-2.7331504486e-03
-8.9144957339e-03
-5.5416377121e-03
-9.1080034793e-04
1.2030169021e-03
2.3951593935e-03
-5.3732637813e-04
3.1433441286e-03
4.3182700057e-03
-7.7195328329e-03
5.1863990216e-03
-5.5650578436e-03
-3.1728577085e-03
6.5976777127e-03
9.2886736691e-03
-4.1603287238e-03
4.3970173208e-04
4.0419210652e-03
-9.0844378029e-03
-6.7168926459e-03
-7.1910162536e-03
4.3371222530e-03
4.4311819090e-03
-7.8607698896e-03
2.2170353228e-03
-6.2491319894e-03
8.6043251831e-03
-2.1420702017e-03
-8.5907983414e-04
5.6284080730e-03
4.3357582894e-03
-7.8446850543e-03
-1.7105930974e-03
8.5325306107e-03
6.7493247497e-03
1.7762221580e-03
5.4429034727e-03
-9.8990806082e-04
3.1691339000e-03
9.1238064325e-03
-7.3072797114e-03
-2.3427157948e-05
6.0728695038e-04
-9.0285678874e-03
8.7061656166e-03
6.7763222136e-03
-3.4136072928e-04
1.6665798144e-04
8.4232462809e-03
-6.4559512300e-03
1.5710877141e-03
4.6098932349e-03
-7.4323643590e-03
-2.2518884156e-03
2.0109204361e-03
7.6539172712e-03
8.2202387063e-05
-2.3067472251e-03
9.5900152041e-03
8.3182048339e-03
5.2474931252e-03
-4.5280824009e-03
9.2718707536e-03
9.4098329982e-03
-9.4308587837e-04
-7.3325633797e-03
-1.7450905438e-03
4.0002856979e-03
4.9685373176e-03
-4.0217373009e-03
4.0298862081e-03
7.2141509226e-03
4.2374871279e-03
8.7102415493e-03
2.6516656901e-03
-5.9822183535e-03
2.4833517841e-03
-4.1884100904e-03
-3.0941283820e-03
3.4474742610e-03
9.6267099247e-03
3.0017277561e-03
9.1665290561e-03
7.7868780865e-05
3.8862394745e-03
-3.5523720517e-03
-7.6918949543e-03
-2.9552439507e-03
-3.9260155219e-04
1.4127638851e-03
3.3431447610e-03
-1.6504413375e-03
4.9573744675e-03
6.8277860483e-03
-4.2814403955e-03
6.9460218284e-03
6.1660955865e-03
4.5459972418e-04
-9.4945571749e-03
-7.0934657673e-03
3.4050835753e-03
-6.0019516547e-03
5.0037003734e-03
-6.7812921131e-03
-4.2676890368e-03
-4.9887798508e-03
6.7876362893e-03
3.8118970073e-03
-4.0971886808e-03
5.0718789609e-03
-9.3538723352e-03
6.2805243511e-03
-7.9503998732e-03
7.3607074731e-03
4.7898496035e-03
7.2968297041e-03
4.8482547175e-03
1.2254110558e-03
-5.2480905487e-03
5.6861434574e-03
5.9764350498e-03
-4.2472269099e-03
3.2898713718e-03
8.5296962234e-03
-2.2489070272e-03
9.1340394002e-03
9.5164544411e-03
-3.7469203821e-03
1.0424919507e-03
-9.7406952465e-03
-4.9731774326e-03
2.4112339122e-03
5.6184978575e-03
7.4023618464e-03
6.5996696391e-03
8.2297275415e-03
4.0925813779e-03
2.9526477110e-03
5.1021541042e-03
9.3230273402e-04
2.0677395458e-03
5.5229349024e-03
9.2857964625e-03
-4.1164455639e-03
-6.4514820302e-03
3.6531770340e-03
-6.2604683694e-03
-6.5240973629e-03
2.7693705549e-04
-2.4560354589e-03
-1.4298437120e-03
1.1319724119e-03
-7.3986693977e-03
1.6797211537e-03
-4.8996770374e-03
-3.3887442252e-03
4.1937859263e-03
-6.9038860440e-03
-6.9259323286e-03
-3.5473994021e-03
-8.9828911761e-03
8.6476373114e-03
2.3121735220e-03
3.2378042193e-03
-1.8898117693e-04
1.4535398111e-03
-2.8382882367e-03
5.6806289714e-03
-3.6428198926e-03
-5.6007596914e-03
-6.3226180493e-03
-8.6364706179e-03
1.0280700913e-04
-1.6813751246e-03
7.4071905068e-04
-8.1610889212e-03
-5.5760383780e-03
-5.7329237963e-03
-3.3623297019e-03
-2.7840435067e-03
-5.6310942843e-03
5.0531137911e-03
6.0997791214e-04
9.9326216521e-03
6.4737680185e-03
9.6226639523e-03
-9.8239260741e-03
3.3787693599e-03
-1.0866550743e-03
8.0899291698e-03
2.2740219412e-03
2.4226339525e-03
9.1779363215e-03
3.6510272154e-03
-3.5812597899e-03
8.3186486060e-03
8.8997534086e-03
-2.2824813043e-03
8.0474625885e-04
-4.3434201144e-03
8.2267185326e-03
6.4421812848e-03
-2.5008391568e-03
6.0563347502e-03
-1.0888620486e-03
-9.1229667818e-03
7.9656321781e-03
-6.1497522413e-03
2.7789400255e-04
8.9642363930e-03
-6.6521038157e-03
9.1255241295e-03
7.5949661929e-04
-9.8533882757e-03
-8.6905635579e-03
3.4067025229e-03
5.4716453274e-03
7.2990171143e-03
-1.5158109612e-03
-7.9214638165e-03
7.5508428048e-04
4.0548573254e-03
9.5244784268e-03
5.5041348093e-03
2.9312231864e-03
8.7950222302e-03
4.9378165135e-03
-6.9249084556e-03
-8.1549529480e-04
-3.3656924907e-03
-8.2495820413e-03
-8.9146385822e-03
5.8842957395e-03
1.1616841064e-03
1.4992458853e-03
-5.4470873012e-03
-4.8270408202e-03
-2.2393479271e-03
2.6043452925e-03
-1.3394993072e-03
-9.6621806339e-03
3.4659746466e-03
6.9668740122e-04
2.8284549296e-03
2.3669871782e-03
5.1192119339e-03
1.7121602663e-03
4.0176406277e-03
-8.5482111040e-03
8.5609550033e-03
-7.8772891626e-03
5.7378379533e-03
-3.9729858031e-03
-8.2698955712e-03
5.3054848204e-03
-1.2464770106e-03
-2.0977348354e-03
3.2144632981e-03
-5.2024645264e-04
6.6935527621e-04
-7.2723707934e-03
-2.1801486914e-03
5.9496922567e-03
9.1448937282e-04
9.2026853016e-03
-7.1184892508e-03
3.5457809101e-03
8.2833783277e-03
5.9003424446e-03
4.5864915323e-03
-2.5373897020e-03
8.9893020706e-03
1.0704837553e-03
1.1013949128e-03
-7.5352968213e-03
-9.8994032185e-03
1.9330977491e-03
7.4304097109e-04
8.9395877846e-03
-3.9061769530e-03
4.9659317347e-03
8.0709275195e-03
-3.1229670030e-03
-1.7469100795e-03
2.9186300712e-03
2.5105389095e-04
-6.7809128487e-03
-5.5842406129e-03
6.6949673374e-03
-6.1134756931e-03
-6.3728403045e-03
5.9932010721e-03
7.0450225553e-03
7.0277544485e-03
8.6473973081e-03
9.8862610085e-03
-7.7469592621e-04
9.9329219358e-04
-4.1869466496e-03
-8.6527448519e-03
-8.0359519724e-03
4.5117851467e-03
-2.5619179733e-04
-3.3829813663e-03
-7.4356970681e-03
3.1094596139e-03
-7.9990988545e-03
2.3903155431e-03
8.0023718169e-03
-3.6442812553e-03
-9.8708043570e-04
2.3268486052e-03
-3.8864902119e-03
1.6833986569e-03
1.3110401581e-03
-2.7101312864e-03
-3.6733368101e-03
-1.4338521408e-03
-9.9033623467e-03
-5.0764972291e-03
-5.5694859159e-03
4.7963243188e-03
-1.2775186782e-03
6.8022011756e-03
-7.3138833523e-03
4.6594559150e-03
7.5577165902e-03
-7.4303247849e-04
-2.8251679577e-03
-3.8905640711e-03
1.0334365232e-03
-6.4845967821e-03
2.1325533214e-03
6.8358599068e-03
7.1742731074e-03
-7.1999666257e-03
7.7236074156e-04
-4.7353069881e-03
7.7267166416e-03
-8.4707524289e-03
-8.4920008641e-03
-9.6273941026e-03
1.4356622571e-04
-9.3761153798e-03
1.6378098099e-03
-1.8973106490e-03
1.8007262368e-03
8.1260715480e-03
1.0318799705e-03
8.6938647836e-04
9.9745635002e-03
-5.5792098434e-04
5.5039447767e-03
-2.6836273979e-03
-5.5338670475e-03
5.4428968712e-03
4.6645365443e-03
-4.1800167957e-03
-7.0597715659e-04
2.0823986688e-04
-2.0642968470e-03
4.3345393329e-05
3.2535697876e-03
6.9596368021e-03
6.1308011386e-03
2.2807195312e-03
-6.6831289594e-03
2.8273361033e-04
-1.0755911232e-03
-6.4170963218e-03
8.9742366323e-03
3.1882661391e-03
9.3547111968e-03
4.7183961767e-03
-3.2993168545e-04
-2.8240892231e-03
-5.6236176548e-03
-2.4715703253e-04
-8.7427767717e-03
-2.6112962911e-03
-9.1438311832e-03
-5.8645185056e-03
8.1545218515e-03
-2.7749727088e-03
-6.0651541980e-04
-9.0713100410e-04
-9.0712508500e-03
9.6117956413e-03
-3.5185777987e-03
4.0747250570e-03
4.2745808267e-04
6.5929431131e-03
6.6974453243e-03
-4.7336786123e-03
8.8700124177e-04
-6.5230036711e-03
3.0735062627e-03
-2.6940644402e-03
3.0667309311e-03
6.7093813535e-03
3.3325795108e-04
-2.4734243791e-03
8.1448485289e-03
3.2743564335e-04
-2.9420398448e-03
7.3543884374e-03
-2.6276874652e-04
-3.5779820574e-04
2.0842196057e-03
3.6739689415e-05
-7.2206338585e-03
-6.6878835514e-03
-8.4582354852e-03
2.8695400478e-03
-5.7696579173e-03
-6.2618864838e-03
-2.7555411157e-03
4.3460541691e-03
-7.6333955435e-03
-5.3930733480e-03
6.2234525875e-03
4.4051131775e-03
-3.6966701221e-04
-4.2370714560e-04
-5.7859209790e-03
-6.7750748027e-03
6.6672999279e-03
-9.5510792369e-03
-9.1371133733e-03
1.4697302270e-03
-6.7774171926e-03
2.5908084978e-03
-9.2161826952e-03
1.4453859846e-03
-8.8817599168e-03
-4.8348070797e-03
-6.3992492085e-03
9.1647667297e-03
1.9871504559e-03
1.2720940467e-03
-9.6275992873e-03
4.3909459901e-03
3.2349012526e-03
-4.3309074719e-03
-8.2850299453e-03
-1.0159327676e-03
9.8555164742e-03
7.3460479798e-03
-6.5886643202e-03
6.6072714941e-03
2.0167742882e-03
5.8923214052e-03
6.4090636026e-03
-6.3623169626e-03
3.1929750012e-03
-4.7095860291e-03
4.4837359616e-03
-3.1465745088e-03
-9.3059709720e-04
1.8119198186e-03
-5.4037242564e-03
-2.2907623452e-03
-7.8285977220e-03
-5.9530290182e-03
7.1918338402e-03
8.7190521414e-05
-1.6040997466e-03
-7.0087761275e-03
-8.0740284655e-03
-4.8261629021e-04
2.2949633896e-03
-9.2192687276e-03
5.6773646968e-03
6.6584162769e-05
-7.6496718685e-03
-3.5518129775e-04
-7.3934231845e-03
2.0694930165e-03
6.5504355730e-03
7.9393790570e-03
5.4974084614e-03
2.9846347021e-03
4.4088459323e-04
-2.5924509950e-03
-9.1312343333e-03
5.9633037879e-04
-5.4102748724e-03
6.0460039202e-03
5.7911117030e-03
-2.3752700760e-03
1.7809617228e-03
4.8278808456e-03
5.2307845409e-03
3.9341520631e-03
-8.0456618331e-03
-7.3223378875e-03
-4.5717525991e-04
-5.3497421875e-03
7.1810649460e-03
-4.3346666398e-03
7.5353262639e-03
-1.8270659063e-03
-6.2195797256e-03
4.1829767441e-03
5.7884496461e-03
1.5597429160e-03
-7.6434279204e-03
-9.8561189510e-03
3.0909224161e-03
3.7553347356e-03
-3.6819657074e-03
-2.7546042045e-03
-6.9044283888e-03
3.0315186956e-03
-4.9273454754e-03
7.0995385254e-03
-1.5287690513e-03
-2.6871181113e-03
-4.4887891424e-03
3.6121141013e-03
5.0994380122e-03
-1.7354368341e-03
5.6757683393e-03
-3.5064485986e-04
-2.5957406224e-03
1.0982271260e-03
-4.9244470911e-03
-3.8669382665e-03
-3.1128739157e-03
4.1098921594e-03
4.7156486121e-03
7.0999784565e-03
3.1856569825e-03
4.9562839016e-03
-1.0681024517e-03
3.9862288459e-03
-6.7640976458e-03
-5.7108371692e-03
-1.9887818715e-03
-3.2312430738e-03
1.0115242919e-03
3.9411481745e-03
4.1357986707e-03
-6.7852398173e-03
9.2914050275e-03
-9.8941873305e-03
-8.1782283152e-03
-7.0934312833e-03
8.5172357560e-03
-1.2924513089e-03
-8.7183908726e-03
-5.5645951076e-03
-8.3992052661e-03
-9.2448932343e-03
-2.3134797915e-03
9.6889620126e-03
2.2793118143e-03
4.2011086441e-04
4.2321166342e-03
1.9494512763e-03
8.9143171569e-03
6.4045746886e-03
2.8058262906e-03
-1.2205590292e-03
-5.9658551439e-03
3.1376844541e-03
6.0781981823e-03
-4.2798697658e-03
-9.3278129721e-03
1.9902982578e-03
3.1627263106e-04
-5.3665805436e-03
-6.6103421637e-03
-9.2787773371e-03
-5.2148674943e-03
-9.9942545629e-03
-6.8511047830e-03
9.9363428765e-03
5.5934575795e-03
-2.9374467329e-03
-2.0971376590e-03
1.7216033042e-03
3.5485401979e-04
4.7385108029e-03
-8.6276565613e-03
-8.1966828481e-03
-4.3101242593e-03
6.5952960490e-03
8.3001794790e-03
-3.0380950350e-03
9.2657533013e-03
-4.4698430261e-03
2.1272681598e-03
-6.1094961383e-03
8.5942768162e-03
1.4981344349e-03
-4.7778498866e-03
-1.8573074779e-03
-7.8707008721e-03
-8.5522805895e-03
-4.1149635106e-03
8.9403093036e-03
6.0588448514e-03
9.1341869917e-03
7.5222609249e-03
6.2629469921e-03
1.4978775755e-03
3.8838372294e-03
9.3211091127e-03
1.2633720761e-03
5.3993438547e-03
5.1494657009e-03
9.2247745060e-03
-8.2303141332e-04
-7.8559117071e-04
1.7365303430e-03
-9.4529860494e-03
-7.6746339712e-03
-8.6489147868e-03
2.6732359512e-03
9.8839606673e-03
3.5382595213e-03
-5.4013972282e-03
-3.6853861194e-03
9.1089137425e-03
3.3008434410e-04
-9.8055361657e-03
6.6435408985e-03
-5.0348478128e-03
-8.1398113968e-03
3.4739583356e-03
6.4214937899e-03
-8.4794235893e-03
8.6279247967e-03
-4.6889091821e-04
-2.9292414757e-03
7.8863250574e-03
-4.6184843506e-03
8.9423621813e-03
3.6621461705e-03
8.1985491798e-03
-2.0013192726e-05
-6.0066692181e-03
4.7085813049e-03
7.4548499682e-03
-5.8644273536e-03
-5.9446688242e-03
-5.0060913211e-03
2.3719379836e-03
-6.8800886305e-03
-7.8662141979e-03
8.4037625907e-03
3.5162424975e-03
3.2684815664e-03
2.2765395055e-03
5.2848842527e-03
8.2947909206e-04
-9.1547374654e-03
-3.5415837598e-04
2.4133494966e-03
-1.5319244592e-04
9.7072265865e-03
7.9399954639e-03
7.3753767125e-03
-1.8389296787e-04
9.6878936536e-03
8.3201365935e-03
-4.3946675363e-03
-5.5581443384e-03
1.5333037269e-03
-8.9170365742e-03
5.9853983556e-03
-4.3359846776e-04
8.1535891184e-04
4.9504242433e-05
-2.1256615430e-03
3.7267729306e-03
-6.5039927576e-03
9.5301439047e-03
3.9648913619e-03
-7.9858819907e-04
3.7842109812e-03
-9.7636004278e-03
-5.7849522860e-03
1.6201643796e-03
-3.4912760017e-03
2.2555619272e-03
-4.8059846182e-03
9.7126800758e-04
-5.2572169498e-03
-5.7309270523e-04
2.2616808628e-03
-2.6815169776e-03
-2.4599667796e-05
-5.7893503578e-03
4.0142525363e-03
-2.5538074426e-03
7.0865217448e-03
-4.4074093624e-03
-6.4022154255e-03
-7.3772166700e-03
1.5178545842e-03
-5.4286650100e-03
-8.0026051818e-03
-4.6010178619e-03
-5.2838965423e-03
-1.3556249654e-03
-2.3823323554e-03
-7.0831252932e-03
9.1829584149e-03
-7.0090388547e-03
6.1133672312e-03
-6.4678544668e-03
-8.0434777630e-06
9.9112354060e-03
6.9877983079e-03
3.4013949841e-04
4.4112065905e-03
5.7066587339e-03
-3.9993163569e-03
1.2427690414e-03
1.3566903841e-03
-2.0319619627e-03
3.8108635192e-03
-8.7992724455e-03
6.2763613841e-03
-4.6921151296e-04
2.5972442472e-03
-1.0029036187e-03
-3.3068692297e-03
-2.7807595789e-03
1.2070006963e-03
8.6368915156e-03
-4.8457034910e-03
-9.6032933277e-03
-7.5752502157e-03
7.3473716795e-03
9.2623312184e-03
-6.0208377873e-03
1.5178891495e-03
2.9826190380e-03
-6.5092232854e-03
5.6061819620e-03
-2.8978192322e-03
3.4638568029e-03
-2.5012511391e-04
4.7305232952e-03
7.7926489828e-03
-2.3785800317e-03
-4.2695284689e-03
2.6342438097e-03
-7.1030332344e-03
-6.6484892904e-03
6.1543428791e-03
-3.2522338000e-03
2.6254681665e-03
1.4327514775e-03
6.9780154388e-03
-8.5731184365e-03
-6.7600102211e-03
-5.4356412122e-03
-3.6624351661e-03
-4.1728729441e-03
-4.6505521826e-03
2.8928858631e-03
-4.5750379730e-03
-1.1020322470e-03
7.2561296729e-03
-2.7367031950e-03
1.7383954705e-03
9.3105206564e-03
-1.7202187825e-03
-6.3222760179e-03
-9.5379781537e-03
4.5554483286e-04
3.2404509562e-04
8.8087467468e-04
4.0139385685e-04
-8.3987052425e-04
-6.6617906992e-04
-7.9398137189e-04
-8.7241520082e-04
7.5738195290e-04
9.6867487637e-05
-9.4727017327e-04
-2.0597495848e-04
5.2999274427e-04
-8.3349759722e-04
-4.7509547147e-04
-6.8945127600e-04
3.0966535109e-04
7.7094263419e-04
-3.8125869290e-04
-5.0520696137e-04
-4.3164943988e-04
2.5296136925e-04
-7.3744577875e-04
6.7703555779e-04
-9.4285741396e-04
3.2709827061e-04
7.2073763483e-04
-3.4959736669e-04
-4.7690518689e-05
9.4996309088e-04
8.1168322785e-05
-4.5517114478e-04
-1.1031013526e-04
9.3908452911e-04
3.9524575381e-04
-6.4592672004e-04
1.9516839767e-04
2.6209504528e-04
2.7170227285e-04
1.2796897344e-04
4.6919608709e-05
2.7905649742e-04
-3.8067734377e-04
-3.0566339967e-04
7.9336244272e-05
6.0941553249e-04
-1.1627938885e-04
-2.6843335610e-04
-4.8038591212e-04
-3.9285416885e-04
-9.9981530721e-04
6.3075957832e-04
6.9589297677e-04
-3.1223016550e-04
-6.1604089512e-05
-9.8336577881e-04
8.4417679149e-04
8.9391502374e-04
-4.5865859097e-05
-9.8173480085e-04
-1.3912937346e-04
-4.1415477400e-04
-5.3756921296e-04
-9.8556402999e-04
-2.5271224695e-04
-1.7652826187e-04
1.2110871728e-04
-2.1049584076e-04
-6.7346100934e-04
4.7423570821e-04
-2.2055346029e-04
-2.4328387945e-04
-4.7403944911e-04
-1.5552123449e-04
-5.2087637012e-04
5.2907658815e-04
8.1990880688e-04
6.1514988086e-04
3.6928058076e-04
-4.3064629065e-04
4.8585378426e-04
6.1761729820e-04
-1.7419224697e-04
7.0696404678e-04
-6.3518564199e-04
-4.2080940142e-04
2.7378541910e-04
2.3545882781e-04
-4.5573173910e-04
2.4550756055e-04
-6.2442111491e-04
-9.6120920551e-04
-9.0073585555e-04
6.9941506120e-05
-6.2812480372e-04
-7.9545302269e-04
-4.6160973422e-04
4.3039188442e-04
4.5421414090e-04
-5.3437900409e-04
-6.9863261261e-03
-1.2840893609e-04
-3.1617429226e-03
-3.7684662959e-03
5.9892470387e-03
9.9592689233e-03
-7.2631065593e-04
5.8284942853e-03
-3.3950270593e-03
6.8709259854e-03
9.0328808347e-03
-8.8792331120e-03
5.5130582143e-03
-8.5723061050e-03
-5.9706446803e-04
-6.1561541415e-03
6.8307857588e-03
6.3450144800e-03
6.5650409479e-03
-7.5607688763e-03
5.3629134170e-03
-5.0207527899e-03
5.4245066605e-03
-1.1407811571e-03
4.7523802511e-03
-9.3297941686e-03
-7.8330729375e-04
5.4199193558e-03
4.2278240115e-04
9.6423170281e-03
-5.4348910017e-04
3.6288464012e-03
-3.7578126883e-03
-3.5387362303e-03
2.5832850826e-03
-9.1562816881e-03
8.7484184726e-03
4.1852505835e-04
-4.9337451933e-03
2.7704002408e-03
-6.0255273640e-03
7.7503915209e-03
7.2731533150e-03
-5.6442350189e-03
-7.7414308137e-03
2.6581793180e-03
-3.5097302474e-03
-6.6527928718e-03
-4.4779991232e-03
-7.6070081598e-03
5.7828756039e-03
-9.8214028822e-03
-9.1601326196e-03
5.6695048050e-03
-4.9458642477e-04
1.9242456786e-03
-2.5720267339e-03
-8.2104019450e-03
-6.8460308761e-03
-8.1719689539e-03
2.3728971688e-03
8.6169756904e-03
9.9394620597e-03
2.5026466042e-03
-8.8044973678e-03
2.8914979330e-03
4.0265628005e-03
5.8293248873e-03
-7.4834508467e-03
-5.3465073829e-03
9.6335142193e-03
5.7712365157e-03
5.1339504640e-03
6.1105075317e-03
-1.2256220381e-03
-6.1406940190e-03
3.7849996057e-03
-2.8366500550e-03
-7.3053565248e-03
7.9732608854e-03
-2.9395733675e-04
-1.2499999167e-03
-4.1057080712e-03
3.9407554999e-03
-6.2044832756e-03
-6.2674654210e-03
-3.0467064196e-03
4.6480482025e-03
-4.4935107428e-03
6.6269918678e-03
8.2894800396e-03
1.0904062033e-03
-8.6224683328e-03
-6.8994904385e-03
-4.0865467758e-03
-4.7330146221e-03
-2.6577458599e-03
-9.9856034255e-03
2.7605212489e-03
-2.4191286067e-03
-6.2893141981e-03
-9.6256028682e-03
7.1365857667e-03
5.5203313560e-03
-5.2242688357e-03
4.4200712537e-03
3.1657883476e-03
7.7913043187e-04
-2.2501831964e-03
4.8139537621e-04
-4.9016808609e-05
1.0293561450e-03
2.2607848470e-03
-3.5479992017e-03
2.8180785957e-03
-7.7907173192e-03
4.6401078386e-04
-8.6664031381e-03
6.7038671580e-03
-7.4045146736e-03
7.4698555516e-03
-5.9584194262e-03
-2.9259425527e-04
-8.0249282670e-03
1.4202436271e-03
6.7259905321e-03
3.1584251657e-03
5.1642725229e-04
4.0262804315e-03
-4.8812293933e-03
-2.6729195981e-03
2.1190724846e-03
-8.5825207810e-03
8.6042207362e-03
-5.8252381301e-03
-1.7188997143e-04
7.7953465033e-03
-8.4008639353e-03
6.0203989802e-03
-8.7859962343e-03
1.1603977894e-03
8.7648771540e-03
-1.6809359458e-03
-2.6186269828e-03
4.1686756996e-03
6.4728593255e-03
-4.6836873101e-03
-9.1869369545e-03
-8.5922374078e-03
-3.9219090226e-03
8.8920696401e-03
9.2117349087e-03
-8.0576149968e-03
4.5034386562e-03
6.3322102805e-04
-6.2107917379e-03
5.2384043587e-04
-5.0247394189e-03
2.5065010708e-03
-6.4220421674e-03
4.9838871595e-03
-1.6963079950e-03
-7.8897163620e-03
2.7724859978e-03
-2.8407326826e-03
-8.2558815143e-04
3.3048470955e-03
7.6564803875e-03
-6.6638136219e-03
-6.3920692280e-03
-1.9688565277e-03
-3.2497425888e-03
-6.8364708820e-03
9.9686714411e-03
-1.1397566000e-03
-2.9535184946e-03
-3.6969000772e-03
9.8292598124e-03
-3.5069178276e-03
-2.5656097513e-03
5.2836873581e-03
-1.3882385453e-03
4.5173536723e-03
2.1682674051e-03
1.2628940561e-03
-5.7214372791e-03
5.3141643927e-03
8.5229384519e-03
-4.9182174563e-03
9.2330355126e-03
-1.0500042200e-03
-2.0581887662e-03
4.5262655667e-03
9.6591294236e-03
1.9152565325e-03
3.5218717681e-04
9.8682401911e-03
-3.9631669214e-03
-3.9933207654e-03
-5.5622659304e-03
7.1144085102e-03
-9.5659725708e-03
6.4387984489e-03
3.7943836782e-03
-4.4808572651e-03
1.0732630657e-03
1.1264617101e-03
8.5184490042e-03
-6.9057042756e-03
-9.2452739983e-03
-2.8868849343e-03
-7.2318361305e-03
-2.6583421395e-03
1.6431141272e-03
-5.3401170289e-03
6.2214847357e-03
-8.1618975743e-03
-2.0040350304e-03
8.3576360669e-03
4.6853190776e-03
4.4716105349e-03
5.8580838863e-03
-6.5419501829e-03
6.5141048877e-03
3.7919020210e-03
1.5246492355e-03
8.1531128429e-03
1.9046240512e-03
-3.9921349231e-03
4.6157872391e-03
1.5256739231e-03
-8.4304520815e-03
-8.8815458235e-03
5.4180300734e-03
-3.0413958609e-03
6.3428340009e-03
-1.6695657476e-03
7.3566219390e-03
7.3957302824e-03
-5.4656465728e-03
3.0555836632e-03
2.0460326863e-03
-9.7713123807e-03
5.5483723629e-03
-2.3502607563e-03
-3.9043321424e-03
-9.1763549567e-03
7.9859458877e-04
-7.0083996167e-03
4.8032208945e-05
-5.5840565036e-03
-8.9896037171e-03
4.6315714713e-03
-2.1423459096e-03
-1.0876752804e-03
1.9026438259e-03
9.4586922241e-05
-5.5582874370e-03
-4.2043394169e-03
-2.1135519224e-03
-7.3562190926e-03
-8.3490977472e-03
1.4288118102e-03
-9.0137780386e-03
-2.0161740091e-03
-8.2984202506e-03
3.6462312116e-05
5.4765027311e-03
-7.3924965021e-03
-7.3025847255e-03
1.1859235463e-03
-2.4277800391e-04
3.0449687796e-03
-6.0780139921e-03
2.3199367519e-03
4.7133550829e-03
-5.0750831899e-03
-8.5671203932e-03
5.5354379758e-03
-3.5317671769e-03
8.4827616179e-03
-8.2081070375e-03
3.4349510690e-03
-1.5291879527e-03
-3.0338428631e-03
-3.5852327429e-03
1.8775429808e-03
-9.5158633933e-03
-3.9036230491e-03
9.7530383393e-03
2.3244198891e-03
9.8031836454e-03
-1.1557978953e-03
-7.0836304962e-03
-9.1024489814e-03
6.3634384026e-03
-6.0062957279e-03
-2.5235841936e-03
5.1546756519e-03
7.0552829036e-03
-7.7525651843e-03
-8.9092397328e-03
8.9788183005e-03
8.5345939022e-03
7.3750470329e-03
6.4026791286e-03
-9.7253341461e-03
3.8759045011e-03
-7.7744401537e-03
-9.9876858723e-04
-9.5450376970e-03
-5.8198091775e-03
7.6010915814e-04
-5.9239729425e-03
4.6531762933e-04
-4.8268399315e-03
-3.3947339311e-04
4.5984716702e-03
-7.1730515815e-03
3.9751046402e-03
-9.6322297489e-03
1.6600988665e-03
3.2705668400e-03
-9.1303598500e-03
-6.5936070591e-03
-4.3197291790e-03
5.7837698901e-03
2.3592955278e-03
-8.9382950269e-03
3.0951574363e-03
-9.8333164950e-03
-2.2270970553e-03
-4.5737924184e-03
7.0416588951e-03
3.2020074666e-03
7.2856454712e-03
-9.6184335213e-03
7.3482088571e-03
2.9882228950e-03
-5.3766275972e-03
-2.3859759407e-03
9.5322387978e-03
-8.0079257631e-03
-3.6908806138e-03
7.3354549106e-03
6.3121290326e-04
-6.2716522516e-03
1.3016457378e-05
-8.4027475704e-04
8.5269994605e-03
-9.5702308357e-03
-5.0521572050e-03
5.8830727710e-04
-3.3286073074e-03
-2.1320036435e-03
-6.8598949882e-03
-3.0644019418e-03
-2.9617383547e-03
2.5046194050e-03
-5.2759046859e-03
9.5648853449e-03
2.5029223543e-05
6.2378572020e-03
2.5158472743e-03
7.5735454838e-03
7.8080417216e-03
6.2971727536e-03
-9.4106820309e-03
1.0987870319e-03
-4.3961231074e-03
-6.9658363846e-03
7.9435062994e-03
3.1386351790e-03
-8.2440996573e-03
-2.3558575629e-03
9.2121138689e-03
2.2489678670e-03
2.5104920099e-03
-5.4514404509e-03
-5.1927838366e-03
-6.9450169166e-03
9.4107434619e-03
8.1947078713e-03
-3.4143052326e-03
8.4467502412e-04
-5.8648545068e-03
-7.2284694640e-03
8.2707653702e-04
6.0021011833e-03
7.2517532316e-03
-3.8200320768e-03
4.1027277557e-03
4.7610967004e-04
-7.2949501231e-03
9.9137160046e-03
9.5155381814e-03
-7.0969521021e-03
8.6605989285e-03
8.3422424135e-03
-3.6500757832e-03
1.1468059619e-03
8.9720312833e-03
-7.6322541857e-03
-3.6480482162e-03
7.5927624323e-03
4.5415906652e-03
5.3087002514e-03
7.6026380022e-03
-1.7191968916e-03
-1.7749647344e-03
-1.1399102590e-03
8.6753704878e-03
7.8826018627e-03
8.6650006083e-03
-4.5240767074e-03
5.5821576995e-03
-7.8645713431e-03
-6.3050700685e-03
5.2489496747e-03
2.2396319534e-03
-4.6627477399e-03
1.3408618588e-03
-5.3817730253e-03
-5.3563493146e-03
3.7475577036e-03
-2.8147733093e-03
3.7628256947e-03
-4.6795559912e-04
4.6491749009e-05
2.0942351921e-03
4.2403825595e-03
-2.5208119774e-03
7.0425886493e-03
-1.7108805867e-04
-7.2497455532e-03
-6.1348034104e-03
-9.3554089355e-03
5.2907770826e-03
-9.6997147910e-03
-4.6028259471e-03
-1.7391195562e-03
4.8473332333e-03
9.7648683493e-03
5.1555317945e-03
-8.6772735153e-03
8.5420641236e-03
9.7125527917e-03
7.3425800528e-03
-2.0114202978e-04
-3.5020874639e-03
-8.4910141117e-04
-5.0643231828e-03
-1.9026646351e-03
-9.1634744990e-03
4.7066355980e-03
-2.3925166249e-03
-3.7420501718e-03
2.2300974934e-03
4.8493570942e-03
1.8761160279e-03
5.0461063406e-04
7.5156594372e-03
5.7383972464e-03
4.1298182447e-04
-9.6780814873e-04
6.5402020332e-03
-9.1516816798e-03
9.9167274305e-03
3.7405305175e-04
-2.0877760673e-03
4.7034016310e-03
1.1540189963e-03
3.2253366190e-04
2.6129710619e-03
-9.0140910164e-03
-4.1764127553e-03
-2.0392021709e-03
-3.9089170436e-03
6.5524201521e-03
-7.7305672072e-04
-1.5507563510e-03
2.2626855849e-03
-8.9090666637e-03
3.3939300532e-04
-7.1552076245e-03
6.5978700885e-03
-9.6603824341e-04
4.4529358299e-03
-7.7365682751e-03
5.5746228375e-03
8.7568491540e-03
3.9222828368e-03
-7.2938665162e-03
-1.7288138980e-03
-9.8228290306e-04
-6.4224284211e-03
1.8063095058e-03
4.2526878261e-03
-5.9613599058e-03
-9.0633584705e-04
-4.9983541185e-03
3.8343485666e-03
8.1432492601e-03
5.9297244495e-03
4.3674943944e-03
-7.5291156633e-03
-7.7167012235e-03
-1.0120316395e-03
-2.7411322169e-03
4.7634612132e-04
-2.3182525148e-03
5.8213318847e-03
2.3332902969e-04
8.9950777829e-03
-2.4264273717e-03
-2.3878598148e-03
5.3652064757e-03
8.2450555764e-03
1.3098315703e-03
3.1906068120e-03
-6.9982053098e-03
7.3763707496e-03
-6.4226647065e-03
4.2409497576e-03
-1.6083661753e-03
-3.8096338913e-03
5.3726084472e-03
-1.0748353170e-03
2.5290569932e-03
-7.6489204320e-03
-7.3685793638e-03
-5.9429658944e-03
2.4512065597e-03
-4.9377804976e-03
-8.2714684343e-04
7.1082211284e-03
8.7002319209e-04
-9.8849890220e-03
7.6540584107e-03
-5.2424329196e-03
1.7772465437e-03
-4.8576020394e-04
-1.7969726858e-03
-8.4119016526e-03
2.0020420859e-03
-5.1057365712e-03
9.4683219166e-04
2.3953207774e-03
1.1509729654e-03
6.5050500941e-03
-9.0216240011e-03
-7.0348766364e-03
3.0655375643e-03
-9.2655789636e-03
7.0765857447e-03
3.3399308589e-03
6.7602887159e-03
-4.0311690672e-03
8.4076939654e-03
-9.0193727450e-03
-1.6608615229e-03
-6.4350321649e-03
3.4418099052e-03
2.2217951210e-03
3.8302723616e-03
1.8993797261e-03
5.7461515907e-03
-6.4516146531e-03
-8.9324343959e-04
1.5793258488e-03
8.6295963877e-03
-8.1374742436e-03
-4.0141103681e-03
-2.6286114905e-03
-2.4212129682e-03
-8.6466664436e-03
-1.4535232122e-03
1.0094216563e-03
-4.1433457329e-03
-7.3090842184e-03
3.8923887699e-03
-4.5116291450e-03
5.4105466809e-04
4.9292418507e-04
3.9165899469e-03
2.2410748986e-03
-7.8139553113e-03
4.5945703953e-03
2.5795719816e-03
9.7437852752e-03
-3.2674033581e-04
3.7730855651e-03
8.6778334958e-03
9.7255688469e-03
-4.2562539239e-03
2.1768921387e-03
-3.6702288300e-03
5.0782450663e-04
9.9004867112e-03
-2.9229331125e-03
-7.4057372489e-03
1.2526867533e-03
3.9411600369e-04
2.6371521499e-03
-1.4991092563e-04
-6.4018553669e-03
2.1881151546e-03
4.1717413501e-03
9.5851531913e-03
-9.9683816555e-03
-9.5202640496e-03
2.5092148478e-03
-7.6414855216e-03
6.9613957714e-03
5.9912870251e-03
9.9797401450e-03
-1.7191772095e-03
-3.3241548613e-03
1.2083100984e-03
2.7500708718e-03
-9.7740546404e-03
-5.9762572214e-03
-4.3674659350e-03
5.8039100569e-03
-3.8445490151e-03
1.3379254192e-04
-3.5215232123e-03
-9.8773747513e-03
3.7167157729e-03
-3.1727682954e-03
4.4879328562e-03
2.3198668599e-03
-9.4176523638e-03
-6.4874182352e-03
-3.3897033581e-03
-3.2412628945e-03
3.4494591473e-03
8.3232610635e-03
5.9450876766e-03
2.9130444133e-03
-3.7008953759e-04
2.5440097542e-03
7.8411665358e-03
7.3935089945e-04
-3.2978069093e-03
5.6797806642e-03
-1.7209386933e-03
4.8516929233e-03
6.7021147193e-03
-4.0131250672e-03
4.4992830870e-03
-3.6899431713e-03
7.1770951431e-04
-5.8347505961e-03
3.7098660069e-03
5.9907066697e-03
7.7605893904e-03
-2.9280891916e-03
9.3922658487e-03
-4.3907994269e-03
-9.3765367062e-03
9.6723753773e-03
2.5302169523e-03
6.8481154987e-03
1.4196328231e-03
-2.2086745221e-03
1.9038373406e-03
7.2918738100e-03
5.0308041734e-03
4.1053236809e-03
-3.7100120321e-03
-9.3674356831e-03
-1.7226086428e-03
-5.8911312066e-05
-5.2471550745e-03
-9.6187340774e-04
9.0145349954e-03
-5.6772024147e-03
-3.9536340274e-03
-7.7553745547e-03
5.6988796647e-03
5.5558078292e-03
8.2670769233e-03
-1.1245181403e-03
-9.5013045074e-03
-3.4673617706e-04
1.0861685988e-06
-6.1957664281e-03
8.4727353578e-03
4.6488213351e-03
4.7255923008e-04
5.5106641840e-03
-7.1340990410e-03
7.4359797088e-03
6.4427703593e-03
8.7604769343e-03
3.5343457748e-03
-7.3456568710e-03
4.4914126451e-03
-8.1263178772e-04
4.2735478081e-03
4.4689746437e-04
-9.9178026153e-03
8.6467468804e-03
3.7410466147e-03
1.8857516157e-03
-8.2584821681e-03
-6.6248195034e-04
-9.0772045995e-03
4.1155424210e-04
3.1796857336e-03
-3.7503839996e-03
1.5511966882e-03
-3.7571420314e-03
7.8427116886e-03
-3.5823926031e-03
-6.1490872075e-03
-4.4670092266e-03
-3.6170041900e-03
-1.1776875450e-03
-7.6469832252e-03
-7.0135855440e-03
-4.5272622832e-03
-9.6948656502e-03
2.4588992536e-03
2.8121323919e-04
-5.8684524085e-03
-2.9936372415e-03
-3.6303017630e-03
-7.1688634242e-03
4.0870739228e-03
-4.3346460798e-03
-5.1034985227e-03
-8.5751425756e-03
2.2652576703e-03
-3.2252221494e-03
-1.1270472332e-03
-7.3985199587e-03
-5.8528841983e-04
3.5099187569e-03
-7.8814616228e-03
-8.9240024856e-03
-1.4706850958e-03
-6.4203401350e-03
1.9224272506e-03
1.8551244780e-03
6.7234880760e-03
3.9873099991e-03
2.3263067537e-03
-3.7511869770e-03
6.3488395807e-03
4.2579736946e-03
3.4174053087e-03
6.6969857790e-04
9.4736377780e-03
5.1148587114e-03
-6.8609273914e-04
-7.3640943925e-03
6.2570203546e-03
8.3937808422e-03
-6.3448189240e-04
-8.8831658507e-04
3.6895594961e-03
4.2043180416e-03
-6.9206871531e-04
-5.3661157269e-03
-5.5241109217e-03
7.2219255411e-03
2.3388417450e-03
8.2572322135e-03
-2.1584616328e-03
3.9922924216e-03
3.3036123708e-03
5.7755741270e-03
7.6480778046e-03
-9.3433864601e-04
-9.3947173558e-03
-4.9331275927e-04
-2.9711835863e-03
-7.7516632590e-04
-6.5839691040e-03
5.3588302953e-03
2.0888046287e-03
-7.4521199602e-03
-7.9413557938e-03
6.3510578445e-03
5.9351554672e-03
-3.4826054340e-03
2.9890282558e-03
5.8486187908e-03
6.5491131857e-04
-1.9836705043e-03
-1.7311618867e-03
2.4174967771e-03
9.5898034558e-04
9.4778346244e-03
-2.3236708245e-03
-3.1857168364e-03
6.2783140978e-03
1.8194039808e-03
5.6862795323e-03
-1.2929258395e-03
5.7465354118e-03
8.9053760382e-04
-5.2769136171e-03
3.2522451385e-03
-8.4421119482e-03
8.6172651815e-03
1.4837658162e-03
-2.6739387001e-04
1.8432627016e-03
-7.4183131376e-04
1.1017540243e-03
6.4404610463e-03
-6.4765199560e-03
9.1176689276e-03
-8.6078473034e-03
-7.8251073233e-03
6.2813343996e-03
5.4268675774e-03
-2.4217797328e-03
-1.1409705207e-04
3.2032951804e-03
-8.1893399034e-03
6.3406717984e-03
7.7452307315e-03
8.0651200943e-03
2.7226564005e-03
-9.9963131909e-03
-7.0654929190e-03
-7.0156713645e-03
6.2511642151e-04
-2.2003467954e-03
1.5586282979e-03
-6.0866675965e-03
3.6303357597e-03
-3.6680456549e-03
1.4055281571e-03
8.2640853047e-03
-3.9089973392e-03
8.8666659499e-03
-1.3054593328e-03
9.6516060703e-03
-3.1147074714e-03
-8.2142519083e-03
-9.8376149518e-03
9.7284329698e-03
-1.9160516787e-03
-7.4488860589e-03
-4.1163067427e-03
-2.6155421285e-03
9.7770273207e-04
-8.9374537765e-03
4.0670824885e-03
6.4150656728e-03
-2.8151073888e-03
7.2249567929e-03
7.3135927366e-03
-5.2951765907e-03
4.0444376454e-03
-2.1146335266e-03
-3.6374538076e-03
-2.3442077032e-03
-2.3686990984e-03
9.0237575937e-04
3.2497512063e-03
-5.0257174089e-04
-6.2354632384e-03
-2.3080988462e-03
8.4896408558e-03
6.7992537345e-03
-6.9146541821e-03
9.9491208602e-03
3.4013216385e-03
-7.3144510371e-03
-8.5650800692e-03
-9.6858440125e-03
4.4267846472e-03
-2.6597326131e-04
-1.2652976848e-03
9.8043528402e-03
-8.3067311142e-03
2.8448579916e-03
-1.6828906744e-03
-8.7942691243e-04
5.7785684907e-03
2.0885902539e-03
-1.4859165813e-03
-6.4040524580e-03
1.8829828860e-04
1.0410006076e-03
-9.9908465375e-04
-2.8938553891e-03
-6.2841793262e-03
2.0914651465e-03
1.5587700156e-03
6.9360777335e-03
-5.2650006544e-03
3.4576098509e-05
-1.7832437267e-03
9.2332520729e-04
-2.6605994950e-03
9.5646689889e-03
1.3629915540e-03
4.0976508511e-03
-7.7367126077e-03
-3.6934182618e-04
3.8099452973e-03
-7.1582504019e-03
4.6258636603e-03
9.6715819626e-03
9.6733675525e-03
5.5773963451e-03
-7.0127345369e-04
-8.4353079612e-03
7.7983095661e-03
-8.2310729853e-03
-5.5096855303e-04
4.8337222135e-03
9.2082209391e-03
-8.4383616322e-03
2.6737532823e-03
5.9619648128e-03
-3.7500055711e-03
-8.9445145572e-03
-3.1290765800e-03
5.5705426649e-03
-6.2262379318e-04
2.5326220781e-04
-6.1535215766e-04
4.6762909489e-03
-1.5796778570e-03
9.2116260495e-03
5.9644644401e-03
-4.2158311356e-03
-9.2934751965e-03
8.4572903212e-03
4.9885055876e-03
4.5394342817e-03
1.2741254658e-03
-8.7716447369e-03
-5.3678936092e-04
-6.6184151809e-03
-8.9676023042e-03
9.8072965878e-03
6.1779155936e-03
2.4863401096e-03
-4.2636869125e-03
-8.3497966637e-03
1.1192218615e-04
7.0289051211e-03
-4.4430240613e-03
-7.3492247439e-03
-4.3805613704e-03
7.1571676816e-03
-9.7159397987e-03
-7.7690119142e-03
-6.5077230468e-03
1.8354025094e-03
-6.9772877307e-03
-1.0669366464e-03
6.1568138265e-03
-4.7749482419e-03
4.0154974515e-03
-3.0162972498e-04
5.9874401282e-03
7.2402885606e-03
-3.1430400932e-03
-8.3119706858e-03
-7.0985949642e-03
8.6788370940e-03
-6.9169940296e-03
-8.1034488565e-05
9.8717114945e-03
5.4073557829e-03
-5.2410512178e-03
-1.1962998322e-03
2.7514933299e-03
-5.7828650508e-03
4.6872222188e-03
-3.0984856107e-03
2.8452219463e-03
5.1096786290e-03
-7.6801127117e-03
-6.6479920650e-03
-2.0251039451e-03
-3.9726574009e-03
4.9230109078e-03
5.0485570613e-03
6.5041664744e-04
-2.4039841170e-03
4.1121560916e-03
-5.0820838472e-04
-7.0970033809e-03
7.4055547170e-03
-9.7627391981e-03
8.5444505211e-03
-1.0235875276e-03
3.5698681050e-03
9.2352544561e-03
3.6575262183e-03
-9.1796476994e-03
8.3542428212e-03
2.7484830251e-03
9.1236731178e-03
-1.3642824277e-03
8.3608403283e-03
7.1671134640e-03
-3.3006518676e-03
-4.6582436856e-03
-8.0344642318e-03
3.0868656314e-03
-2.1769247262e-03
5.4630203061e-03
4.9818182352e-03
4.6862691152e-03
1.7744858221e-03
-6.1014863074e-03
-3.2518679384e-03
3.8055665781e-03
-6.4016669522e-03
9.5225110808e-04
3.4560371948e-03
6.6337899965e-03
-9.7607717795e-03
-8.0460248105e-03
-7.9218543044e-03
-1.0811559332e-03
-5.6116734855e-03
-4.3340596181e-03
-6.1384093711e-03
-9.5259905429e-03
-8.1611743485e-03
8.7701093546e-03
3.1321103713e-03
6.7091827418e-03
9.0097791850e-03
2.7616577032e-03
4.1615021166e-03
-7.6004578044e-03
7.1288164861e-03
-7.4018549359e-03
3.1278925782e-03
7.9979443025e-03
1.3213760858e-03
9.3433101751e-03
7.9200326071e-03
3.9130726731e-03
-4.9332852223e-03
-6.6088845425e-04
8.7236411982e-03
2.7756101569e-03
8.4539078169e-03
-4.4723287568e-03
-1.4603320223e-03
8.0678298574e-03
5.3976101831e-03
-3.5319174443e-03
-6.7606793671e-03
-8.5200587992e-03
5.5421190057e-03
-2.3440199511e-03
-3.3469052619e-03
-8.7988270434e-03
9.1121139843e-03
-4.7067029509e-03
-1.1885033444e-03
-1.6556427189e-04
8.5717259646e-03
2.2060376991e-03
-6.4311565987e-03
-1.5885411077e-04
-7.1225479930e-03
5.3741464661e-03
-5.6322700360e-03
2.8667633394e-03
8.2521844568e-03
4.3080063550e-03
-7.9342576809e-03
-8.5416099324e-03
1.4268911969e-03
-4.9880729948e-03
-1.0823589535e-03
7.9302478578e-03
-7.0229144912e-03
2.8067053856e-03
8.6578744706e-03
3.2921167300e-03
-4.6712703777e-03
4.0011039868e-03
8.0923508691e-03
1.4928050345e-03
3.0766005927e-04
8.7982214646e-03
-1.8641092209e-04
-1.2788466507e-03
6.8809830737e-03
5.6187407393e-03
5.7076341018e-03
8.0257434038e-04
-9.9338527941e-03
9.0831069185e-03
6.3595331877e-03
-3.5867316705e-04
1.3448777102e-03
8.7008437502e-03
-2.8216334681e-03
3.6367147122e-03
-1.9877040304e-03
2.6454505320e-03
9.1764777373e-03
-8.1866605035e-03
6.9252593120e-04
9.2185104400e-03
-8.3908643065e-03
-8.0721292489e-04
5.3301617935e-03
2.9558514361e-03
-6.4676339098e-03
-9.2133763481e-03
-2.3167264967e-03
-6.1799367817e-03
3.9176455721e-03
7.9292139570e-03
2.6123411490e-03
-2.8147775700e-03
-8.3027503065e-03
2.6558253822e-03
4.7064836606e-03
-7.2011409647e-03
-6.1381456218e-03
4.3947806949e-03
1.8589085696e-03
-2.1534899045e-04
-8.7401473831e-03
8.1104094437e-04
-3.8453824074e-03
6.7880093529e-04
6.6850058454e-03
-1.0138544490e-03
9.9166725600e-03
-9.2591464014e-03
-8.8789109382e-03
5.7555706383e-03
-9.1437093309e-03
-7.6362578255e-03
6.1420741161e-03
3.3463283663e-03
-8.3259270488e-04
3.5615564689e-03
7.4851078595e-03
-7.0209274082e-03
1.5869142462e-03
8.4963162351e-03
-9.2624466515e-03
-7.1681905554e-03
3.0766305356e-03
-5.7560728383e-04
8.3603815166e-03
-9.0839661296e-03
4.0259362234e-03
-7.3892453291e-03
-6.5550198208e-03
-9.0008400523e-03
-3.8532533019e-03
5.8739420917e-03
-8.7630814147e-04
-6.5862122423e-03
1.8208497858e-03
6.3560035553e-03
-7.8733759948e-03
-5.7130069289e-05
5.9835044467e-03
-5.5885495151e-03
6.0890706185e-03
-1.4757707212e-03
6.2304205948e-03
9.6438550559e-03
3.5679567459e-03
-3.5153011798e-03
9.5170653886e-03
1.5193402090e-03
-7.2534119604e-03
6.7285418458e-03
5.8620333989e-03
5.2845576473e-03
1.8617050608e-03
-3.2899254466e-03
-7.5850902090e-03
-7.1752639476e-03
-1.6969135153e-03
3.9259157136e-03
1.0681545980e-03
-1.2267757589e-03
8.5135106119e-03
-9.1860221128e-03
-8.0006429864e-03
6.9473342049e-03
2.2488301063e-03
5.5532327529e-03
-9.6873934746e-03
-2.6065050353e-04
-9.8730084289e-03
-6.4117428770e-03
-8.2171751996e-03
3.0351158371e-03
7.7383028394e-03
-1.6755551556e-03
6.1482360649e-03
5.4512541705e-03
3.8471666168e-03
-5.8767956282e-03
2.7965140746e-03
4.6173728264e-04
-1.7593735100e-03
8.7617922089e-03
2.2107597726e-03
-9.2475757604e-03
-6.3999906604e-03
-2.2473019287e-06
9.0059612823e-03
2.5438330809e-03
5.6516606064e-03
-3.0429286631e-03
-9.9085991744e-03
-5.2872198534e-03
-7.6498435458e-03
6.0398041856e-04
-8.0863229008e-03
-2.7619739081e-03
5.2225647847e-03
7.9445652776e-04
-5.6144773268e-03
5.4066256622e-03
3.1865431678e-03
-4.4714683215e-03
-6.1256201397e-03
5.9322594329e-03
3.7048750883e-03
9.3714767563e-03
-5.1174320318e-04
-6.4735236526e-03
3.4028527025e-03
-9.1376879731e-03
2.8972167319e-03
-4.2987095997e-03
-1.3065671546e-03
-3.3141074156e-03
6.1030734912e-03
5.1681604167e-03
-9.1336503469e-03
4.8083376963e-03
8.4972269144e-03
-6.4822478357e-03
5.7098403616e-03
-2.9877207951e-04
-7.6786982908e-03
7.9015834980e-03
4.4280616112e-03
1.8541332453e-03
-3.4805537136e-03
-6.0249720891e-03
3.5370509175e-03
-3.4863008216e-03
5.5795055792e-03
-3.4773555059e-03
-8.0387173240e-03
4.7549573202e-03
7.3977260590e-03
-2.4893522424e-03
-5.5867448340e-03
-5.8019480331e-04
-3.1184568191e-04
7.8097768777e-03
-7.1011745608e-03
8.5577423289e-03
-9.0018254845e-04
-2.2533939222e-03
-7.2719077084e-03
4.3964243224e-03
2.6404223380e-03
9.5111178264e-03
-5.9557821846e-03
-7.4557647061e-03
3.8442105902e-03
-8.8069656073e-03
-7.2699700130e-03
7.0330273309e-03
-8.2842150059e-04
-6.5759736657e-03
-3.1284798354e-03
7.7281794392e-03
2.0727196569e-03
5.7909393004e-03
2.7599842776e-03
2.2305618086e-03
-6.6012903186e-03
9.4027168382e-03
7.1000804349e-03
-8.2705133540e-03
7.1394752743e-03
-2.1573202875e-04
9.9132867480e-03
1.8316174259e-03
6.7397805248e-03
-4.4165824332e-03
4.6003550929e-03
4.7235771824e-03
-5.0669164586e-03
-3.4540810534e-03
1.5893406007e-03
7.8364525627e-03
1.8354326406e-03
-7.0206059644e-03
1.4740156976e-03
-9.8984483752e-03
9.6036808259e-03
-9.1988264037e-03
-5.8694739141e-04
5.3721278167e-03
-9.3275889120e-03
6.2243452584e-04
-4.1461321567e-04
5.9603502894e-03
6.4258264151e-03
-9.5117263566e-04
-5.1897701497e-03
1.1697393288e-03
-9.7515401701e-03
4.6357256780e-03
8.9986779121e-03
-7.3457599642e-03
-4.0841914357e-03
2.9528039692e-03
-8.1854099012e-03
-4.0434097215e-04
-3.9032679555e-03
4.0660897582e-03
7.1584422246e-03
4.9457339322e-03
-9.5117305254e-03
-9.0318404678e-04
5.4367001561e-03
7.4839807604e-03
-1.8927925550e-03
5.7971742558e-03
-2.5915907879e-03
-7.1408425213e-04
2.6680460574e-03
7.2076530199e-03
-8.5860281609e-03
7.8686888055e-03
-3.3418772324e-03
-9.3457164918e-03
-1.4819549392e-03
-4.6042123887e-03
8.9219098706e-03
8.4870212901e-04
5.8895750652e-03
5.7538368828e-03
-8.3808191686e-03
7.6169449591e-03
4.7152157027e-03
-8.9037664958e-03
8.9064445958e-03
3.4930593318e-03
7.7595581191e-03
-7.7806691255e-03
-2.6881828211e-03
2.3826690079e-03
-2.6885771205e-03
-6.4946519363e-03
1.1758091606e-03
-8.6598817169e-03
4.1867427191e-03
-5.9057481381e-03
9.6250324450e-03
-5.2273458928e-03
-7.7288464235e-03
-4.3013069967e-04
8.7829586494e-03
1.6023877071e-03
9.1820746217e-03
-5.8041204880e-03
4.9003342928e-03
-5.4912554740e-03
-2.9457666132e-03
-4.6528429533e-03
3.6045347784e-03
-4.4570933201e-03
-8.7326163988e-03
-3.0954683643e-03
-2.7546189704e-04
5.3365198218e-04
-7.5458113149e-03
4.1965057748e-03
3.5661658384e-03
6.5710930518e-04
-4.1547129375e-03
2.4190253568e-03
5.9980773439e-03
8.9073064466e-03
6.1759175328e-03
8.8175177400e-03
-8.6874481755e-03
7.8380642658e-03
-8.4251760135e-04
-8.3965919330e-03
7.9589171974e-03
-4.2325462463e-03
9.1325385983e-03
-7.8127015882e-03
-4.4811452758e-03
3.9416422170e-03
-7.3425300345e-05
7.4998627907e-03
4.1375278713e-04
2.5455239449e-03
-4.1366111612e-03
9.3914921108e-03
8.2869916137e-04
-7.3594526240e-03
-3.0659950644e-03
-1.1227989588e-03
2.8936888310e-03
-4.1696640567e-03
-8.7410098281e-03
7.4358740154e-03
-5.3534387298e-03
8.9489742398e-03
2.8934406245e-03
-1.7661654087e-03
-3.1441504276e-03
2.9210245292e-03
-3.4738717249e-03
1.8671451011e-03
3.9372716144e-03
6.8381574077e-03
-1.0948739263e-03
-3.9183532346e-03
-7.3609149608e-03
5.7869652370e-03
-6.5652574913e-03
-4.7998508473e-03
-3.1513774814e-04
9.4144809675e-03
5.3949947425e-03
-9.0536212700e-03
-2.9375820928e-03
-8.8146925625e-04
-6.6727385493e-03
8.4826328100e-03
4.2362434470e-03
-4.2950683561e-03
9.4641217851e-03
6.7866335374e-03
3.8571853794e-03
3.3271193198e-03
-6.9303039966e-03
-5.2418935125e-03
-9.1769708702e-03
-3.6674832442e-03
-7.4705297588e-03
-4.7918560550e-03
-6.3100683383e-03
1.2497448485e-03
-9.3062182269e-03
-3.6611247095e-03
-3.1230596978e-03
-2.5417012798e-03
7.9733192555e-04
-6.7480478386e-03
-3.9688046096e-03
8.4086795188e-03
-1.9087533755e-03
-1.1661683244e-05
-7.0923222679e-03
-8.3918527844e-04
-3.5956413811e-03
-9.9141138837e-03
4.7698996285e-03
9.5120207231e-03
-3.3743870784e-03
4.1090271317e-03
-5.2178652644e-04
-4.2034563467e-03
8.8801905146e-03
9.6137955776e-03
1.4745516579e-03
-7.0583305061e-03
1.3046302987e-03
8.1376157585e-03
-1.1578893157e-03
3.7829396296e-03
4.6328104256e-03
8.0034893811e-03
-7.2115341309e-03
1.0191998060e-03
-3.8383559846e-03
-1.9674015615e-03
6.8175383241e-03
-1.0805461768e-03
-8.1503773739e-03
-8.8993272769e-03
2.8262530558e-03
1.6686288307e-03
-5.5571228592e-03
8.7133015345e-03
-4.4414566166e-03
-9.5490270728e-03
7.6824588320e-04
-1.0908383612e-03
3.4311555263e-03
-8.2524612582e-03
2.3575043595e-04
-6.1109992131e-03
-3.6448437567e-03
2.1015564369e-03
8.8680432820e-03
8.1689390044e-03
-2.7787026171e-03
-7.0410812324e-03
7.0760813993e-03
-2.6074006578e-03
-2.5433769804e-03
-4.3069926880e-03
-2.9728993314e-03
9.5504725643e-03
7.4860347153e-03
-8.2480273819e-03
4.5570671391e-03
-1.1155927566e-03
9.8519433164e-03
6.0737100903e-03
-4.2273196334e-03
6.1134557021e-03
9.4072134640e-03
-1.5233560311e-03
7.9285765311e-03
-7.2086462624e-03
1.7436013517e-03
-8.2784405137e-03
-5.8443241860e-03
-5.0773739988e-04
7.3505163976e-03
9.7327669465e-03
-8.6776843767e-03
9.2019059644e-03
5.1222810709e-03
-8.2310344269e-03
-1.8107872249e-03
8.2882099261e-03
-1.7097197212e-03
1.1162768993e-03
4.2049401355e-03
5.1048749558e-03
-7.2614592017e-03
-6.2798716378e-03
-2.3646093474e-03
1.0773385302e-03
-9.1553417112e-03
6.5249661061e-03
6.6917040326e-03
-3.9217124143e-03
1.1856211334e-03
-7.3096331589e-04
-9.4631997062e-03
-9.9510665008e-03
-4.7464595288e-03
9.1205319227e-03
6.6848614270e-03
-5.4917661485e-04
3.0762594440e-03
7.8537305128e-03
-1.6568645568e-03
-1.6226993400e-04
3.7568637199e-03
-5.1049947696e-03
-7.6129067295e-03
-4.4556593160e-03
9.8866590814e-03
-8.6655034723e-03
4.9113114717e-03
1.6213154019e-03
1.3114917928e-03
7.3669183639e-03
2.5599209496e-03
-4.7918573405e-04
3.8849019733e-03
-7.6083263199e-03
2.5051738813e-04
1.5052737322e-03
6.9056013613e-03
-6.7430553464e-03
-8.8297921201e-03
-3.6063777713e-03
7.5663452883e-03
-7.2900521223e-03
-6.7338229637e-03
-4.5465929268e-03
-1.6097198969e-03
8.2420924239e-03
-2.8803135382e-03
-4.2028760475e-03
5.9224659785e-04
8.7263403947e-03
2.7732986120e-04
5.3288487536e-03
-6.3350500517e-03
-8.1098269524e-03
5.0525701295e-03
8.7424670497e-04
7.4488626892e-03
6.5364399321e-03
3.6993430257e-03
-3.9785538209e-03
3.7088743892e-03
3.7669328395e-03
-8.0833318033e-03
1.6009328293e-03
6.4662963366e-03
-9.7420467232e-03
3.6341492555e-04
-2.5397160979e-03
-3.0201950491e-04
-3.1937381743e-03
8.2157595699e-03
-7.9516428384e-03
-6.9089017058e-03
-5.5777299655e-03
-6.2316643007e-03
7.9411346553e-03
2.2685671880e-03
6.6283236373e-03
5.1305649371e-04
6.4191307314e-04
1.0222565684e-03
5.1261348728e-03
-7.7206652735e-03
-7.9017282784e-04
-8.4719934886e-03
6.3768948810e-03
8.4681950535e-03
-4.0963540253e-04
-3.7685306831e-03
-2.7486286850e-03
6.3407740655e-03
7.7945277076e-03
1.9529727881e-03
5.2717909172e-03
-3.1590974074e-03
4.1978976585e-03
-9.4248092555e-03
6.2914821682e-03
-5.5528430449e-03
7.1363041839e-03
-7.1528132725e-03
-5.4685113866e-03
-7.4931163773e-03
-7.3956349520e-03
-8.4279007577e-03
3.8163627331e-03
5.6805944609e-03
-8.4452940496e-03
5.4938461608e-03
5.1466806876e-03
-9.1496611839e-03
-7.8436523627e-03
5.8611036330e-03
2.6958385008e-04
-8.8146952586e-03
-7.6215556400e-03
-4.9397505755e-03
-8.6750527767e-03
3.3517284707e-03
5.0910054291e-03
5.6474162823e-03
8.4019614163e-03
-5.8919762689e-03
8.0234973431e-03
-6.3043635084e-03
-2.9693266706e-03
-8.1844137392e-03
6.9172304491e-03
8.8368995901e-03
8.9758321017e-03
-3.0432691645e-03
-6.7888532795e-03
1.2688306094e-05
4.5710817893e-03
-5.1635495566e-03
1.4047071440e-03
-8.0178863079e-03
1.5626735632e-03
-9.7203137683e-03
-5.6600384838e-03
-6.1690495962e-03
-4.3628641707e-03
8.0332058302e-03
7.4252978032e-04
9.4715980776e-03
-8.0262856298e-03
-5.7196922719e-03
8.3905436292e-05
4.1551218144e-03
-2.6707394871e-03
1.7876114227e-03
-1.2066834161e-03
9.1549547177e-03
-6.3830292471e-03
-2.9035531012e-03
-2.4076988661e-03
-5.7145199903e-03
-5.4489157487e-03
-7.7430904267e-03
9.6922550074e-03
-7.5276919505e-03
-7.7936767757e-03
-7.2817526019e-03
5.2454735877e-03
4.0946183038e-03
1.1426424566e-03
-9.1878287372e-03
-3.4376918534e-03
-7.6855478607e-03
-4.3277711485e-03
2.0077901685e-03
-3.7598617841e-03
9.5235809447e-03
-1.1208825967e-03
1.0783178221e-03
-4.1882134996e-03
7.1073133391e-03
-6.2243002867e-03
-8.6078168609e-03
6.8211655024e-03
-4.8646406247e-04
3.5826221656e-03
-6.4140543323e-03
9.9744665137e-03
-1.6703252910e-04
-7.8965623086e-03
-1.2388329919e-03
3.1709652657e-03
-8.2998817981e-03
-7.1326487668e-03
-1.9875142433e-03
1.8111446466e-03
-7.9655568687e-03
8.5058063108e-03
9.5570665849e-03
-8.7057917768e-03
9.5041498838e-03
-3.2273670733e-03
1.8992165989e-03
9.8132263726e-03
-7.5447566460e-03
6.7621826268e-03
4.5040100067e-03
-4.4296333544e-03
4.2698761472e-03
1.6383724799e-03
-4.5405441886e-03
5.7898546459e-03
2.8766235625e-03
-1.9952894217e-03
-4.8347433408e-04
2.0633086488e-03
-1.9111280162e-03
-3.0934281477e-04
-4.4221873362e-03
5.3599911116e-03
-7.8392666396e-03
-4.9862027929e-03
-5.4524357494e-05
2.5674205933e-03
-7.3078323856e-03
-8.0079321954e-03
-8.9429515853e-03
-8.6354265365e-03
3.5621488134e-03
9.4414510100e-03
-2.3473403447e-03
3.5840872417e-03
-6.9452669765e-03
2.4393352305e-03
-8.0733274281e-03
-8.4696548192e-03
5.0321949303e-03
5.3514421720e-03
5.8546283045e-03
-5.9613649110e-03
3.2418646660e-03
-1.9499279487e-04
-4.7666945245e-03
-3.1276870058e-03
7.1934462399e-03
9.3240067626e-04
9.0516098982e-03
-9.3680295362e-03
-1.3918718874e-03
8.2987831710e-03
-2.3274024650e-03
-3.7088160436e-03
-2.4732687410e-03
-8.0687522352e-04
-9.3428040777e-03
1.1333310097e-03
7.2072140544e-03
-3.9391085677e-03
4.1211840755e-03
-1.7040782710e-04
-7.3102351558e-03
4.3144637926e-03
-2.5090146601e-04
-7.8123601423e-03
3.5004916028e-03
3.2015717855e-03
3.7074833422e-03
1.4442046687e-03
-4.8177889552e-04
7.0870293910e-03
1.3370097514e-04
-2.1723036076e-03
-1.0617739096e-04
9.4174151686e-03
2.3387935276e-03
-2.9447245946e-03
9.5556588895e-03
-3.5903443305e-03
-9.4370602682e-03
-9.0976309585e-03
6.7386830399e-03
-3.0224642441e-03
4.8411426818e-03
-9.4620031468e-03
7.8268578090e-03
-3.1748695104e-03
-8.0529990154e-03
-3.0971394491e-03
-2.8526783866e-03
-2.9746147906e-03
3.2248001165e-03
-5.0477213808e-03
2.9616564977e-03
1.8506333358e-03
8.2077803743e-03
-8.6899952786e-03
-3.9017508753e-03
-3.2481148586e-03
-9.6057601961e-03
-3.4776632432e-03
-7.8181227181e-04
7.2673704360e-03
1.3609880976e-03
8.0281969042e-03
-4.6676222950e-03
3.9191695258e-03
1.7597846720e-03
9.7152956302e-03
-2.4452481314e-03
-2.1939841922e-03
1.4507728961e-03
6.1665313674e-03
-7.9988663359e-03
3.5022259065e-03
-3.2806507503e-03
5.5370451727e-05
5.2980780106e-03
-3.2092115035e-03
2.2965574711e-03
-2.7333138929e-03
-1.2801773546e-03
-6.0965771162e-05
6.9466818831e-03
5.7429921739e-03
6.8076097742e-03
7.1668046923e-04
-4.2528888188e-03
-9.0493727777e-03
9.9245538672e-03
-1.9594529562e-03
-5.4822804593e-03
4.8577605125e-03
-8.1608432952e-03
6.8837376800e-03
-8.1053276968e-03
-3.2632387767e-03
-8.6546044698e-03
6.0237134294e-03
-4.9463265730e-04
-5.8052168269e-03
5.9130349870e-03
3.0307362711e-03
-3.9630597078e-03
6.0825342387e-03
-1.3417903090e-03
7.9895158311e-04
-5.9984602907e-03
-1.9539808853e-03
2.4992775195e-03
-9.3542789347e-04
5.2688442987e-03
-6.3879829823e-03
-9.6279335577e-03
4.0666329140e-03
7.2541961352e-03
1.5368659048e-03
-5.7409438996e-03
9.2423414922e-03
4.8441602197e-03
-6.5409373225e-04
8.7432585117e-03
6.5438670053e-04
2.2884459574e-03
5.3823833029e-03
-1.3255103030e-03
1.3223288546e-03
2.5351694315e-03
4.4539171467e-04
-2.7145066168e-03
-7.0451262235e-03
-6.9905469199e-03
3.7061327346e-03
-3.9944865042e-03
-1.2922243163e-03
-3.6269363969e-03
6.6042876111e-03
-8.7114494094e-03
-5.9288391700e-03
-1.7512324055e-03
6.4742140900e-03
2.9208530725e-03
-4.8710673024e-03
2.0246453935e-03
-1.8826812150e-03
-7.7288284674e-03
-6.1616797704e-03
-5.0882678036e-03
6.5445764826e-03
-7.1680598179e-04
1.1965002107e-03
-1.2773417798e-03
2.9384410241e-03
-9.2599253055e-03
-6.8128302287e-03
-7.2713874237e-03
-4.8320630506e-03
6.0707636591e-03
3.1734142528e-03
-6.4802955621e-03
7.0504203502e-03
9.2757378105e-03
-2.8316068914e-04
-9.6018251694e-03
7.1916800583e-03
-8.3214091787e-03
2.0319948044e-03
7.3434355950e-03
8.0114976995e-03
-1.8598629688e-03
-2.7313150955e-03
3.1486120650e-03
-8.1938741510e-03
8.8632428407e-03
4.4846890632e-03
-7.1887969619e-03
-7.7613527222e-03
4.6896081418e-03
8.6587089480e-03
4.3915117744e-04
6.5796316535e-03
8.9934900068e-03
8.6311125048e-03
-4.9638388311e-03
7.6912972466e-03
-5.2384628952e-03
-7.5544633309e-03
6.1337449124e-03
-3.4142817807e-03
1.6865244116e-03
-2.2009866229e-03
4.9674845850e-03
-5.2812384165e-03
-1.5426200303e-03
-7.1144418259e-03
-6.4969148913e-03
9.3984695188e-03
-1.2104917454e-03
-4.9138815905e-03
1.7896188879e-03
-1.9282839694e-04
-2.5059003085e-03
8.9742177893e-03
-3.6702010712e-03
-1.5243736692e-03
3.6547689507e-03
9.2663067993e-03
7.5886708177e-03
8.7394458271e-03
-2.7400397546e-03
4.3134245824e-03
6.4273073238e-03
-9.5785157911e-03
9.3361031868e-03
2.1162946574e-03
6.8294593304e-03
3.2444686888e-03
8.8169655285e-03
3.8136491056e-03
5.7760542142e-03
-5.2064834158e-03
1.0545580662e-03
-3.8146299662e-03
9.1696722359e-03
-2.7428980316e-03
6.2450059779e-03
-7.5589246251e-03
7.3390587026e-03
7.1529427830e-03
-2.2305797029e-03
8.1957819999e-03
-2.1404886354e-03
9.5598570880e-03
-4.8893261998e-03
-8.1949934458e-03
6.4541545148e-03
-5.2907909010e-03
-5.7922701747e-03
7.8049345553e-03
8.3178160248e-03
2.6270540531e-03
7.5893449504e-03
5.3348180122e-03
-1.8742236809e-03
-9.3223663756e-03
7.3288917661e-03
6.4639556079e-03
8.8099084037e-03
-5.7817433224e-04
-1.7407736292e-03
6.8232693274e-03
4.3477203581e-03
7.5352245448e-03
6.4048262090e-03
6.4880173147e-03
3.9696437509e-03
1.2669027841e-04
-2.9628730683e-03
2.0423188402e-03
6.2685609680e-03
4.7557104121e-03
-9.3476493728e-04
-9.4529821333e-03
-8.9580235420e-03
2.8318502283e-03
2.6031268304e-03
5.8203863563e-03
-7.2781555350e-03
-1.9867630005e-03
2.5659254649e-03
-3.7255639470e-03
-8.3553589715e-03
-6.8435512111e-03
3.2731782102e-04
9.3932917368e-03
6.6124276294e-03
5.2632540658e-03
6.9392085961e-03
3.7150675670e-03
5.8528458982e-03
-3.6120174152e-03
-4.3269040085e-04
4.7034421762e-03
-4.7864024083e-03
3.7493374337e-03
6.5353721868e-03
5.9905733588e-03
-6.0267256075e-03
-1.7100715089e-03
-6.3622149239e-03
7.5278002586e-03
8.8951430968e-03
7.6868286089e-03
-5.5102573304e-03
8.9621843432e-03
8.4622470377e-03
2.9421337861e-03
2.5325471504e-03
8.1368956102e-03
9.4825514350e-03
-6.0346759466e-03
4.0252230841e-03
-6.6248808727e-03
-1.9793017778e-03
-1.4219326376e-03
-4.7968444006e-03
-8.2187746528e-03
-2.6415969178e-03
8.9448701690e-03
-7.6529896238e-04
4.3716684767e-04
-1.2968252937e-04
8.3997809780e-04
-9.2584269833e-05
3.4722008547e-04
-7.6297530197e-04
4.2712742393e-04
-6.1891166946e-04
7.2387344857e-04
5.6424388686e-04
-4.2407605430e-04
-1.1663684516e-05
-7.3960133744e-04
7.1267545531e-04
2.0016557299e-04
9.9041489995e-04
-4.3406550993e-04
3.5437730237e-04
-1.6333801776e-04
-1.8295179617e-04
-7.0811429577e-04
-4.1961407697e-04
-4.7640107221e-04
2.3536048011e-04
8.1465646995e-04
-2.6072452094e-04
3.6853417229e-04
-8.3671777163e-05
-9.7935951548e-04
-7.3359012795e-04
-3.5350804069e-04
3.8604711589e-04
3.7370489854e-04
4.2667189812e-04
4.1690633332e-04
4.7220821078e-04
-4.8754881214e-04
-8.0944115584e-04
-8.8249537271e-04
-3.3427491887e-04
-5.3031712069e-04
8.1645307473e-04
9.9347887347e-04
8.7864388035e-04
9.3441968862e-04
1.9646413192e-04
4.9648368075e-04
-9.0897625677e-04
-4.9268623435e-04
2.3931575389e-04
-3.9498528872e-04
-2.1060637129e-04
-2.5819757384e-04
9.3611562091e-04
1.1912077727e-04
1.6097381978e-04
-4.7941669569e-04
7.4934436804e-06
8.6065388231e-04
7.5579350394e-04
-7.3616093264e-04
-3.6536522641e-04
6.0847601785e-05
-7.1640853196e-04
-7.6631588767e-04
-9.1167567702e-04
-7.4425701053e-04
7.4335911830e-04
6.6960807563e-04
4.9564673544e-04
8.5247408494e-04
-4.3414898362e-04
7.5387277101e-04
2.2586314126e-04
5.2312783788e-04
-4.7248411898e-04
-3.7397936827e-04
7.8534361966e-04
-3.6891416107e-04
9.8913013177e-04
5.2735082731e-04
-6.9747050769e-04
7.0606732254e-04
3.1483895535e-04
5.9644036651e-04
-8.9355562346e-04
-7.0275838592e-04
-5.4027890886e-04
-9.2827550366e-04
-4.7955207283e-04
4.1192572515e-04
-1.2714026695e-04
9.9040348672e-04
8.5441268228e-04
-9.1841658292e-04
-2.8695976751e-04
4.1805828453e-04
-2.9600971076e-05
-1.4022899978e-05
6.9167670190e-03
7.3375860077e-03
-7.5269153193e-03
-8.1284424359e-03
7.3634621924e-03
-6.3869007178e-03
-6.6340999678e-03
1.7475527861e-04
-4.5441689248e-03
7.8178904449e-03
1.7135480363e-03
1.6709478197e-03
9.4325470931e-03
5.2030813200e-04
1.4157562227e-03
-1.6716201722e-03
-8.4632907441e-03
5.3650685397e-03
3.5381703219e-03
7.7473539604e-03
-9.4807566279e-03
3.6262468966e-03
3.6127881888e-03
-2.1166039447e-03
1.8067699565e-03
9.0243970016e-03
6.7395441716e-03
-6.9244906263e-03
-8.3787352651e-03
6.6139845115e-03
3.1907864630e-03
-9.1888969714e-04
9.1040306195e-03
1.8840851870e-03
-9.8838927851e-03
9.3954102760e-03
3.1234551403e-03
9.0179193695e-03
-3.5016906340e-03
4.6309043467e-03
4.6863911907e-03
9.1480555828e-03
1.3831687166e-03
-5.7726627792e-03
-9.0263550279e-03
2.8728805904e-03
-3.5365830663e-03
-8.8892995203e-03
-8.5855182190e-03
9.0380037728e-03
-2.3721814018e-03
-2.0228300608e-03
-6.4397839844e-03
9.3009861962e-03
7.3103102146e-03
-8.2162338465e-03
7.0469166649e-03
-6.7411863225e-03
5.5898509029e-03
-4.3012822200e-03
5.0511713258e-03
3.0812859765e-03
-7.5879603179e-03
-1.8309804781e-04
-1.3528316116e-03
6.1270639184e-03
-3.7979738558e-03
3.6992388373e-03
-7.3742666306e-03
3.3104059243e-03
6.6410574865e-03
2.5306451319e-04
-2.0753928342e-04
7.7082607728e-03
-4.7120626740e-04
1.2611415387e-03
-1.5385883912e-03
5.1298128698e-03
6.2198871923e-03
2.2773556689e-03
-1.3178815498e-03
-1.4796580236e-03
-9.1912382076e-03
-3.1651030521e-03
-7.2950248771e-04
-5.5153957534e-03
3.7247307172e-03
-6.8986059829e-03
-9.3554924834e-05
2.5911916267e-03
4.9355567753e-04
-4.1859395104e-03
-1.2528896214e-03
8.1441542210e-03
-4.4777269656e-04
-7.0278692269e-03
-7.4442050331e-03
8.0580723733e-03
6.8307590855e-03
4.6184114035e-04
-4.0903673219e-03
-9.0454345120e-03
-8.4693496052e-03
-9.0981019268e-03
-7.8473565712e-03
-1.5017295758e-03
-8.1103127502e-03
3.2171050787e-03
1.3695642073e-03
-4.9323933787e-03
-4.9027959130e-03
-8.3646087693e-03
6.8891348879e-05
-7.7212901800e-03
3.2315664683e-03
-6.4089560827e-03
-6.3558373089e-03
-2.1408532492e-03
-8.3341886973e-03
7.5351069427e-03
-4.0470496842e-03
1.7441677636e-03
-9.0003702680e-04
3.4051973298e-03
2.4762078833e-03
-4.6985122053e-03
9.3343925354e-03
7.4268963650e-03
-6.2561653240e-03
-6.2982521835e-03
4.9405863855e-03
2.0810574680e-03
7.4323158970e-03
-7.8733868251e-03
6.8752005963e-04
-9.8830586083e-03
-7.6664347927e-03
-6.5652929759e-03
-4.5760252175e-04
3.8361245997e-03
7.3756104198e-03
9.3160761512e-03
2.0377488026e-03
-2.6555012125e-04
2.3699874897e-03
9.4784378434e-03
-2.7854243382e-03
3.4760628586e-03
3.8058670871e-03
-2.1000552469e-03
-3.9468668271e-03
-7.4982102014e-03
-9.7224816396e-03
-7.7617499507e-03
-9.6822950697e-03
9.4104072732e-03
7.1802406053e-03
-5.8154103933e-03
2.9724644341e-03
2.9947965207e-03
-1.2842305240e-03
2.5211830226e-03
5.8002307323e-03
-6.1817109457e-03
-3.9816426084e-03
-7.3148889122e-04
-5.2021824988e-04
-9.5636634355e-03
-6.6778901365e-03
-6.9515552016e-03
4.0519621142e-03
9.2773374148e-03
-5.7021602696e-04
7.1959289088e-03
1.7045253877e-03
-5.9732315995e-03
1.3886092349e-03
6.6767706561e-03
-8.9815563956e-03
-9.8425143804e-03
2.6081976067e-03
4.2618562925e-03
9.5897387588e-03
6.9723252201e-03
4.7415662674e-03
1.9167910116e-03
1.0860905050e-03
-4.1845093612e-03
-2.5006973748e-04
-2.7798078755e-04
1.8207855112e-03
2.2299058639e-03
3.5733583428e-03
6.3337847393e-03
-2.4197008730e-04
4.2858065755e-03
5.6617617891e-04
-1.5599090492e-03
-3.6829969953e-03
-8.7297886211e-03
7.8575439227e-03
-1.6572508381e-03
-5.3324056909e-04
-1.0422399302e-04
8.7792895207e-03
-3.0647177326e-03
3.9502888078e-03
-9.5838615058e-03
-4.2397843709e-03
-6.1559740500e-03
-3.1230522039e-03
-5.3579377372e-03
-5.6059530992e-03
8.1814030834e-03
-3.2169400272e-03
2.0420026561e-03
6.8493426912e-03
3.1391627295e-03
-7.3768286581e-03
-4.1321191604e-03
4.2277037189e-03
9.1960673655e-03
6.6616149159e-03
3.4621458728e-03
4.6916926444e-03
5.9194532741e-03
5.9951011793e-03
6.8906256798e-03
2.4368475686e-03
-4.3508556946e-03
4.9850860367e-03
3.3411290471e-03
-7.4180689196e-03
-6.0103155440e-03
2.1149801451e-03
-7.9819254885e-03
-1.6803127612e-03
9.8753447076e-03
-3.9269621320e-03
-5.8113411729e-03
-9.0590132774e-03
-9.6373880865e-03
7.6181221397e-03
-2.8591225033e-03
-6.8278906979e-03
6.5589737683e-03
7.8891494130e-03
-9.3605998446e-03
-8.7266882751e-03
-1.3875907490e-03
2.3512584309e-03
-7.5862393436e-03
-5.5180872252e-03
-4.8435571799e-03
-3.1935157202e-03
-2.8951804684e-03
-9.0664728328e-03
7.5542729433e-03
-4.6501752889e-03
-6.9764325241e-03
3.8027116468e-03
3.0774885480e-04
3.3897178030e-03
4.1280983464e-03
8.5326419691e-03
-1.2434658708e-03
-8.5728720387e-04
6.8319394821e-03
-7.7813831009e-03
-7.8821628121e-03
2.2114508762e-03
5.6431251553e-03
8.9476698789e-03
6.4722045604e-03
-9.1606112559e-03
-7.8917783250e-03
2.5985223231e-03
7.4173894831e-03
8.2197154107e-03
-6.8593490529e-03
-4.1575402456e-03
-1.1696417984e-03
1.1793233430e-04
4.6510378823e-03
-8.0141152212e-03
2.9418594187e-03
-3.3078494937e-03
-7.2445507164e-03
6.9719018343e-03
-1.2178307817e-03
-1.6850032256e-03
5.3806632767e-03
-5.0936787077e-03
6.1829043141e-03
-3.1735986044e-03
1.0045456458e-04
-8.2953227660e-03
-2.5512728519e-03
5.0969042502e-03
-2.7871318714e-03
3.2999050983e-03
-6.9677757094e-03
5.0701434209e-03
-1.5655558128e-03
-5.4363599214e-03
6.0353735728e-03
-1.7318116251e-03
-1.8138136122e-03
-8.2493872168e-04
7.0478095883e-03
5.8921469274e-03
-2.7645126069e-03
-9.4047414597e-03
-7.0883138820e-03
-9.8010257307e-03
6.1249373134e-03
8.8728568062e-03
-8.3044357094e-03
-3.7039085624e-03
9.6388984877e-03
-6.7135063657e-03
-8.7706334303e-03
5.1838477011e-03
3.2035234455e-03
2.8293150888e-03
8.0502226315e-03
-8.8438034091e-03
2.6321512431e-03
4.2673903404e-03
3.2072326356e-03
3.9556726406e-04
-4.0855115027e-03
-1.9599436394e-03
3.6174131484e-03
1.0722085645e-03
-3.9135395405e-03
4.8539500406e-03
8.1846170640e-03
-9.8419553299e-03
-4.4043851047e-03
5.5583471215e-04
8.4090118329e-03
4.0059012777e-03
-1.0762189859e-03
-5.8973285723e-03
8.8850582009e-04
5.7668315795e-03
3.0407417479e-03
3.9494193115e-03
7.7534979301e-03
5.6312618626e-03
-1.9098858870e-03
-6.0540849148e-03
-3.9693717533e-03
-9.2605965529e-03
-3.3101415053e-03
4.5019736467e-03
4.8010444462e-03
-7.4798870801e-03
9.8384793909e-03
-4.3214428106e-03
-8.1436086429e-03
1.0357170272e-03
4.2671730231e-04
5.1409264856e-03
-6.7994531954e-03
-9.4421754941e-03
5.9319739848e-03
1.8500720350e-03
-5.1732044172e-03
5.4831557429e-03
4.5301849280e-03
9.7390940048e-03
-7.7911618751e-03
-8.8010852275e-03
-2.5404226393e-03
2.5397906464e-03
-2.9105330819e-03
-9.0453425413e-03
3.0192483874e-03
-7.5050038921e-03
-4.0407777470e-03
4.7371739157e-03
-9.3705678895e-04
9.6590112502e-03
6.1077512422e-03
9.7800015780e-03
1.3119445316e-03
7.8867779579e-03
2.5548870363e-03
6.6577313013e-04
1.9109782925e-03
-2.9932572992e-03
-4.3092901011e-03
5.6957852565e-03
4.2970893640e-03
3.4486760408e-03
4.2870195773e-03
3.9333294891e-04
-5.0473333738e-03
-3.4430607384e-03
1.6473809172e-03
6.4568544594e-03
-2.7746493437e-03
-8.0402433654e-03
4.2328084149e-03
6.5687525886e-03
-8.3610567313e-03
-8.7561265491e-03
7.7701859370e-03
-4.7493856925e-04
-1.0767182591e-03
-2.6141156738e-03
5.2511206310e-04
1.7647891580e-03
3.7889998836e-04
-2.1043504965e-03
-4.7261258089e-03
-2.3453885844e-05
-1.5315561002e-03
-1.1984009014e-03
8.6207121533e-03
-2.0917866651e-04
9.4654496635e-03
6.4762366061e-03
-7.1130763731e-03
-7.4575204425e-03
4.2230113533e-03
-7.4122962403e-03
4.0904936959e-03
7.2654331519e-03
-7.6388368466e-03
-5.7471492208e-03
-5.3288876524e-04
4.9299261208e-03
8.8813912211e-03
-2.6133588073e-03
9.0364350555e-03
2.0320042748e-03
-1.8276028171e-03
-7.5826714382e-03
1.4352950885e-03
-9.1943571683e-03
-6.9339097861e-03
-2.5706529163e-03
9.8204020224e-03
-3.9347983459e-03
-2.8148918927e-04
5.8240740214e-03
-7.1572038853e-03
1.7924848827e-03
-9.0269790684e-03
7.8850585677e-03
7.7811441248e-03
-5.6883708860e-03
6.3825013846e-03
-2.2412687509e-04
-7.5534418900e-03
-3.0270211298e-03
7.4085307188e-03
-1.6484969137e-03
1.4611818358e-03
1.3152795214e-03
8.0057457593e-03
5.6269869771e-03
-4.9544903122e-04
4.4006699076e-03
2.1141942043e-03
5.2390246300e-03
9.5277225444e-05
-7.8127670859e-04
-1.0014121730e-03
-1.0185052232e-03
7.3269110513e-03
-3.4956742690e-03
5.9962324239e-03
3.2900462484e-03
-1.8074334581e-03
-5.3435543328e-03
-2.0920574160e-03
8.1988901583e-04
9.1615898416e-03
7.8008633022e-03
4.7182558890e-03
2.9183305932e-03
7.3190714666e-03
4.1441725231e-03
1.4398958728e-03
5.9231756287e-03
4.1479769809e-03
1.2208871015e-03
-7.5243677729e-03
1.1870564647e-03
-6.1514653332e-03
2.3740810963e-03
1.5371116635e-03
-8.9425122802e-03
1.4048876646e-03
-6.2120825424e-03
-4.8328615686e-04
7.9372856049e-03
-7.5943364712e-03
8.7236361998e-03
-6.4051319715e-03
-9.6205283292e-03
5.7351409206e-03
-5.0942661122e-03
4.1123540459e-03
7.7531165748e-03
-1.1154106133e-03
6.1384204825e-03
2.1370964230e-03
-1.9640426950e-03
-9.1003271205e-03
7.2394867143e-03
-9.5347350329e-03
-1.2596516042e-03
-1.7012715304e-03
7.1929682088e-03
-3.6523512927e-03
-4.8564441366e-03
-7.7071075172e-03
-8.0133273390e-03
-6.6368801467e-03
-7.1193149414e-03
-4.8889094936e-03
-8.2074287304e-03
-3.8641156327e-03
-1.8544713142e-03
-6.6161790402e-03
2.2895085754e-03
-3.4941860763e-03
-9.4565761517e-03
-8.8299643549e-03
-2.2012057753e-03
-3.5991707232e-03
-1.7435437600e-03
-3.5156441841e-03
-2.4897368339e-03
6.5548279732e-03
-7.5806747300e-03
-5.9488108397e-03
5.0426747794e-03
1.7205815370e-03
-1.4041118195e-04
5.0477995730e-03
-2.2990264074e-03
-7.6983725623e-03
-8.7873604419e-03
-7.0352933509e-04
-1.8584707282e-03
-3.1656980084e-04
-1.8501242051e-03
-5.3251908848e-03
7.7231179206e-03
-4.6168052325e-03
9.2694937566e-03
3.5019485804e-03
-5.0736780818e-03
1.0941490012e-03
5.7042837330e-03
-3.9077431607e-03
-1.8650815716e-03
-8.3218328884e-03
2.7159798891e-03
-5.9308618631e-03
9.3582302544e-03
-2.5338955908e-03
9.7061743093e-03
5.6404732533e-03
7.5071259627e-04
-1.5249508677e-03
8.2298546367e-03
-9.6515997622e-04
-9.9799788277e-03
-7.0695892556e-04
6.5874356956e-03
-4.2150109033e-03
9.4416360806e-03
-9.9891413659e-03
8.6701363209e-03
-3.5627480249e-04
1.9573550300e-03
6.7897544324e-03
-2.3969297112e-03
-2.9716415938e-03
2.6441388149e-03
1.7031833292e-03
2.0656843205e-04
-9.0903053937e-03
4.7836589119e-03
1.2616315588e-03
-3.9872330293e-03
-2.0939019772e-03
-7.5404607012e-03
-7.2069946341e-03
1.1295816301e-03
-4.4108340326e-03
-1.3607513590e-03
2.2089061893e-03
9.1483434740e-03
-3.6339211637e-03
3.6420199194e-03
-3.1472948737e-03
-4.7727893323e-03
5.0538800221e-03
-9.4563837752e-04
-5.0814343002e-03
9.6604389432e-03
-3.1674039050e-03
-8.0401316896e-04
1.9902733458e-03
-9.6825076768e-03
3.8369012078e-03
2.9288658384e-03
-9.9590497302e-03
-4.6942099865e-04
8.0288998797e-03
3.4541280826e-03
-1.7367393440e-03
7.9053635443e-03
4.0659935011e-03
5.2493048300e-03
7.6262907403e-04
5.7461046989e-03
2.9819455223e-03
-8.4495376738e-03
-9.3810495894e-03
6.6416772926e-03
3.4322615631e-03
3.4449182635e-03
-2.9401053530e-03
6.2556249464e-03
6.5493367018e-03
-2.8406851907e-03
-6.4562672616e-03
5.3593168872e-03
3.9406026876e-03
-9.8313724809e-03
-7.4614936553e-04
8.7249569882e-03
-1.1084468649e-03
-5.5695847060e-03
-9.6043666067e-03
-4.3773103236e-03
8.4279737933e-03
-2.8435796214e-03
-8.2006696140e-03
2.2688541748e-03
-3.9364293503e-03
4.3561905952e-03
-5.3148411244e-03
-1.2382656823e-04
-2.7400164251e-03
-4.3848728399e-03
8.0901518023e-03
4.1393601307e-03
-5.8182735731e-03
-6.0782641196e-03
6.4224694130e-03
-2.0782764091e-03
7.3983246501e-03
1.3820446283e-03
-1.1977357112e-04
1.0357037475e-03
3.1967684237e-03
1.3141409564e-03
3.6476720278e-03
1.3028046750e-03
-8.6927875000e-03
-7.4350721023e-03
-8.6990135718e-03
-4.8075103859e-03
1.3980658137e-03
-5.4406964956e-03
4.6159919037e-04
5.6450541726e-03
-6.1629690457e-03
3.5595743393e-03
9.8390270725e-03
3.8597163078e-03
6.5883034683e-04
-4.9415785550e-03
1.2023195450e-03
-9.2147752614e-04
8.7578073780e-03
2.8193257262e-03
8.8614844754e-03
-8.9627440492e-03
8.7751865868e-03
-1.3490365678e-03
9.9021295319e-03
-4.5192880747e-03
3.6034695086e-03
-6.6826544768e-04
-2.7705631379e-03
5.1804342931e-03
7.6760488333e-03
-5.5090358783e-03
-4.4413393857e-03
-1.5987586182e-03
-1.0227700597e-03
-9.8968143177e-03
-6.1078372099e-03
-8.3638219714e-03
1.4363923382e-03
-9.4925612226e-03
4.7488835790e-03
9.5619122221e-03
-1.5235948626e-03
-8.5111926620e-03
-5.0003167694e-03
-6.7103684948e-03
-3.7838828470e-03
2.5198937394e-03
-8.0654780525e-03
-4.0067159653e-04
6.1611814833e-03
1.8506154116e-03
2.5259421669e-03
-3.3139492809e-03
-4.9918105830e-03
-7.8431869338e-03
-5.2328157486e-03
-3.1839606415e-03
-8.9113427964e-03
-3.3282308996e-03
5.8822223897e-03
8.8709515442e-03
5.5149894357e-03
2.3913311122e-03
5.2819714093e-03
2.5069751511e-03
1.5786893852e-03
-8.2893060186e-03
-8.7862610941e-03
-9.3331264887e-03
-3.7344113156e-03
6.9538428923e-03
-8.6994356241e-03
-7.4492841867e-03
8.3823157552e-03
-1.1616319336e-03
-3.9705785199e-03
2.5237042355e-03
-8.6841948179e-03
3.5512891495e-03
1.1851610321e-03
-4.1016645953e-03
-2.3708903191e-03
-8.0833949719e-03
5.0392671542e-03
-5.3377603196e-03
1.9915170651e-03
3.1944806314e-03
-9.7878690878e-03
-2.3215995037e-03
5.9032935542e-03
7.5987633497e-03
2.3846110852e-03
-3.2076705022e-03
8.7516970449e-03
5.6585827509e-03
-9.1846473259e-04
-3.4361266214e-03
-6.1503736514e-03
-7.9462069255e-03
1.9035021534e-03
-8.6491105567e-03
5.7883284749e-03
-6.1277091646e-03
1.4642426559e-03
2.7472747131e-03
-4.8742779560e-03
-1.5798599301e-03
4.4924607308e-03
-1.1075137279e-03
-5.1369504425e-03
5.9405116803e-03
-8.7901763428e-03
-3.7666628384e-03
-1.2830374370e-03
9.1948270279e-03
5.0874727007e-03
-3.7762351954e-03
7.7044382008e-03
5.5099132874e-03
-7.0518187479e-03
-3.8265117104e-03
-3.1419936879e-03
-2.6234000966e-03
-9.8383631531e-03
1.7287982490e-03
3.5660074867e-03
-8.8536470775e-03
1.4215734887e-04
6.7034985959e-03
7.1740441106e-03
-1.5587771917e-03
-6.0918574070e-03
-5.9925619303e-03
8.1700043680e-03
5.7052761418e-03
-3.1689615265e-03
3.3572027796e-03
3.8956315356e-03
9.6384651165e-03
1.9952460665e-03
-3.3770913106e-03
1.5682149777e-03
9.2612977826e-03
2.3220627456e-03
-1.6260942327e-03
-6.7544002675e-03
-9.1395812093e-04
5.7838277385e-03
-9.1561570025e-03
-5.6118823707e-03
-9.9260585548e-03
-5.5394982259e-03
-5.3945197960e-03
2.4784003516e-03
-5.2196192025e-03
4.6917235506e-03
9.0517645798e-03
-3.3696978081e-03
4.8016277516e-03
-5.8936727941e-03
-6.3151097557e-03
9.7975608716e-03
-2.7436570808e-03
-8.5253768626e-03
-9.3996482261e-03
-7.6962141480e-03
-4.1884756922e-03
-6.1119311107e-03
1.7137278486e-03
5.3106546938e-03
-9.1219034828e-03
-9.4062885345e-03
-6.0435001129e-03
-6.5170678170e-03
7.7076445910e-03
4.3767334781e-03
-3.2036501396e-03
1.0900991031e-03
-6.4291713840e-03
-9.5701594388e-03
6.8576284143e-03
8.2129790040e-03
-9.5801247908e-03
3.5490475800e-03
-2.4215448417e-03
5.7482816108e-03
-7.7806198093e-03
8.7222820834e-03
-3.8985524392e-03
-5.1970013425e-03
6.1897554058e-03
3.2181743043e-03
8.8232351135e-03
9.5420369206e-03
9.9538982843e-03
7.6332759013e-03
7.5677567290e-03
-8.6924496116e-03
-7.1113550838e-03
8.4831093447e-03
5.8979623302e-03
-6.1663741570e-03
-2.4360894122e-03
-2.5148939613e-03
1.9909832522e-03
9.5396308059e-03
-5.1090072213e-03
-9.0760961528e-03
2.3205601554e-03
-6.2179567137e-03
7.0936684224e-04
5.7917557878e-03
-3.4463879098e-03
-8.9348204986e-03
5.9122384012e-03
7.4570298383e-03
7.0300527674e-03
9.3676861501e-03
7.7166857554e-03
-5.8152485300e-03
-8.3718459629e-03
-5.8665412799e-04
3.2700439714e-03
-8.7025391806e-03
1.7227610769e-04
5.0261607591e-03
2.9014312850e-03
1.8317034457e-04
-2.8244477676e-05
-7.1465444878e-04
-3.5635373425e-03
-2.5224255732e-03
3.8901934748e-03
4.3129974538e-03
-1.0415949318e-04
-4.6332908301e-03
-1.9810785892e-03
8.4237044738e-03
1.6796524301e-03
-9.2679102410e-03
-5.6094743468e-03
-5.9399900657e-03
7.2633652738e-03
-2.0820004912e-03
-3.8800192736e-03
7.7741785909e-03
1.4274077352e-03
8.7099781398e-03
-2.5178528943e-03
1.0110394783e-03
-7.3133936895e-03
-8.3194370128e-03
-1.1098936917e-03
-2.9685009673e-03
1.6792444946e-03
-6.9493777867e-04
2.4225163961e-03
-1.4779531283e-03
-6.4898022525e-04
-1.8209444929e-03
6.0900893059e-03
-3.6595914851e-03
-2.3525814675e-03
-6.4086853800e-03
-5.3241920075e-03
2.9070970529e-03
-2.8181412963e-03
-8.3516297796e-03
6.8520677837e-03
2.5581978957e-04
2.8730879840e-03
5.7174659187e-03
8.5321183842e-03
-8.0318178060e-03
-8.5730264544e-03
-9.2343722960e-03
-5.9938680628e-03
-6.0670735426e-03
-3.4151741490e-03
-3.9456883453e-03
6.3112955940e-03
3.6707865962e-03
-4.5107088699e-03
4.1128527528e-03
9.9599141088e-03
9.9681019567e-03
5.0476671332e-03
4.7964201187e-03
8.2476506026e-03
-9.8293224320e-03
-4.0105169592e-03
6.4461771170e-03
5.6625650818e-03
-1.9237771711e-03
-1.8848303226e-03
1.5990756091e-03
3.1061701494e-03
-5.5992012410e-04
2.5293946106e-04
5.2232107448e-03
-7.0143771372e-03
-2.0498942990e-03
-5.4614739532e-03
4.9827415064e-03
-5.1123496388e-04
3.1650700972e-04
5.7194929648e-03
5.1524259849e-03
4.4502070270e-03
-7.7197725465e-04
5.8382977673e-03
-3.7385033301e-03
-6.2430689590e-03
5.4026213202e-03
3.9588253822e-03
-5.8083049299e-03
-1.0005612891e-03
1.1689363465e-03
-2.5059966536e-03
1.5501689723e-03
-7.4330871842e-03
8.8670800236e-03
-9.8063769192e-03
6.2080276994e-03
6.6859776310e-03
-3.2035551629e-03
-1.6170536837e-03
3.7152561177e-03
-1.9326256569e-03
5.5728680924e-03
7.5208012754e-04
-3.4784097095e-03
-9.5352031935e-03
5.7071562159e-03
8.4428838103e-03
-6.9261752103e-03
9.0527509144e-03
-3.3949894356e-03
2.5967861413e-03
2.0600557199e-03
2.1567454299e-03
7.3388951109e-03
9.6034423085e-03
-5.9159076290e-03
-2.1872770691e-03
6.8981161511e-04
-6.2332264372e-03
-7.8272328781e-03
1.3903002384e-03
-9.6929346934e-04
7.8948758996e-03
-8.1351698680e-03
-7.9137364514e-03
1.0581355062e-03
-9.3588169178e-03
3.7804909950e-03
-2.2773354846e-04
-6.2661578955e-03
-8.6101792885e-03
9.2598911205e-03
-4.3236475876e-03
-5.3392114802e-03
3.1913978643e-03
-8.6004113473e-03
-8.8509363877e-03
3.7063360379e-04
-6.5634856631e-03
7.1941469475e-03
-1.7827753140e-03
-6.8592908994e-03
-7.7851210342e-03
7.2906038439e-04
-4.3497715248e-04
-8.6247401850e-03
9.1019353127e-03
7.3139898787e-03
-7.4013543322e-03
-5.8864599005e-03
-1.3559864733e-03
4.1934322811e-03
-5.0439951438e-04
2.0741889738e-03
8.7830850944e-03
1.7498390679e-03
4.9500423189e-05
3.6967185824e-03
-4.4911804495e-03
-9.8511338247e-03
-7.1461602381e-03
-8.7205991410e-03
-2.0152617090e-03
6.1513166497e-03
5.1713009609e-04
8.2060507788e-03
7.5847878294e-03
-7.9590879937e-04
1.5226550458e-03
4.7458142178e-03
-4.2417643001e-03
7.6198814688e-03
-8.7386751968e-04
4.0063307945e-03
4.2329586733e-03
-4.0510254516e-03
2.2605502342e-03
6.1996952966e-03
-6.4974742509e-03
-5.0173036487e-03
7.9992924061e-03
4.6648790586e-03
-8.4343695869e-04
8.2166619091e-03
-6.3311136218e-03
1.3723053180e-03
-2.1289736482e-03
8.9137472277e-03
-5.2060948483e-03
7.4107918379e-03
-4.5244744595e-03
2.5616640654e-03
-4.1622081896e-03
8.3259266714e-03
3.9608798514e-03
4.4481877837e-03
-5.6549026208e-03
-1.3024845551e-04
9.8477944377e-03
1.0564778926e-03
9.9063276304e-03
-8.4693272776e-03
-7.8955087804e-03
5.3307816058e-03
-3.4797372803e-03
-9.8128033208e-04
-4.9446676362e-03
1.2129143546e-04
-7.5665026505e-04
-8.5360901596e-03
3.8897142821e-03
4.9947228226e-03
-2.3768886412e-03
4.9191487431e-03
7.1154628984e-03
-2.0665134433e-03
-9.7852527722e-03
-7.7063456611e-03
8.3427395130e-03
-3.4577927485e-03
4.9735205567e-03
-3.0481525341e-04
-8.6352565762e-03
9.6857080713e-04
-5.1541278193e-03
9.0003684815e-03
-7.1948847963e-03
6.4085337936e-03
6.8312506618e-03
-6.5882180872e-03
-9.6386774470e-03
-7.9896975790e-03
-4.1171069258e-03
6.9307666144e-04
-2.1830099570e-03
-8.4482940031e-03
5.2717809396e-03
3.5476628353e-03
-6.9300704538e-03
-2.8382602069e-03
-5.6665513345e-03
-9.3111030917e-03
3.5008826155e-03
-5.6766700086e-03
3.9348472726e-03
6.7300228230e-03
6.2302365188e-03
2.8202437852e-03
4.3282086641e-03
7.9401976023e-03
-2.1876322194e-03
-3.8335149819e-03
-8.9516948762e-03
-9.9066853451e-03
5.4481939044e-03
5.3422847691e-03
8.5764110460e-03
-2.5071059303e-03
-5.2291935384e-03
-8.1722713983e-03
-1.5663453895e-03
9.7858124993e-03
-3.2576671510e-03
-6.1569636047e-03
3.3789891099e-03
-5.5886429610e-03
7.6457211519e-03
5.9384833031e-03
6.6090133286e-03
-6.6423422509e-03
-6.6590548986e-03
-1.6863998007e-03
-7.8463234282e-03
-3.4571706768e-03
1.2410823445e-03
-6.2090492808e-03
-5.8576136925e-03
8.3405306862e-04
8.7784645599e-03
-7.5839207720e-03
-5.7244002661e-03
-2.8684734816e-03
-6.5275688447e-03
-1.9572102049e-03
-3.6751955730e-03
-2.2162668090e-03
-8.2448136507e-04
-8.6796743187e-03
6.3016978321e-03
2.9988999104e-03
-2.6204007799e-03
-8.6533746294e-03
-5.6287828965e-03
-3.9693150271e-03
1.9773819297e-03
9.6620498583e-03
-7.9637282025e-03
7.2363060583e-04
9.8106257502e-03
7.0093006744e-03
-6.5708177906e-03
9.1806940876e-03
1.9973429031e-03
9.6283178972e-03
3.9263073189e-03
3.5580104477e-03
9.4473370569e-03
3.8744148810e-03
-3.3590690530e-03
2.7070690336e-03
7.6793406438e-03
-3.6406604978e-03
7.0310842494e-03
-3.5739242025e-04
-3.2978956375e-03
2.1706664431e-03
1.7007382883e-03
-2.3525720073e-03
2.8118390950e-03
-5.3514904524e-03
1.7493709482e-03
9.7676172872e-03
-5.3478819100e-03
2.3269734917e-03
7.9355885273e-03
-3.8230274265e-03
4.7582656784e-03
5.1449148720e-03
2.3953245698e-03
-8.8015396688e-03
-2.5095274301e-03
-4.0677053925e-03
-6.9665882922e-03
-5.9122933981e-03
-9.2418656889e-03
8.4681827911e-03
1.9615037722e-03
8.9175299471e-03
4.7851127203e-03
-3.4262029627e-03
-4.4374711338e-03
2.8720414321e-03
5.2098776459e-03
4.1745719191e-04
9.5513500891e-03
2.9609285016e-03
-4.2308979108e-03
-9.5261333542e-03
6.9386969109e-03
-3.3745945479e-03
-5.1550203255e-03
7.8623504252e-04
8.1326411542e-03
3.3001203818e-03
-5.0332390068e-03
3.7469967747e-03
4.3900443945e-03
2.1612639536e-03
-2.3702815888e-03
-3.5672601784e-03
-1.1527821973e-03
-9.8791468047e-03
7.3973347979e-03
-8.6003016004e-03
-6.1506910544e-03
2.6873391855e-03
-7.1693597826e-03
-5.9155997447e-03
-8.1648121515e-03
1.8526130242e-03
6.6244175725e-03
8.6362538046e-03
-5.2737974364e-03
-8.4367097279e-03
4.4997820954e-03
-3.7707406038e-03
4.4334753152e-03
-5.1015008354e-03
-6.4712899021e-03
-5.0206113900e-03
-4.2929421996e-03
-1.0345761526e-03
2.7120754423e-03
-4.5627843049e-03
5.6257785084e-03
-8.3996805622e-03
9.4511040091e-03
-2.0351105366e-03
-6.6446792378e-03
-1.1724785831e-03
1.0585108539e-04
4.6985620906e-03
5.2064892882e-03
6.3920761576e-03
5.8711720231e-03
-9.6037784574e-03
-2.3716137666e-03
7.0808442061e-03
5.1771664480e-03
8.4306499809e-03
1.9036672320e-03
-6.9440258216e-03
4.5329647028e-03
-4.8541655570e-03
-7.2697530600e-04
-9.2793788266e-04
-2.4970623013e-03
2.1205071331e-03
-8.5612070064e-03
-7.2668730147e-03
-6.1483037536e-04
-6.9055108851e-03
-6.2074837082e-03
-9.7433145550e-03
1.3996173496e-05
4.5069075188e-03
-1.7092564634e-04
8.5138214254e-03
8.8056997053e-03
9.4098527345e-03
-2.5371020460e-03
-2.0897771302e-04
2.8209744375e-03
1.7661801087e-03
-1.8242483012e-03
-9.2234620463e-03
8.4320649690e-03
-2.3034797710e-03
1.3121718410e-03
-6.1154359932e-03
-1.2740410928e-03
-4.8948316617e-03
8.2617199051e-03
4.4449058695e-03
1.9216726856e-04
-2.2756313756e-04
3.7697879029e-03
3.9291082409e-03
3.0181266942e-03
8.5303751266e-03
4.7132841120e-03
-5.1529426161e-03
-9.3098485587e-03
6.2625282051e-03
2.6190542737e-03
3.5285119754e-03
3.9494284489e-03
2.9066707414e-03
-4.7733860306e-03
-8.9058459636e-04
3.6213296871e-03
-4.9142393101e-03
2.0429865388e-03
9.0355649088e-03
6.8303179981e-03
-9.7532522504e-03
5.4194437105e-03
2.8879478144e-03
8.3376570619e-03
-2.0466615698e-03
1.7232085726e-03
8.0199129999e-03
3.7074087708e-04
-6.2235349601e-03
-1.5411028019e-03
6.5949913005e-03
-4.9425752920e-03
-3.9556086807e-03
9.3536686202e-03
3.1697211991e-03
-2.3442277929e-03
-3.8404226700e-03
-1.7678201567e-03
7.5280094034e-03
4.5530415877e-03
-8.2225312130e-03
2.7236049730e-03
5.5338222977e-03
-3.1121437528e-03
-7.1457303660e-03
4.9746014490e-03
8.6003373188e-03
-2.0405956061e-03
-3.8379931440e-03
9.7405098630e-03
6.3277875620e-03
-9.9684284483e-03
-8.6031701008e-03
3.9263341453e-03
4.9923977507e-04
3.0904238356e-03
4.6608447181e-03
-6.5873148775e-03
-2.5069722255e-03
4.0809439323e-03
-6.0395894220e-03
-6.3603133704e-03
8.9696662292e-03
-9.8678431405e-04
6.2874090988e-03
-6.2872391640e-03
-8.8203587011e-03
-6.3454120145e-03
5.1832936990e-03
-4.8129616703e-03
8.0454657781e-03
-1.8241519569e-03
2.5367475916e-03
2.4884291156e-03
7.3672398383e-03
-6.6774773479e-03
-4.1374882928e-03
-2.4454292469e-03
-4.4647559428e-03
-3.1569616452e-03
1.7129280023e-03
-4.4205762667e-04
3.4560918451e-03
-7.9838171587e-03
-8.7788706621e-03
5.0359739296e-03
-9.8554668329e-03
1.6489089711e-03
9.7523766818e-03
-8.0631629808e-03
4.4669088599e-04
-9.8547608591e-03
2.0596974373e-03
9.7379368487e-03
5.2272794047e-03
8.6425676176e-03
-5.3536433624e-04
-3.2594006353e-03
-1.4109275734e-03
-2.5842975554e-03
7.8030439232e-03
9.9889027052e-03
6.3369438409e-03
8.8198209347e-03
3.3015657065e-03
-2.4312860354e-03
-8.8551691211e-03
-2.8794153224e-03
-3.3948949268e-03
-7.9964527483e-03
-8.6161481283e-04
3.9661653939e-03
4.5044037454e-03
7.7594110258e-03
-7.2227394543e-03
2.0381835286e-03
7.3801056341e-03
-4.4106493963e-03
3.9852924275e-03
6.3010351730e-03
-2.6314020974e-03
2.3670339117e-03
3.1775221035e-03
-4.9601144866e-04
-1.7374681443e-03
-6.2413012977e-03
9.7236281094e-03
9.1509428534e-03
6.2523809555e-03
-9.6673939178e-03
-2.7958877573e-03
-9.0849143312e-03
6.1511562371e-03
-3.4894960109e-03
-1.1138768146e-03
2.1352603263e-03
-1.9966961832e-03
2.2518469086e-03
-8.3726153749e-03
-1.4416743906e-03
8.6296693893e-03
8.6168900842e-03
9.7374292699e-03
7.1420000046e-03
8.1040552408e-03
4.6855548598e-03
-4.1227405359e-03
-6.0984608960e-03
-7.1367711023e-03
4.0108857695e-04
1.4378524996e-03
7.1360522086e-03
9.2732315026e-05
-7.4427729103e-03
5.9364152084e-03
-3.9730339002e-03
3.4612432117e-03
9.7493320513e-04
7.4957155387e-03
-6.6389429724e-03
-1.0742659934e-03
-7.6864271638e-03
3.2528422088e-03
-5.1819677288e-03
-5.7671835765e-03
5.0650504148e-03
3.1949020475e-03
-8.2113636873e-03
-1.3021318624e-03
4.3153031214e-03
-6.7952944444e-03
8.5793471823e-03
8.0529703771e-03
5.3261764765e-03
-5.5924793006e-03
-4.8474291465e-03
-4.7395364173e-04
7.9502176748e-03
-7.5380377970e-03
-7.2848713513e-03
6.9086605810e-04
4.5082881290e-03
-8.1911649115e-03
3.8356909652e-03
7.4388121402e-03
8.6355991030e-03
5.3267477339e-03
2.0135884083e-03
2.8797308122e-03
-2.4597935512e-03
4.3488546823e-03
4.7200497575e-03
-2.3669899026e-03
2.8420440532e-03
1.2379988978e-03
7.1228202338e-03
6.1689496388e-03
-5.5289832862e-03
-7.6862006946e-03
-8.2463931871e-03
-8.2172114640e-03
4.8116243768e-03
8.7442130131e-03
4.8923550460e-03
-7.6778755228e-03
-2.6452594806e-03
7.0666061809e-03
9.0813723773e-03
1.5383368339e-03
-9.9664301707e-03
-8.7623012677e-03
7.1206080762e-04
6.9423719329e-03
9.5969899630e-03
-3.6071402175e-03
-2.6995231513e-03
3.5860434076e-03
5.9313060531e-03
3.9502764698e-04
2.0323527740e-03
-5.5571688553e-03
-2.0937523232e-03
7.6585886663e-04
-7.8794459761e-04
-7.1059842682e-03
8.8577981736e-03
6.7443330912e-03
-3.3466994791e-06
-8.8430938908e-04
2.0293082719e-03
-7.0825860281e-03
3.3070140852e-03
6.0258351010e-03
4.0593361906e-03
1.9776061654e-03
-3.8221714642e-03
9.8067022396e-03
-7.5307197461e-03
9.9369720888e-03
4.1304453573e-03
-4.3434506192e-04
6.5737460875e-03
-9.9489496426e-05
4.0828095327e-03
-2.4658274563e-03
9.6228559032e-03
-3.3371090661e-03
6.5576938863e-03
-5.7877382862e-03
4.6531620524e-03
6.2083730437e-03
4.0081482732e-03
-8.9486739154e-03
7.3086379135e-03
-6.4195953523e-03
-2.4990696797e-04
-2.1638427229e-03
9.6877908431e-03
3.1850062180e-03
6.9703649222e-03
9.8212643000e-03
9.5885819082e-04
-3.2517970469e-03
3.5579737236e-03
9.8062859995e-03
5.1542837011e-03
-2.1787381065e-03
5.5688868862e-04
-4.3392026004e-03
3.9275263135e-03
-6.0981564669e-03
7.1250443977e-03
-2.1245509241e-03
-7.3819863314e-03
5.0453295993e-03
1.6076735952e-03
6.1014357290e-03
6.9961944125e-03
4.1917506313e-03
-8.4934999725e-04
-6.7261106406e-03
-7.2487808106e-03
3.9191105191e-03
-4.1783686135e-03
-7.1035423562e-03
-5.6372705393e-03
4.9676503533e-03
4.7063779311e-03
-9.8173497077e-03
4.5191502357e-03
1.5136419389e-03
3.5663561203e-03
9.7696837572e-03
-7.0478908157e-03
9.0079630886e-03
-1.4577787102e-03
6.8332018209e-03
8.5197067345e-03
-8.0790453619e-03
9.4831751993e-03
-6.4073424123e-03
-8.9505576913e-03
9.6055351966e-03
3.0019560961e-03
1.8678478053e-03
9.3945394678e-03
2.5394509319e-03
-1.9201200835e-03
-9.3201434435e-03
-5.1828915780e-03
-2.2748212476e-04
3.7596821183e-03
9.0911072750e-03
3.0559393384e-03
-2.4925671852e-03
3.8358969973e-03
5.9065041945e-03
3.1703770294e-03
5.5546162223e-03
7.2979157892e-03
3.0062187287e-03
-4.4956791949e-03
3.0639094778e-03
-2.6535388810e-03
-7.5999922877e-03
-8.3472601888e-03
-2.1563118079e-04
3.3758441967e-03
1.9496995582e-04
-9.5394647737e-03
1.4596381765e-03
1.4526113092e-03
-4.5255038599e-03
4.9071858964e-03
5.8868742873e-03
-6.3780681217e-03
-3.1617045403e-04
2.8919329796e-03
-1.3268704268e-03
1.4284619876e-03
-8.0111748986e-03
-8.7300339768e-03
8.1776104662e-03
5.9044965412e-03
-6.3022030286e-03
6.2573587449e-03
-9.6050722310e-03
1.1212032761e-03
7.2833579532e-04
6.2439251736e-03
-2.2873475195e-04
3.7802231865e-04
1.6944307892e-03
4.2749824850e-03
5.8013538497e-03
-7.5182134280e-03
5.0597638201e-03
9.3136208741e-03
7.9520459648e-03
-6.3867165354e-03
1.9820521318e-03
-6.4012488715e-03
1.0944353710e-03
6.0102594367e-03
-7.5390939356e-03
-7.4236801900e-03
-5.8754019957e-03
-6.7757947612e-03
1.2499241913e-03
7.0290021230e-03
-9.2998944097e-03
9.5985686965e-03
1.2296621480e-04
-2.7288071861e-03
8.8854300553e-04
-1.5389734541e-03
8.9045696941e-03
-9.9982887136e-03
-3.9880004456e-03
8.9242923179e-03
3.8886143336e-04
5.6560364803e-03
3.1831515631e-03
-1.1015942484e-03
1.5414293841e-03
3.9020298888e-03
4.5332519871e-04
9.7203904386e-03
-2.9576574853e-03
7.6418973663e-04
-5.8032098878e-03
-8.0198173728e-03
6.3952659137e-03
-5.2579928880e-03
-6.2385269788e-03
-4.0058154082e-03
6.6525560938e-03
9.1484585604e-03
2.0428877401e-03
-5.6792006505e-03
-2.8186967556e-03
-7.4301577018e-03
2.4462548527e-03
-8.5128068105e-03
-4.9006525784e-03
-2.3643537388e-03
8.0731986706e-03
-1.9988124883e-03
-8.3349184774e-03
-4.9164121335e-03
-1.4931327194e-03
3.8903074180e-03
7.1808639225e-04
-8.5888390795e-03
4.6534979745e-03
9.9071853806e-03
3.9360586771e-03
-6.1474515923e-03
-2.5571548099e-03
3.1463610601e-03
6.4101641642e-03
2.0988938457e-03
-1.6062705485e-03
-6.9301718002e-03
9.8489798289e-03
-1.3274573715e-03
-9.4818027371e-03
2.0721449327e-03
-8.4495080605e-03
-7.5075755221e-03
-7.8001973504e-03
9.6737569672e-04
-8.6808128164e-03
2.8035497798e-03
-2.7436103062e-03
-3.3296530279e-03
-4.5349399527e-03
7.3771074113e-03
-5.4846906254e-03
-9.8027333471e-03
-2.4568803639e-03
9.3754697177e-03
-2.4273529721e-03
-7.8999454107e-03
8.5127172058e-03
-6.4853725543e-03
4.5665482991e-03
-3.8690089302e-03
6.4268649827e-03
-2.0762799747e-04
5.7920237614e-04
4.0091107148e-03
7.3079669896e-03
1.0308446394e-03
2.1493388860e-03
7.9314048660e-03
-6.5850516680e-03
8.9302061128e-03
-2.2087333827e-03
-3.0965422383e-03
4.8259427663e-03
9.3600056751e-03
6.3364275570e-04
1.8923395696e-03
6.9926003222e-03
-4.6276262517e-04
-7.4485559375e-03
-9.8100506236e-03
2.7130837936e-04
-6.8901743505e-03
-7.4726328041e-03
-2.4239867080e-03
4.7084474962e-03
-8.9427074912e-03
4.5083854555e-03
9.4899969354e-03
4.1500483122e-03
-5.0177674475e-03
2.1740598110e-03
4.1357352522e-03
-6.3379094841e-03
9.7249255112e-03
5.9693779750e-03
4.4584913078e-05
-4.4835405122e-03
-1.4446983456e-03
8.8335401890e-03
7.6277542001e-03
6.2804650111e-03
-3.8962513751e-03
7.1584294866e-03
8.9490929701e-03
-1.8697043105e-03
-3.7452617518e-03
-8.1971881338e-03
-8.4105026608e-03
4.5990606010e-03
8.8973389705e-03
-6.6977374888e-03
-8.8517695539e-03
4.8681891390e-03
1.0831954970e-03
-1.4298933620e-04
7.4870592372e-03
9.2433266265e-03
-1.5203275268e-03
1.7364724464e-04
4.6159473265e-03
-4.0688104960e-04
3.0022974091e-04
9.9590885158e-03
7.7616106767e-03
3.9576390571e-03
-1.8905709663e-03
2.3257321403e-03
8.2177281128e-03
4.9183452140e-03
4.2832014598e-03
4.0518342755e-03
4.9933590509e-03
-5.1154750594e-03
4.7796630354e-03
9.0173677982e-03
6.4672678708e-03
7.6066379167e-03
5.6222836436e-04
2.1838721696e-03
2.1474709285e-03
9.2929476751e-03
3.4904433683e-03
7.6386113113e-03
4.7032831666e-04
-5.4986284413e-03
-8.4975525190e-03
6.7881787022e-03
2.7368968029e-04
9.0496720449e-03
-1.5455546237e-03
-2.4181046828e-03
-2.5343260214e-03
-7.7353298160e-03
8.2809035002e-03
-5.0046955300e-03
7.8239244979e-04
5.3282782224e-03
-7.6426919863e-03
-4.0164401407e-03
-4.1290992104e-03
-5.7386811074e-03
4.7605144428e-03
1.3768388917e-03
-5.6507361050e-03
-3.9036040114e-03
8.6622288762e-03
2.8594727092e-03
6.5145477494e-03
-9.2914174593e-03
-7.3886038475e-04
2.3549738300e-03
-2.3467077948e-04
-2.8851187220e-03
2.3106049687e-03
-3.4289639744e-03
-2.9221451123e-03
-9.8969117776e-03
7.8039255325e-03
-6.2768458721e-03
-2.9093535231e-03
-7.9732444240e-03
-1.5907761491e-04
-8.3051244126e-03
2.8637199082e-04
-6.9257866724e-03
-7.5231470297e-03
-2.5175690548e-04
-6.8873919890e-03
3.1326689199e-03
-5.4780953421e-03
-2.0928234794e-03
-4.0143009477e-03
-1.4331706029e-03
-6.3563591933e-03
6.2308770820e-03
-7.8261001424e-03
-1.2285586214e-03
6.7871492266e-03
-6.7633139879e-03
-2.9252444585e-03
-1.3207969061e-03
-2.8152650768e-03
7.4102814062e-03
-6.0307076408e-03
-6.2086586230e-03
-9.1948738495e-03
-2.1090798943e-03
4.8784797387e-03
8.0199562060e-03
-6.7937499782e-03
-6.0201615172e-03
-4.1410029535e-04
3.3048579071e-03
-4.6840075971e-03
-1.5780935453e-03
1.0024734580e-03
5.9964017096e-03
4.2864191722e-03
-3.5022460295e-03
5.2878541917e-03
7.6353306174e-03
3.7171650826e-05
8.4712250146e-03
6.8612582722e-03
-2.2230298621e-03
-7.8053443197e-03
-7.8424083005e-03
-9.5769558659e-03
-6.8891602242e-03
1.8628485343e-08
5.3476990289e-03
-5.2699012977e-03
3.5662063703e-03
-3.1571800367e-03
9.5287705358e-03
4.7486311209e-03
-1.3134297013e-03
-4.2106674191e-03
-2.8141512236e-04
5.2179979427e-03
-5.0450540159e-03
-6.9500855015e-03
2.2479671044e-04
-5.0106642721e-03
5.3345520966e-03
7.2833361124e-03
9.8851412089e-03
-5.0529125830e-03
6.4121883257e-03
-6.0317508170e-03
4.1292179797e-03
6.1990493690e-03
4.0228990809e-03
4.6678872570e-05
-6.3762350099e-03
9.8510333679e-03
1.8239239795e-03
2.6895438356e-03
-5.4123161554e-03
-7.3540837465e-03
-9.2326713690e-03
9.8079759169e-03
8.5819666305e-03
-1.4739404592e-03
2.3293471634e-03
-8.1812913918e-03
-8.9808926910e-03
-1.8540561907e-03
-3.8710810691e-03
2.6661995024e-03
-5.3714470235e-03
-3.2764429709e-03
-4.1609524766e-04
1.9727385448e-04
2.8774631100e-03
-3.9142002001e-03
-4.6150782163e-03
-4.3888811852e-03
-2.9795097244e-03
-1.6385160019e-03
-3.6031823017e-03
-9.0488721159e-03
-9.1822174191e-03
-8.9573872595e-03
4.8950940850e-03
-5.7604489795e-03
-5.5883671639e-04
8.1696394990e-03
-7.9847660019e-03
-6.3031999391e-03
8.9665637152e-03
-2.7283751466e-03
-3.9128660990e-03
-8.0622555809e-03
-9.7267683323e-03
1.0353645340e-03
7.2394854025e-03
-3.3757653295e-03
4.8258420542e-03
-2.7723007287e-03
5.5761661513e-03
5.7724127244e-04
-2.5681542995e-03
3.0049668664e-03
-5.7993339622e-03
-2.3190128673e-03
7.7438759962e-03
-7.3902918950e-03
4.8517487350e-03
-7.5929130553e-03
1.7312291217e-03
8.2435366339e-03
3.0871031906e-03
-6.1913279902e-03
4.0932010778e-03
8.5100127904e-03
-8.5024079767e-03
9.3158045694e-04
-3.1420406250e-03
4.5070131830e-03
9.7928923012e-03
-5.9600176612e-03
4.4153893223e-03
-9.1237778771e-03
-6.1658654484e-03
1.0099136400e-03
-4.9494898481e-03
7.5415068506e-03
7.0687658855e-03
8.1362969518e-03
9.5025231462e-03
7.8982605585e-03
-1.0303555981e-03
4.3465174910e-03
8.2169835919e-03
-8.6458300825e-03
-1.6199167782e-03
8.6266465414e-03
7.7388553453e-05
-9.5625020315e-03
1.9830732456e-03
3.9341245543e-03
-7.4213152692e-03
-9.0910954839e-03
1.3234953673e-03
5.8878076035e-03
3.8760666833e-03
4.8143039367e-03
-2.0501234390e-03
3.6938855845e-03
7.4051143994e-03
9.4307683520e-03
-6.6896355990e-03
5.0145558282e-03
-2.3169916030e-03
5.5874434695e-03
-1.9830208112e-03
-4.5701162209e-03
-6.3186731929e-03
-6.7999388915e-03
-5.6438455593e-03
3.9344349517e-03
7.5831003381e-03
5.8129375447e-03
-8.9118026140e-04
4.1550804258e-03
5.0146404785e-04
-3.9317965727e-03
-5.5932734465e-03
4.1650940878e-03
1.0430184184e-03
-6.5778180623e-03
-9.0877506832e-03
-5.2356645030e-03
-9.2181864918e-03
-7.0372104731e-03
7.6720494446e-03
8.5449591477e-03
-4.5913028906e-03
5.8124263661e-03
2.8482624859e-03
-5.0198385135e-04
6.4682053342e-04
6.9189848247e-05
-9.9720007705e-04
-3.0507620226e-04
2.1031907159e-04
-2.6177967601e-04
-8.3350768765e-04
4.1092343456e-04
9.8550144792e-05
4.4415918192e-04
-1.8331423553e-04
2.2296406768e-04
-3.5072971902e-04
-8.8547313771e-04
6.3184431211e-04
6.4786357217e-04
-5.6144081458e-04
9.3045492887e-04
-6.4652952170e-04
9.4320940995e-04
7.4777389427e-05
9.5752477449e-04
5.5637198596e-04
5.6102637326e-04
-7.8711453494e-04
4.9153957796e-04
-2.3603804490e-04
3.0764943745e-04
7.4005157689e-04
2.6861108250e-04
1.0175560722e-04
6.3369405929e-04
-5.5872192496e-04
-4.6241299504e-04
1.6332759902e-04
6.1546592203e-04
5.0579539531e-04
-6.8871704569e-04
-5.3655371473e-04
4.5257224789e-04
-2.6271998661e-04
8.0433628677e-04
-8.1261787570e-04
-6.3697291226e-04
-6.2994395471e-04
7.2470434272e-04
-6.2228015706e-04
-1.8963233481e-05
4.5895998449e-04
2.9512854341e-04
-9.5790539220e-04
-6.7416270248e-04
-6.4453146134e-04
-2.1160533000e-04
2.1564415377e-04
-8.6109176064e-04
-8.5590262076e-04
-5.0949233092e-04
8.1826210983e-04
9.4077093009e-04
-7.9953240269e-04
5.3557099958e-05
4.5352924988e-04
6.1598545330e-04
2.0658703297e-04
-2.4424974048e-04
-9.5856816903e-04
6.5312449654e-04
5.2689151213e-04
2.8896422587e-04
-9.1251991492e-04
-5.0331411108e-04
-8.3280890781e-04
-7.1472878846e-04
2.5476875305e-04
-9.7300619196e-04
9.3272152557e-04
9.1523538219e-04
-7.8732211080e-04
4.7226302055e-04
-3.2322016578e-04
4.1491150983e-04
-5.9535671563e-04
-3.9149138932e-05
1.2570246894e-04
-1.1134760357e-04
-6.7371111650e-04
-3.3648736061e-04
-6.9097335273e-04
-8.8824898685e-04
3.8408239584e-04
2.5497170603e-04
-7.5384896962e-04
6.4984980292e-04
-7.9436937653e-04
-4.0652301755e-04
2.3084832526e-05
6.7296676957e-04
-7.1632994710e-04
8.2433392442e-03
-9.5199826022e-03
-1.4572913370e-03
-7.0524697969e-03
3.1072919498e-03
-5.4823121545e-03
7.5798020787e-03
-2.3051238527e-03
7.6844782702e-03
6.4556974026e-03
-7.7518265707e-03
-6.6088187708e-03
-7.7972869240e-03
-7.9652749067e-03
9.1169813695e-03
-2.8538419193e-03
2.3139353594e-03
-7.6329805910e-03
8.4663921482e-03
8.3974720664e-03
7.9117298191e-03
2.0901276396e-03
-6.4386444645e-03
6.0961281282e-04
1.9922296973e-03
3.5886662342e-03
-6.9955992858e-03
3.3454676996e-03
-3.9687246643e-03
6.3512508999e-03
-3.0322863347e-03
-7.9215487434e-03
8.3246871083e-03
3.2346343054e-03
8.6576366820e-03
6.2143882970e-03
4.2261336444e-03
-8.4726101475e-03
-9.9564247039e-03
8.6618989673e-03
-7.0271410379e-03
3.1170824389e-03
-3.5948799330e-03
-2.1880085101e-03
4.4268692727e-03
5.7109218801e-03
-4.3135973593e-04
-8.6537273060e-03
1.5568575900e-03
9.1917062889e-03
-4.4304771506e-03
-8.1910596307e-03
9.8954336535e-03
-6.3625532735e-03
-2.2996520471e-03
-3.6136844018e-03
-1.5233586011e-03
3.8684166927e-03
-1.7211130855e-03
5.8700318093e-03
-3.3306970986e-03
6.0428185678e-03
3.0790844443e-03
-5.0818375672e-03
-1.6268073694e-03
-5.7954111882e-05
6.7541293690e-04
6.4948864821e-04
6.4280839607e-03
-2.3074549312e-03
1.6192787461e-03
-1.5631847788e-03
1.5575287903e-03
3.8699790554e-03
4.9656699925e-03
4.0618662666e-03
-5.2961386201e-03
-9.9426778848e-03
9.8781062440e-03
-9.6569069680e-03
1.1674893609e-03
9.1523154279e-03
8.4180820152e-03
-8.8084522022e-03
-3.0130493103e-03
6.9750299825e-03
7.3354501692e-03
6.3802090495e-03
-4.1060542374e-03
-7.1171951539e-03
7.0662441181e-03
9.4363920288e-03
8.2590781780e-03
-5.1500518306e-03
6.5564361549e-03
-8.8826866825e-03
-7.2439737443e-03
9.2410397076e-03
4.0792571221e-03
-2.4507843356e-03
-9.4730623519e-03
9.2982638515e-03
-2.5663153747e-03
4.0280352691e-03
3.2549464079e-03
-8.5245940869e-03
6.7487438908e-03
7.4095395443e-03
-9.3962853928e-03
-2.6951156346e-03
-8.4201341502e-03
-8.4586940687e-03
1.3836630927e-03
6.2742251778e-03
-7.0056555025e-03
-6.3515097693e-03
4.8711587697e-03
4.9621424865e-03
3.9712785108e-03
-4.0098460808e-03
-1.7695503350e-03
-3.2532601887e-03
5.6279381580e-03
3.9049404879e-03
-4.2646185888e-03
-6.8822532803e-03
7.6231428448e-03
-9.3576178545e-03
5.0226585826e-03
6.5908455901e-05
-9.7826484745e-03
6.6536018884e-03
3.5980708820e-03
7.5195302746e-03
1.0831184255e-03
6.5903646138e-03
8.3830046016e-03
3.7448749845e-05
4.1870563071e-03
-1.5265947682e-03
-6.8639872563e-03
9.4624465841e-03
4.3002089524e-04
9.5585256742e-03
-7.4973328794e-03
-5.7627151310e-03
2.3808752084e-03
-5.6218717408e-03
-6.3261245456e-03
4.9199147487e-03
1.1858857580e-03
6.8342597898e-03
6.3311767120e-03
-6.3127808609e-04
-3.7362067919e-03
2.8378166862e-03
6.5450735957e-03
-6.7035128095e-03
6.0667852121e-03
2.9329439140e-03
-6.1053882137e-03
-7.8319823586e-03
-8.4438284691e-03
2.0638033418e-03
6.9321854912e-03
-9.4390228034e-03
-4.3558613713e-03
8.3135829962e-04
-8.6936166567e-03
1.9422151165e-03
5.1304288074e-03
-3.8175977487e-03
1.0338275435e-03
2.7677792205e-03
-9.3526641666e-03
-4.6166397504e-03
9.5332629338e-03
1.2959362633e-03
1.2747864405e-03
5.8045140630e-03
-9.0863877463e-03
-3.7083941559e-03
8.8701828284e-03
-9.8304253846e-03
-2.8670171273e-03
-4.3519564034e-03
-2.0372722298e-03
-6.1023258694e-03
5.0368454144e-03
4.5137624973e-03
9.4770148589e-03
4.0531362108e-03
-8.0524032814e-03
-1.8542687749e-03
4.8290268337e-03
-7.9799423364e-03
6.1498866640e-03
-6.9962668384e-03
1.7435101861e-03
-2.3577653651e-03
1.7271640701e-03
7.0405419227e-03
-4.1976123808e-03
-6.9692437824e-03
-7.3787553925e-04
7.7040774563e-03
-8.1341826986e-03
4.3692541468e-03
7.6880413615e-03
6.1495206775e-03
3.0844029994e-03
5.3765143035e-03
-6.7790594707e-03
9.2733471843e-03
3.2601594810e-04
4.5744127942e-03
3.0278983002e-03
8.6045440687e-03
-3.1716942120e-03
5.7070371704e-03
-3.2195858224e-03
-2.7936728860e-03
7.1190510601e-03
-1.3819710851e-03
7.8135986198e-03
5.4835000162e-03
-2.2473145665e-03
-5.8235871796e-03
2.2077446590e-03
-8.5000342193e-03
-6.9519718637e-03
2.5557929269e-03
-4.9543515234e-05
6.0945288859e-03
-7.1475495746e-03
7.4091496035e-03
9.4272104912e-04
9.3789423700e-03
5.6289103471e-03
-8.2566463204e-03
-8.1177201189e-03
-3.7256259963e-03
8.6811194264e-03
-6.7705503005e-03
-4.3976535534e-03
-2.7334346841e-03
-8.2154151691e-03
-6.4162749483e-03
5.4388102086e-03
-4.8411180100e-03
-5.3478092276e-04
-4.8794739301e-03
7.5331573847e-03
3.0058416611e-03
-7.1910551280e-03
-7.5206755144e-03
1.3746689988e-03
-9.2081471736e-03
7.1800651083e-03
-1.9812157141e-03
7.1400191813e-03
8.3428023280e-03
-7.4203152298e-03
-2.6653546821e-03
6.8967128731e-03
9.0408991745e-03
-2.5263380880e-03
3.6440179368e-03
1.1884859951e-04
-4.7434513454e-03
7.5107291328e-03
3.6511117284e-03
2.4122744765e-03
2.8773357059e-03
4.8208512054e-03
-5.1036642939e-03
6.4247007014e-03
-9.8411410817e-03
7.0611956872e-03
-4.1867879963e-03
-6.8358839199e-03
-2.0143915931e-03
-8.5404264595e-03
-2.2355400213e-03
-7.5442855520e-04
-8.1299375968e-03
-6.8244807892e-04
2.8496896528e-03
8.0025303093e-03
-7.0294006033e-04
-8.2835490733e-03
4.6355624658e-03
8.3492070376e-03
8.4498149748e-03
5.3643330087e-03
-6.0105800030e-03
-3.4255872571e-03
-3.6543027546e-03
9.9287646419e-03
-2.7409967592e-04
4.0458167704e-03
-4.7561062659e-04
-4.4324987449e-03
-9.2343532227e-03
-6.8851776498e-03
-6.0064909674e-04
2.8043276390e-03
-3.5962676155e-03
-9.3735349196e-03
2.0215482673e-03
-2.3943035212e-03
8.7291933311e-03
-2.7701448218e-03
-1.3978052171e-03
-5.3180721202e-04
-8.9184496982e-03
7.3604120348e-03
9.0529001890e-03
3.6734288071e-03
-4.6030377966e-03
2.7137458587e-03
-8.3281743315e-03
-8.6148190090e-03
-1.8986303983e-03
-4.0332639405e-03
4.2441340463e-03
7.4257825940e-03
4.9555886002e-04
3.3928879936e-03
-4.8110554838e-03
6.6109818300e-03
-8.1511747994e-03
8.0328347427e-03
-3.1596170420e-03
5.0635210122e-03
-6.7093343737e-03
-3.0144748178e-03
-1.6179784415e-03
-4.9001164205e-04
3.7766098654e-03
-6.7862168006e-03
3.9338017161e-03
-2.9061524700e-03
3.8580287353e-03
-2.2172406580e-03
-9.8013698219e-03
5.6614474794e-03
1.9425727723e-03
-8.4438257333e-03
3.3592497674e-03
2.3302474833e-03
-3.5253485048e-03
9.7273589408e-03
8.7793811760e-03
4.8567269482e-03
4.7343857189e-03
-3.6696942129e-03
-6.9898744082e-03
-8.2681865486e-04
-7.0502682776e-03
7.2860269720e-03
-7.7278624785e-03
9.3995224944e-03
-1.8722672369e-03
4.1383396421e-04
-9.9264621752e-03
-9.8882065068e-04
6.6502165582e-03
-7.4856558987e-03
-1.0134269835e-03
9.3891502289e-03
-8.0510789102e-03
-5.6275445602e-03
9.5806397777e-03
-1.5964778220e-03
9.2172455406e-04
-6.6779794394e-03
-2.4488685703e-03
-3.0382889197e-03
9.0475376235e-03
9.4348901033e-03
1.5367285840e-03
-9.7125796422e-03
6.2755869871e-03
-9.6761746255e-03
7.9330982725e-03
4.1704001881e-05
7.3551629670e-03
3.9863429217e-03
2.9782335459e-03
-8.8005029946e-04
-1.7922637833e-03
-2.9557755846e-03
8.4934032349e-04
4.6339645595e-04
5.3016227984e-03
-7.7324000111e-03
-6.4837238999e-03
-1.4323277215e-03
-6.4620967876e-03
1.8978362028e-03
8.5525757609e-04
-2.3687335424e-03
6.9018321722e-03
3.7710131228e-03
-1.2501265654e-03
-4.3350327459e-03
2.4075297919e-03
8.5027119377e-03
7.1399453430e-03
9.9072644245e-03
6.1187952514e-03
-7.9237592087e-03
2.9924917246e-03
2.3252074320e-03
-1.7744067157e-03
-7.1901418277e-05
5.0345351732e-03
8.5445781864e-03
-8.0059585521e-03
-1.1179328705e-03
1.6246716389e-03
-9.3472892541e-03
-4.2019108159e-03
-1.5871828479e-03
-5.5424125825e-03
-9.0740240342e-04
-2.3784033784e-03
-6.0887952363e-03
-6.0851515076e-04
-7.5111887827e-03
9.3523220411e-03
8.2805863714e-03
-1.7413051564e-03
6.4083595045e-03
4.0766991354e-03
4.8230611378e-03
-9.8478973002e-03
-2.5071239796e-03
-5.5212680239e-03
-4.3279115457e-03
7.5921432165e-03
-4.7100185890e-03
6.7696834956e-03
5.9027641877e-03
-1.7056695114e-03
-5.1689112180e-03
8.0037450655e-03
-1.7088668000e-03
-9.6893987020e-03
-6.9324930324e-03
-2.5118851899e-03
6.3341402291e-03
6.4006878050e-03
1.9989134844e-03
-3.2982012376e-03
9.1832118589e-03
9.8565824971e-03
-5.1633777386e-03
9.4698064612e-03
-6.1467919325e-03
2.8886871626e-03
6.5709979909e-03
6.0266329247e-03
1.5570723160e-03
-7.4225907118e-03
2.7254698262e-03
9.5471126926e-03
-6.5256545837e-03
8.0834274468e-03
3.4554156042e-04
-1.2519682600e-03
-8.0084415212e-03
6.0234394858e-03
8.5140931364e-05
2.6288213695e-03
5.6856258798e-03
6.8606145326e-03
2.5463676328e-03
-4.7953975443e-03
1.0581101714e-03
8.9740060750e-03
-5.9247484664e-03
-8.1346918604e-03
-1.2515792233e-03
2.5778825238e-03
1.8657638361e-03
-9.4436333153e-03
4.1515182769e-03
8.4118878800e-03
-8.4245499116e-03
-2.3519030176e-03
4.8467924795e-03
-7.3890396977e-03
-9.2587476455e-04
2.6300358441e-03
-2.8375729640e-03
-5.2055623155e-03
7.9581848117e-03
-4.0615498731e-03
7.0834440596e-04
-5.0949116459e-03
5.6005790542e-03
5.7209639815e-03
5.4078317077e-03
3.1851539093e-03
-4.5007035013e-03
8.6995178675e-03
2.5487601792e-03
2.7677313961e-03
1.5870915155e-03
-7.9316153957e-03
-8.1744552743e-04
1.9178888385e-03
-7.8584669319e-03
-4.3507392314e-03
7.8920957715e-03
-8.1444571797e-03
-1.1509897640e-04
-2.7720536422e-03
6.7663176668e-03
-2.1839958279e-03
-1.7926085063e-04
-9.5608606318e-03
-8.5284806063e-03
9.1843434610e-03
-8.4737462982e-03
3.7467282146e-03
-2.4949126110e-03
-3.7283012817e-03
8.1660479979e-03
6.1709811033e-03
-6.4038712831e-03
-9.7971941674e-03
-6.4264585585e-03
1.3458769964e-03
2.1330971800e-03
-9.3709905271e-03
9.5183174823e-03
9.8747915546e-03
-3.2178014593e-04
2.2800999284e-03
9.2965543345e-04
-6.8322346327e-03
4.8339365802e-03
8.5316635849e-03
-6.1430948070e-03
-9.4088951445e-03
-9.5392364982e-03
2.3489441886e-04
-6.9530796682e-03
7.3374851592e-03
-7.7042308601e-03
-5.6608442918e-03
-3.4492054375e-03
-5.6047777707e-03
4.5548779803e-03
8.7969620714e-03
-4.6481893549e-03
-3.6850255739e-04
9.0645872194e-03
-3.0289324063e-03
1.0299422818e-03
-4.1135824521e-03
4.9038891210e-03
-8.3965892186e-05
2.5313093459e-04
-2.0011569675e-03
-6.1389152333e-03
-6.5408096913e-03
3.7411491343e-03
7.7462978240e-03
-4.3783447203e-03
-2.1434815075e-03
1.6729651083e-03
5.3289773446e-03
-3.7682974092e-03
5.8819905230e-03
9.0752414945e-03
-2.4336420991e-04
7.6571466694e-03
-1.5252535647e-03
4.9415854024e-03
6.3178439913e-03
2.4582192462e-03
2.1459130023e-03
-1.4137404859e-03
1.3428406943e-03
-2.5207902643e-03
2.6539693504e-03
-8.7146749423e-03
-6.6550189421e-03
-9.3247997823e-03
2.2713620261e-04
1.7373848572e-03
-4.1305290753e-03
6.5337283726e-03
2.9019594119e-03
9.3029049829e-03
-2.9549332860e-03
-9.4012009927e-03
-6.4019152807e-03
-3.5463767604e-03
5.8179274478e-03
-2.8451096646e-03
-8.5471933759e-03
3.1390922325e-03
-2.5607143126e-03
5.5902910701e-03
-7.5539278970e-03
-3.6282171773e-03
-9.7819795136e-03
-3.4226122180e-03
-6.9246745594e-04
5.9047884228e-03
7.9748794783e-03
1.2328116694e-03
-2.2881823356e-03
2.0360382217e-03
5.4524722956e-04
-7.9415961264e-03
-4.4390306300e-03
2.1580874840e-03
7.6672024738e-03
7.1982527780e-03
-8.5035160819e-03
7.8532804022e-03
-1.5649971840e-03
5.1240240686e-03
-3.6443341056e-03
-3.5975718203e-03
-6.0575349555e-03
6.0545038423e-03
-2.6980631532e-05
9.8051943294e-03
-1.5752550782e-03
-7.5181464176e-03
-6.5772054193e-03
-3.4625048054e-03
-2.3428496366e-03
1.5282763572e-03
-4.2992617163e-03
2.8733321701e-03
7.1220613384e-03
9.7590953119e-03
8.2328628692e-03
-4.3126836224e-03
6.8328572760e-03
-1.9437842016e-03
7.9165905019e-03
8.3606896590e-03
-9.2175951097e-03
2.8955133284e-03
-8.6109177068e-03
-8.0976036445e-03
6.0502656423e-03
4.4650733919e-03
-4.5065290753e-03
5.0738455870e-03
-1.9931131482e-03
1.1290040276e-03
-3.7365067759e-03
2.2464129399e-03
-2.1334501656e-03
3.9291387773e-03
-9.0836517612e-04
6.9734462561e-03
9.3430505560e-03
-7.5717410679e-03
-2.5218783412e-03
2.3595400308e-03
-9.4142363632e-03
-9.0433152280e-03
-9.7920794578e-03
-7.8972861180e-03
-3.5428191928e-03
3.7519782371e-03
-1.2863507530e-03
-6.5961709487e-03
-6.1768061334e-03
8.0455296952e-03
-2.6224093413e-03
8.0576116648e-03
9.7913005955e-03
8.6822071207e-03
7.3602974493e-03
-4.8062461788e-03
5.6988807087e-03
-7.7839280593e-03
8.9428972161e-03
-8.4991564954e-03
-3.4134205151e-03
2.2550126600e-03
6.2497105270e-03
-4.6017589124e-03
-6.5932273977e-03
-7.2447334851e-03
-7.8612474801e-04
-7.4742258609e-03
7.2378979844e-03
5.0606965399e-03
7.7559682504e-03
9.3167252683e-03
-1.7341216450e-03
-1.0644051927e-03
-7.5525338170e-03
5.5177856095e-04
1.5576944467e-03
3.2253795102e-03
9.5269890548e-03
-3.5617727380e-03
4.6172916118e-03
-5.4833896321e-03
-4.7237593284e-03
-4.0753162337e-03
-8.3441145192e-03
1.1703046911e-03
7.4574466411e-03
3.1896155547e-03
4.7053655767e-03
-5.8821753122e-03
-8.4396654255e-03
9.4353041790e-03
-8.7946614306e-03
-9.7374378636e-03
-5.6772906381e-03
6.3702288844e-03
-6.2416514028e-03
-7.9093056410e-03
-5.8267708400e-03
1.8104619923e-03
5.5289276152e-04
7.1691766848e-03
5.2097591675e-03
-3.7634914058e-03
-9.1956069242e-04
-6.9200214970e-03
9.0228185901e-05
8.2825052932e-03
-5.6243033831e-03
-2.7271243355e-03
9.5012936670e-03
7.3571757407e-03
2.6928085134e-04
5.6004211903e-03
-6.2409305470e-03
-4.4432313110e-03
-6.7160735002e-03
-3.8570644034e-03
7.3966276016e-03
2.9676592502e-03
-7.0542053191e-03
7.5239247243e-03
4.9005198643e-03
-5.1887507712e-03
7.8819610865e-03
-6.2594046791e-03
-9.4282750076e-03
3.2377100782e-03
-9.4718167902e-04
-4.6884254935e-03
8.5385543928e-03
-8.3186646768e-03
-1.3705272657e-03
-6.9875990753e-03
4.3807838984e-05
1.5853648390e-04
-8.9368585585e-03
-4.5482226655e-03
-8.0437460469e-03
2.9724349652e-03
4.6400321913e-03
-1.5482325563e-03
-4.1198821084e-03
-1.9461579358e-03
1.8809833044e-03
5.9125506989e-04
-1.2767545601e-04
-1.3286931650e-03
3.6232104972e-03
2.9268971457e-03
9.1794343458e-03
-5.6084047086e-03
-8.9372445799e-03
-9.2862408496e-03
-4.6764351072e-03
-8.6830522817e-03
-7.9793601818e-03
-5.4706996854e-03
2.4044148176e-03
4.3164663620e-03
-2.1618382047e-03
-7.9739145607e-03
4.6784874535e-03
7.5905534166e-03
-4.6346610047e-03
-5.8858924849e-03
5.7145530289e-03
-3.0473377352e-03
-4.2401490054e-03
1.9262679350e-03
4.6776454155e-03
-8.1151486657e-03
6.4803050128e-05
4.0094245407e-03
-4.6483341767e-04
-3.8935162347e-03
8.1333553326e-03
-5.2276102945e-03
-3.6977500198e-03
-8.6109073212e-03
-6.2531117600e-03
7.9973844372e-03
-7.1633268949e-03
-9.7453034422e-03
-5.0798618377e-04
-3.3189170032e-03
-6.4496989586e-03
-4.7233562348e-03
-8.4604586406e-03
3.5840588451e-03
7.0617933586e-03
1.8801031041e-03
9.3908306172e-03
1.6631771626e-03
-2.3385318023e-04
-5.0497914147e-03
-7.8122800521e-03
6.3785287764e-03
1.3453346014e-03
9.8082620339e-03
6.7071806235e-03
5.0538368570e-04
-6.6539052494e-03
-7.0683408118e-03
-8.1217980236e-03
-3.9079545731e-03
4.7237292432e-03
-9.4767294963e-04
4.6963000820e-03
9.7958623686e-03
-4.8532097543e-03
-2.7013372577e-04
-2.7142133625e-03
-9.7287789244e-03
-2.9474724380e-03
4.2031430205e-03
7.8274483260e-03
5.4905259108e-03
7.1391232111e-03
8.0433365470e-03
1.9148708112e-03
-7.7447786525e-03
3.7156831502e-03
4.5643108546e-03
-9.5854544419e-03
9.5727487520e-03
7.1253104836e-03
3.1873382619e-03
-7.1673374836e-03
-4.3355370923e-05
-5.1126439009e-03
4.8202485883e-03
9.4658117638e-03
-2.8116014292e-03
4.8873023822e-03
-6.1231577515e-03
9.0962881413e-03
2.7746750575e-03
9.3090612104e-03
7.5428807179e-03
3.5760305144e-03
7.9844276476e-03
-1.0146130640e-03
9.1661225075e-03
5.3813758119e-04
-4.6938133373e-03
3.5813272519e-03
7.7598980563e-03
-2.1794754879e-03
-1.6541142843e-03
9.8788741643e-03
-3.8135340526e-03
-9.1780004532e-03
4.0155465928e-04
-3.1345111379e-03
2.2473485951e-03
-1.3308075375e-03
-8.9944652220e-04
9.3630607117e-03
5.8468102436e-03
-4.2318293288e-03
9.3893978012e-03
-2.1459620113e-05
3.7105339985e-03
-6.7365055070e-04
-6.9954449649e-03
9.3334293797e-03
2.4759026703e-03
3.2864064220e-03
-3.9270880093e-03
-4.2348009252e-03
5.9957012973e-03
-9.6881520072e-03
-9.1809381221e-03
-4.3396540246e-03
1.8614323621e-03
-8.9361343550e-03
-3.8835699849e-03
-1.3935434293e-03
3.2050662986e-03
-9.9871657714e-03
-4.9713307414e-03
-2.9956352891e-03
-4.3346892617e-03
7.1802108738e-03
3.3065199790e-03
5.3777075649e-03
-6.8992596934e-03
-8.2799306939e-03
-4.5866220977e-03
9.9182851215e-03
-6.0654517364e-03
1.7044967291e-03
-8.3856412335e-03
-5.6228446913e-03
-5.3644464419e-04
-2.9073552417e-03
6.2341817734e-03
2.7408929745e-03
-1.5487342478e-03
9.3381363011e-03
-8.0372260670e-03
-4.7747817754e-03
-3.9595468943e-03
-3.7852839867e-03
1.2781522327e-03
3.5784642213e-03
-3.5504019552e-03
1.5633483438e-03
3.6664236736e-03
-6.0098667070e-03
-7.2861849641e-03
1.0856753885e-03
-3.9787546836e-03
-8.2880414579e-03
1.3333018016e-03
2.5663765462e-03
9.1661351671e-04
-2.4806811240e-03
7.5184295824e-03
-1.2621436870e-03
-7.2278024962e-03
-1.1619733730e-03
-3.7347907567e-03
8.6975962945e-03
4.2519701060e-03
-6.3242251363e-04
-1.4466165801e-03
-1.5898867009e-03
-1.7948275117e-03
-9.4465412330e-03
1.1781820694e-03
9.1498350750e-03
-1.5816275644e-03
5.1171291084e-03
2.3041710119e-03
-3.9522002955e-03
-5.1470868915e-03
2.4413591223e-04
-7.4545027881e-03
8.6539103089e-04
1.3114920076e-03
-4.1331362645e-03
5.1067034669e-03
-2.1468135527e-03
-1.9411574796e-03
-9.8809430804e-03
6.1496205275e-03
7.4982174513e-03
-7.9558494103e-04
-8.9130753153e-03
-8.9061449066e-03
6.5978857854e-03
2.9975988130e-03
-3.3303309091e-03
-8.0520187584e-03
-4.1884615175e-03
-3.7064199290e-04
-3.3738480711e-03
-8.7827046035e-03
4.8094587899e-03
3.4882599877e-03
4.7872684474e-03
-8.9395946709e-03
-5.8987110084e-03
-7.1169619915e-03
4.8084823738e-03
-9.3906948506e-05
-5.5291283287e-03
3.5136152267e-03
7.0451139144e-03
-3.9821558255e-03
-3.7821834208e-03
9.7831725980e-03
-9.8709839872e-03
-3.0089711790e-04
3.7554939390e-03
-7.7058227260e-03
-9.9992857645e-03
2.0758132458e-03
-7.5793116510e-03
-8.0627272655e-03
-5.9141269172e-03
-5.2515193453e-04
6.6545290509e-03
-1.1236825003e-03
-8.8869367650e-03
-7.5637717098e-03
-1.9088532800e-03
9.6539253271e-03
6.4054191463e-03
6.8344160688e-03
9.3438495104e-04
6.4337291737e-03
3.6264089404e-03
7.1862777558e-03
2.3431703632e-03
-1.3529260239e-03
2.7239432963e-03
-6.3038429407e-03
6.3710020102e-03
3.1493072570e-03
-6.5844901634e-03
4.8332944065e-03
9.3362051254e-04
-4.7683202021e-04
-4.1992762254e-03
3.3507105857e-03
9.1818282885e-03
-1.4071727286e-04
3.3539931886e-03
-2.1762155912e-03
3.9530540705e-03
-7.8532832170e-03
-1.6620706300e-03
-1.5033408779e-03
-9.4405868227e-03
-8.5835440157e-04
1.2841816827e-03
-9.7796071201e-03
-3.9447686025e-03
2.9021797553e-03
7.8644194688e-03
2.3975292511e-03
-9.1473640638e-03
8.1411687068e-03
9.2559305041e-03
-6.4185785019e-04
4.4613053588e-03
-4.4619192169e-03
9.6350737152e-03
-2.8450467437e-03
7.1167914362e-03
6.4112426457e-05
-3.0233183648e-03
4.1244923361e-03
-2.1875134836e-03
-8.7446845808e-03
3.1183849501e-03
-2.9626599467e-03
4.3841821794e-03
-3.2141784639e-03
4.3036466626e-03
5.7339373440e-03
-4.4331971131e-03
5.2521517364e-03
-3.9414022977e-03
-2.1214254099e-03
8.3232004701e-03
2.9026801115e-03
-2.4695453104e-03
-5.6495374354e-04
3.1794362039e-03
1.5207790894e-03
8.5482449095e-03
5.5079599707e-03
5.0867814708e-04
-7.4115606103e-03
-3.5184677558e-03
9.1038919361e-03
-3.0380955958e-03
2.3495004818e-03
-1.9245229561e-03
-9.1014173583e-03
7.0406236847e-03
-6.8164065135e-03
-8.0691911779e-03
-7.8755912931e-03
8.6846781789e-03
-4.7173986976e-04
5.1981856274e-03
9.6265679258e-03
6.1711096640e-03
4.6529410475e-03
-5.2676562808e-03
7.9958861889e-03
-6.5200408208e-03
7.8494570232e-03
5.1162774821e-03
-1.5988768753e-03
-8.7126019505e-03
2.2380724923e-03
-7.7105243448e-03
6.9360370561e-03
-8.5423661111e-03
5.2670389972e-03
2.1306660222e-03
6.8135871037e-03
8.4710169098e-03
-3.5768157083e-03
3.9745145216e-03
-2.4474210839e-03
9.7774172779e-03
1.4755932326e-03
-6.0053114301e-03
-4.9501011534e-03
-1.2497029187e-03
-4.2782133482e-03
-5.9761451569e-03
-6.7582083592e-03
6.2767548157e-03
6.1734443590e-03
-6.1540837458e-03
1.6421589291e-03
2.5823132634e-03
3.3731649959e-03
-5.9292077969e-03
6.2001769454e-03
7.8658202298e-03
-2.8087799587e-03
-1.8394525992e-03
9.3161685236e-04
-8.5606976836e-03
-6.2939128753e-03
4.5995423135e-03
8.2197700036e-03
2.8446475458e-03
-7.6490612308e-05
6.6480581772e-03
1.4074013870e-03
-5.2534259843e-04
-2.9578789537e-03
2.3695772737e-03
1.1739462396e-03
-7.2425292728e-03
-8.6569064202e-03
-1.4497650228e-03
-2.4776354620e-03
-8.5826476560e-03
-8.4371238757e-03
5.6477471467e-03
-4.0354603379e-03
-7.6414500924e-03
-5.3885298891e-03
2.0297917039e-03
-3.3816041019e-03
-5.5195755033e-03
8.8123503759e-03
8.4454665822e-03
-4.9723630562e-03
4.0654662785e-03
-8.6409436356e-03
7.4294667181e-03
9.3622963560e-03
-8.5044575431e-03
1.5071174862e-03
7.0639043328e-03
8.6361809986e-03
9.4016078700e-07
-2.0156068178e-03
-8.8670360229e-03
3.9503581661e-03
-7.7825105812e-03
-5.8042586790e-04
8.3478267468e-03
-4.7389385621e-03
-9.4004394066e-03
-3.2390951482e-03
-4.7823778986e-03
-3.3091750908e-03
5.2947183042e-03
-7.2142274373e-03
9.4174695265e-04
4.6774533882e-03
8.4834852453e-03
3.2667225469e-03
7.5654035900e-03
-5.2876559655e-03
-8.5417619637e-03
8.9599519318e-03
8.0864773110e-03
4.0618166082e-03
5.3114844572e-03
-9.2927585027e-03
9.6211208509e-03
8.9981556559e-03
1.9629525750e-03
2.2486530139e-03
-8.3881302346e-03
1.0285050390e-03
8.9320135309e-03
-4.5898318703e-03
-9.1651804590e-03
-9.2879983043e-03
1.5208530802e-04
3.0067393706e-03
-1.3696887378e-03
-3.9316329686e-03
6.9966700489e-03
9.4293129784e-03
-9.5711347563e-03
-8.8928690513e-03
5.4722648534e-03
6.2272633904e-03
6.8371722223e-04
7.2058894306e-03
3.6388243263e-03
4.7584714022e-03
1.0499192003e-03
-8.9571916480e-03
5.3136303093e-03
3.9088106342e-03
-1.4056270270e-03
-1.4633283690e-03
-7.2445913977e-03
-1.2409429076e-03
7.9429345750e-03
9.6506911372e-03
-2.6458265853e-03
-6.1270874227e-03
-1.2695033970e-03
-8.8415498677e-03
-5.3593315047e-03
1.7723494783e-03
-5.4574822764e-03
4.9495137859e-03
7.7667067659e-03
5.8636168444e-03
1.3609722325e-03
9.8187747302e-03
-9.7020288001e-03
4.3965369835e-03
6.2524378384e-03
-8.4677664851e-03
-7.4656821134e-03
-6.3881304439e-03
-9.1256114372e-03
-3.0066507157e-03
3.1041790382e-03
-5.1151131096e-03
-4.1517455683e-03
2.1224769053e-03
-4.2597269154e-04
-7.5524728512e-03
-8.4639233237e-03
-4.9960228893e-03
8.7292391149e-04
-1.0141496282e-04
4.7043725570e-03
-2.8608337197e-03
8.3020172803e-03
-5.5942542190e-03
4.2626771782e-03
8.8285397540e-03
5.6041681098e-03
-4.1463317172e-03
3.0728774137e-03
5.3688375547e-04
-4.6492950143e-03
3.9554337474e-03
6.8908051309e-05
-8.9200493177e-03
8.0085075514e-03
4.1100335047e-03
2.4374356100e-03
-4.4043230894e-03
-5.9289012980e-03
-7.2573702274e-03
9.5187681200e-03
-5.3892814659e-03
4.8381731738e-03
-5.7846073623e-03
-2.5522002988e-03
6.3275941890e-03
-7.1607753581e-03
9.5581940167e-03
3.9668387831e-03
2.9981617278e-03
-9.2474029168e-04
-7.7152273027e-03
-2.1850193094e-05
-9.3248763278e-03
-4.4406533855e-03
-2.3164668232e-03
6.5435770102e-03
-8.3101341039e-03
-4.4181503572e-03
2.1949545121e-03
-9.2850026660e-05
7.2554562066e-03
-2.3067350024e-03
-9.1116889977e-03
-5.8853975863e-03
-6.3114640623e-03
-1.3783007067e-03
-8.9548069745e-03
-3.8970385445e-03
8.3098333523e-04
-3.0439092312e-03
-9.4801579550e-03
2.1747858456e-03
7.8633872176e-03
8.4539736551e-03
8.1489916537e-03
6.2048737337e-03
1.8191725338e-03
5.1450443309e-03
-3.1811123005e-03
6.5847891005e-03
-1.3184797964e-03
-1.4490162160e-03
4.5845226837e-03
4.7082897652e-03
-8.8576281358e-03
-7.8157959054e-03
-2.2377887439e-03
4.4259405035e-03
3.5593904983e-03
7.1702818559e-03
8.7595214747e-03
-7.2994926217e-04
1.4520510613e-03
1.3660610868e-03
3.7825722398e-04
-6.7490226089e-03
-2.3741792936e-03
4.9126774062e-03
8.4932227788e-03
-7.3625457424e-03
-9.6963317274e-03
5.9917784754e-03
9.0193446389e-03
-8.2892626526e-03
-5.0013476951e-03
8.5609112618e-04
-3.2493529363e-03
-2.1079759242e-03
2.3109449855e-03
-2.7661026614e-03
3.1845988707e-03
5.6485257526e-03
6.2051899391e-03
2.1599835176e-03
-7.5138717432e-03
1.3688215108e-03
-3.5802121705e-03
-4.7096491087e-03
-6.4243120784e-03
-7.4551462870e-04
-1.2018144117e-03
-6.7120998546e-04
9.3177098570e-03
-3.9584180150e-04
6.8865066106e-03
-5.6431500005e-03
-8.8283032805e-03
8.7766851603e-03
-4.4710865770e-03
2.2065704393e-03
-3.7194693158e-03
-8.7191302418e-03
-6.4039218041e-03
5.3195365946e-03
-4.4771131486e-03
7.3811074339e-03
-7.4555503983e-03
2.6067635677e-03
-7.0619642926e-03
2.3589860880e-03
-9.0084065150e-03
-7.7110687413e-03
-9.2299644374e-03
3.6888276796e-03
7.2114055515e-03
1.5978143092e-03
-9.1608882616e-03
4.3471539360e-03
-8.7837426436e-03
4.2909912753e-03
-4.8189049996e-03
-4.8510985052e-03
3.5677563913e-03
7.1498061492e-03
-2.9332991629e-03
4.3663859434e-03
2.0115767769e-03
-3.0054069893e-03
-8.4504171451e-03
-1.1237463186e-03
2.2071034870e-04
-5.2604257756e-03
-3.4842190787e-03
-2.5728127615e-03
6.4538588645e-03
-1.6806065930e-03
2.8377405444e-03
7.5170627658e-03
-7.1384103559e-03
-3.4691891660e-03
5.7632892371e-03
-3.3002843000e-03
-1.8372489665e-03
3.0395642481e-03
-5.8629930877e-04
9.4700240037e-03
2.4383273767e-03
-6.7937436151e-03
-9.1077884598e-03
8.6061702892e-03
8.2374531912e-03
-9.4892942747e-03
2.1807629185e-03
6.1606842746e-03
2.1592284974e-04
5.6174750242e-03
1.6364541403e-04
1.6297299732e-03
-3.1189450711e-03
-5.7026256056e-03
6.6145353888e-03
-9.3480094288e-03
4.5251952335e-03
-2.3782067355e-03
9.9564170315e-03
-8.4311005540e-03
-8.4537711801e-03
8.7103573967e-03
-5.5083798520e-03
6.9917738112e-05
1.4887849436e-03
9.6466060489e-04
-1.6383976431e-03
4.6609132173e-03
6.9519015966e-03
5.5512797806e-04
-8.9713699211e-03
-5.5341680956e-04
4.8896141653e-04
-1.1796517198e-03
-4.6163455851e-03
6.7201788091e-03
-4.1386938228e-03
-5.1194200920e-03
-5.1385331453e-03
5.3528682854e-03
-2.7607008471e-03
-8.8357652503e-04
4.9637655873e-03
-7.6916616122e-03
-5.1790704660e-03
4.6559666034e-03
7.6045355812e-03
-2.7623768032e-03
-2.9603078126e-03
1.1286885685e-04
8.2927102390e-03
3.0665985471e-03
2.1043716714e-03
-1.0206395706e-03
-1.6229954020e-03
1.3868450862e-03
6.5356783549e-03
-7.4943748227e-03
7.5231794193e-04
5.5289654299e-03
-1.8476512024e-03
1.6951067248e-03
-7.2371969215e-03
-4.7944209284e-03
-4.2622962085e-03
-3.7231132212e-03
-8.3698808538e-03
-1.5795481943e-03
9.6649550123e-03
1.5202350161e-03
2.6525953235e-03
5.4528995153e-03
7.9974493652e-03
7.5281139395e-03
-9.6897549679e-03
-7.5842230888e-03
-4.7324775509e-03
1.0915755796e-03
8.6025033101e-03
4.8570798488e-03
-7.4720409707e-03
-9.3184866259e-03
-1.3716027105e-03
3.8009312998e-03
9.7986696769e-03
-7.3524448998e-03
7.3375997736e-03
8.3724600655e-03
8.0852078531e-03
-2.9126445759e-03
-1.9536498641e-03
1.1388156178e-03
4.2396702310e-03
-7.6194071268e-03
7.9485264159e-03
7.9670778419e-03
1.8295600427e-03
2.3325918775e-03
9.8826820734e-03
-9.0952460358e-03
4.7749684633e-03
-2.9008473531e-03
-1.0220931603e-03
-1.8225054993e-03
-1.0049257069e-03
6.6960934454e-03
-4.2141771678e-03
-4.5787905155e-04
-7.3078892032e-03
-6.3309844250e-03
5.3191142663e-03
8.3268369466e-03
8.7324289246e-03
-8.3242101740e-03
7.9119834315e-03
1.8710657348e-03
-2.6025218257e-03
2.9880952021e-03
-2.4125083803e-03
-1.2282591795e-03
1.7334382572e-04
1.7616175531e-03
8.8953619857e-03
-8.0620279562e-03
-4.0530293445e-03
-3.1776557791e-03
1.2826267656e-03
7.9460325130e-03
1.5965641302e-03
6.8813085449e-03
-1.4662093989e-03
-3.5439985418e-03
-3.6284339790e-03
-6.4316837559e-03
-7.1360687849e-03
6.2797436036e-03
4.6925149683e-03
9.7841074662e-03
-5.7863862171e-03
3.8269941185e-04
1.5027564585e-03
2.3095499448e-03
-8.0106692989e-03
-4.3041808656e-03
-7.6289784479e-03
-4.5230299999e-03
-1.2216651106e-03
7.7069832637e-03
-4.2304235787e-03
8.3538613110e-03
9.7761114845e-03
5.0693760970e-03
8.4903170514e-03
3.3286722420e-03
-7.1799374974e-03
-5.8631377589e-03
6.7757999165e-03
5.0972947730e-03
-9.4529975059e-03
8.0508260488e-03
9.1971340613e-03
7.9659499793e-04
5.9798400395e-03
-9.8666978645e-03
6.6500898931e-03
-9.4844538913e-03
-5.9371812222e-03
8.8361191672e-03
1.4233032504e-03
4.6417883701e-03
4.1787790152e-04
6.6207563063e-03
-4.1011683765e-03
-7.8077024644e-03
4.1264439999e-03
6.8948824882e-03
-1.1118987368e-03
-1.3546810309e-03
-4.7388693561e-03
7.2900550271e-03
9.8615450082e-03
4.6326748533e-03
-7.6707471954e-03
-2.9255767459e-03
-8.4186584138e-03
5.8664051030e-03
4.5472318045e-03
-3.4576856856e-03
1.4120345344e-04
-4.4778394023e-03
2.6124788427e-03
2.5688226105e-04
5.5409114173e-03
4.1361960304e-03
-3.7038014990e-03
8.4945996163e-03
-1.3324475139e-03
8.6473600127e-03
5.8839479866e-03
-3.6494560256e-03
6.8286208150e-03
3.2226085421e-03
7.5514706412e-03
-9.2872762756e-03
2.6899431090e-03
-9.8405882350e-03
-7.2625065466e-03
-2.4758188617e-03
8.8632473678e-03
3.4669526213e-03
-4.6942790642e-03
-6.9713378721e-03
6.2773770373e-03
4.6712137009e-03
-4.3480065269e-03
-6.0285406359e-03
7.5172789527e-03
9.0166551644e-03
7.1431359236e-03
4.9889195285e-03
-9.9360457906e-03
-8.6547746523e-03
1.1547432261e-03
-5.8290605679e-03
-6.4376994910e-03
-1.6368130314e-03
-4.7385237197e-03
-2.3941954030e-03
1.6779791168e-03
2.7542925401e-03
-3.1533874117e-04
3.1388193301e-03
-6.3987133089e-03
-3.9979885756e-03
-5.3621332534e-03
-4.1576816636e-03
-2.9880099144e-04
5.9349235341e-03
-2.1557988826e-03
-2.8574425662e-03
-3.8081894883e-04
-8.0693353386e-03
-7.7526515778e-03
7.6179037834e-03
5.0992220288e-03
-4.2545729250e-03
9.3872428607e-03
-3.4920590747e-03
3.2483637966e-03
-7.6836164033e-03
-7.0528135355e-04
-3.6218809097e-03
-7.7292741317e-03
3.9393716154e-03
4.0963760209e-03
5.4736356262e-03
-3.2522531746e-04
6.0944261944e-03
-2.1651244148e-04
-1.7599416245e-03
-5.3027991907e-03
-4.1813952822e-03
1.4974805938e-04
7.7962122636e-03
5.6565578891e-03
-8.7839347776e-03
5.4359731560e-03
-4.7678949423e-03
-3.6476328356e-03
-2.1724321233e-03
-1.1609690748e-03
-2.0264097660e-03
8.2473746024e-03
-4.6336553267e-03
4.5637369482e-03
-3.2031688636e-03
6.3704916903e-03
-3.8297870088e-03
-1.8037691383e-03
1.4501139336e-03
-6.6692971385e-03
-5.8759835691e-03
2.5057301090e-03
8.9575558854e-03
2.2660794274e-03
-3.4063164697e-03
2.0992241114e-03
-9.6016016677e-03
4.4445744188e-03
6.0482575564e-03
-8.1949457853e-03
4.0946104129e-03
8.2445712913e-03
5.3368410119e-03
1.0578838085e-03
3.0986316575e-03
3.7297997035e-04
-2.7580449677e-03
-6.0312037192e-03
-6.8601417783e-03
7.1397623353e-04
7.1944567141e-03
-5.4133106336e-03
6.0257078948e-03
8.2130756041e-03
-3.3699577431e-03
-5.6876980434e-03
4.6666869892e-03
8.8002759239e-03
-9.2785005502e-03
-9.5994325347e-03
8.8071038614e-03
-7.9495853928e-03
-2.0412518395e-03
-3.0200108256e-04
-6.8610898729e-03
-3.9706712925e-03
-5.3998952163e-03
5.4482326937e-03
-5.0538252244e-03
-4.5508350805e-03
-7.5271433871e-03
5.6810722318e-03
3.1055191756e-03
-7.3761362108e-03
4.8105147297e-03
-4.6000267771e-03
-8.3016674107e-03
-8.5221951448e-03
4.4422573899e-03
5.2477198441e-03
-1.6923995286e-03
-9.7051643219e-03
6.6050303790e-03
2.0974372207e-03
-6.9630488611e-03
4.7174679619e-03
5.8524001228e-03
-6.1143183959e-03
2.1138316183e-03
-3.7562059187e-03
-3.5254653655e-03
2.4711262338e-04
-9.5313609686e-03
-4.5190052004e-03
-5.9466661364e-03
-4.7146008955e-03
3.1210141743e-03
-5.7199293724e-04
-4.1752269224e-03
-8.1387520995e-03
9.3377265940e-03
1.2199251769e-03
-3.3300961786e-04
8.1533151422e-03
6.6407807270e-04
-5.1077192452e-03
-9.6557493518e-03
-5.9302191800e-05
-2.1270963622e-03
-2.5452466663e-03
9.3162830391e-04
-7.8339140933e-03
-5.5187827978e-03
9.5038118996e-03
-2.0530276341e-03
-5.3576890458e-03
-2.6035674696e-03
1.2630653544e-03
2.8563713000e-03
-3.3512905026e-03
6.1936157390e-03
9.5163485532e-03
-8.0922192989e-03
-6.6148857463e-03
7.2965542886e-03
-2.0377075770e-04
-5.0006188327e-03
-7.1733886893e-03
2.3297694084e-03
-5.2970684716e-04
4.4606482744e-03
1.3327841104e-03
-5.3514048369e-03
5.3481695791e-03
-4.9595230204e-03
-3.7709008544e-03
-3.2426303872e-03
-6.9877605086e-03
-3.5711403655e-03
1.3062472044e-03
-1.8693143321e-03
-9.8885646063e-03
3.8079467728e-03
5.1007586066e-03
5.8939158155e-03
9.1177470979e-04
-3.7396764816e-03
3.0401724928e-03
-3.5632408468e-03
4.1773634379e-03
2.8862231296e-04
7.1730582028e-03
9.8551071783e-03
-8.3713138221e-03
-7.8991224727e-03
3.9851112779e-03
-2.4862789918e-03
5.1377341172e-03
-6.7581377149e-03
4.9629752519e-03
-6.6760605280e-03
-1.2479748026e-03
9.4383254817e-03
-9.2187610439e-03
-1.5163555003e-03
-6.5855582615e-03
6.0630726106e-03
-2.5613246264e-04
4.9798686615e-03
9.4170099767e-04
-2.0118868337e-03
-4.0649795357e-03
-1.2904119498e-03
-4.1155268669e-03
8.4394043506e-03
3.5336631940e-03
4.4960205591e-04
2.3020097449e-03
-2.5673637444e-03
3.0044143149e-03
-7.1696480676e-03
4.6502481178e-04
-5.9107631739e-03
2.2799964178e-03
4.2894960003e-03
3.8759568401e-04
-4.9752127421e-03
-7.4239668092e-04
8.7240499750e-03
8.5415918748e-03
4.4026051456e-03
7.0479234946e-03
-7.2932150715e-03
4.8756908105e-04
6.5881603172e-03
-9.8035762731e-03
-1.6739411385e-03
-6.9930184677e-03
-8.6590397368e-03
9.5395226785e-03
-3.7631898073e-03
-6.2465114595e-03
3.8809034368e-03
7.5462988892e-04
-3.3792973914e-03
-8.7778442167e-03
-6.2611794554e-04
-6.8709395726e-03
-2.9909441417e-03
1.1831217830e-03
-5.4794097923e-03
2.5764350614e-03
8.5575899769e-03
-4.5083877021e-03
6.4150886106e-03
7.3618631700e-03
1.6893677010e-03
-3.8849935878e-03
2.4900187205e-03
-1.9346328178e-03
-4.9050123153e-03
8.2033986473e-04
3.1873514060e-03
-8.4504774820e-03
-6.9515639390e-03
4.6131615663e-03
-4.4002893301e-03
-4.7412476594e-03
-7.9535575022e-03
5.9376896206e-03
1.7463412352e-03
5.3210868512e-03
-3.3967962003e-03
5.4395736535e-03
1.8433994956e-03
-4.4552499106e-03
6.1459916439e-03
7.4267316782e-03
3.3699382706e-03
-5.3186324100e-04
-6.6380122300e-03
5.6672983217e-03
9.7817445124e-03
-8.1732346222e-03
6.0670765661e-03
-7.0701668943e-03
-6.7036322541e-03
7.4922817946e-03
-3.5332424823e-03
7.9190668419e-03
-8.9562162553e-03
2.3410526026e-04
-1.2062195800e-03
3.2968445825e-03
-3.4582127180e-03
7.5021028530e-06
-7.6540700733e-03
1.2029027035e-03
-2.4538089672e-03
-2.2894028267e-03
-5.1043996886e-04
-3.7647633495e-03
4.3971409156e-04
6.1371014687e-04
7.6657121786e-03
6.8438244185e-03
9.1072024653e-03
8.9097986570e-03
6.6720986780e-03
4.2269535576e-03
6.7975220736e-03
1.2097173097e-03
-1.9812990798e-04
5.7793011145e-03
3.7073517025e-03
1.1581016928e-03
-1.2917325419e-03
-3.0363902184e-03
-9.4940889081e-03
-2.6862564898e-03
-6.7848238785e-04
3.4007819512e-03
4.5698300636e-03
-5.7244007860e-03
1.1958804542e-03
9.9580022574e-03
8.7881429778e-03
-2.3508516887e-03
-6.4198879997e-03
4.9525699013e-03
-9.7865515656e-03
-1.1583886503e-03
5.2005189581e-04
-9.8877092322e-03
-3.7921860325e-03
-8.1178303195e-03
-2.6226514703e-03
-4.9247934665e-03
8.4312790652e-03
2.1354882826e-03
-9.3294361759e-03
-4.5009716389e-03
-4.2530262496e-04
-9.1216522462e-03
3.9099815047e-03
-4.9392409214e-03
2.5054082360e-03
9.4228138882e-03
6.4665141747e-03
7.2637064335e-03
8.5514967845e-03
9.9446315479e-03
2.6448016546e-03
-1.9399029407e-04
-5.3103167565e-04
7.4987366270e-03
5.0117269971e-03
6.1486137068e-03
-9.2361281262e-03
-9.4232605974e-03
7.8853027095e-03
-6.9361649892e-03
4.7239233817e-03
7.4182644264e-03
-7.3670358832e-03
-1.6085483381e-03
6.9160627007e-03
-8.8790401156e-03
2.7495631144e-03
-8.7534905502e-03
-8.0504907879e-03
8.8166971169e-04
9.6680685658e-03
-6.1163524307e-03
2.2800758090e-03
-9.6665109198e-03
6.7454705644e-03
6.9646005183e-03
-3.6703942869e-03
4.1861790671e-03
8.1144949773e-03
1.7369497898e-03
8.8860194931e-03
3.2680899116e-04
8.8109032310e-03
-1.9365383064e-03
6.7543334764e-03
3.3928234967e-03
-8.7009019862e-03
6.5009508671e-03
3.0513874816e-05
4.5791413287e-03
-8.3206259947e-03
-1.1320225828e-03
-4.4894908952e-03
-6.0263319777e-03
1.0931661863e-04
-6.5406357295e-03
4.9365685645e-03
6.7571939440e-03
-9.9355123473e-03
-4.5247372150e-03
-2.9863044444e-03
-3.1709501943e-03
1.3634653145e-03
3.9258436987e-03
1.3237857715e-03
-7.3989255903e-04
-7.6747661951e-03
-8.1887656178e-03
4.5910075436e-03
-6.2868222121e-03
1.8229706029e-03
9.3153119117e-03
5.3344513728e-03
5.7747335748e-03
-5.6494829598e-03
-2.5094088226e-03
-8.3745013360e-03
4.4855353152e-03
-5.0653576392e-03
6.7461664499e-03
2.8463478301e-03
8.0295839704e-03
-6.1782788117e-03
5.1166508702e-03
-7.3453036978e-03
-8.9332939119e-03
4.1182792615e-03
-6.4399192812e-03
-7.1914785258e-03
-3.6891804019e-03
-5.4807923980e-03
-6.2350941788e-03
7.6713715791e-03
-6.4577582509e-03
-4.1013531000e-03
3.9511632084e-03
-4.7090971332e-03
-2.0228678656e-04
1.5739232844e-03
-3.0228160661e-03
2.8365182166e-03
-1.0065371052e-03
2.6205281447e-03
6.6346088306e-03
-9.2653781251e-03
6.6944838442e-03
-2.2863861686e-03
7.5897567998e-04
-5.7867440591e-03
4.0437493375e-03
-3.0615693858e-03
6.2181664529e-03
5.9254280163e-03
-5.8510608461e-03
3.9930765284e-03
7.5305037441e-05
6.5971536552e-03
5.8859005971e-03
-8.1848499904e-03
5.4681799130e-03
-4.8357230100e-03
-6.4623605298e-05
-9.3710389850e-04
-7.6940362875e-04
3.1666436242e-04
-6.2714897878e-04
-7.2036943633e-04
1.7364152257e-04
-2.5543450469e-04
-2.4417968604e-04
1.7678156348e-04
-9.3230042871e-04
4.0257656730e-04
2.5894415913e-04
7.3865820320e-04
-9.8420339586e-04
-1.5718447454e-04
-3.3057504391e-04
2.9576262687e-04
-7.9958462436e-04
8.2629764614e-04
-3.8744874056e-04
-6.6317535240e-05
-6.2767854702e-04
-9.5650006177e-04
6.1844266380e-04
-8.7108647919e-05
1.5193040214e-04
-1.3006304605e-04
-2.0133303890e-04
6.6819282239e-04
-4.9485046084e-04
-2.5357044338e-04
-3.2424347874e-04
3.5711168351e-04
-3.9965340435e-04
9.4153134419e-04
7.5486542634e-04
5.2634598218e-04
8.0173104893e-04
1.3921515761e-05
-1.5802803001e-04
5.4814489587e-04
9.0796388056e-04
-1.9849974523e-04
-9.4288965815e-04
2.4408700561e-05
8.4470719547e-04
7.7319049234e-04
9.3047122207e-04
8.8569266385e-04
-6.0307571364e-04
9.4485550475e-04
5.0370018392e-04
-7.4021834637e-04
-3.3370577114e-04
9.1982659778e-04
9.4065025584e-04
-3.8145292114e-04
5.3164622398e-04
6.0297924796e-04
-8.2572960913e-05
-6.6931583791e-04
-9.9831358107e-04
-7.0501798093e-04
7.6590948063e-04
-3.9743533272e-04
-8.3924945914e-04
-5.2763283465e-04
-5.9335603660e-04
-8.1966621095e-04
-5.1053495475e-04
3.6942715280e-04
6.9133679234e-04
-2.5148437910e-04
-4.5311821113e-05
-3.1057627350e-04
-5.8398611101e-05
3.7357287696e-04
3.9755949695e-04
8.2566609192e-04
3.3687370086e-04
6.6269398426e-04
4.1244820122e-04
5.2611234660e-04
-8.0835027415e-04
-7.4299521270e-04
5.2608859443e-04
-7.3294746280e-04
5.4652087878e-04
7.9604258065e-04
6.3958215229e-04
4.6074421514e-04
-1.5081512039e-04
-2.1229927936e-04
-8.5668640812e-04
-2.3381342443e-05
4.8085823611e-04
1.7285791080e-04
-5.5661191217e-04
2.1704466906e-04
5.3568785243e-03
-2.6173486766e-03
-3.2029809801e-03
6.4647628369e-03
2.2113304733e-03
5.0336892006e-03
8.2917200144e-03
2.9115453705e-03
-7.2384019941e-03
-6.2405890160e-03
-5.7753531185e-03
-1.2919874351e-03
-3.2082668865e-03
3.0808986991e-03
-1.4857736005e-03
-4.3007175161e-03
-2.2636896856e-03
6.4255002857e-03
-9.3034667878e-03
9.1702549092e-03
-1.5652622015e-03
-6.7291424575e-03
3.6467955287e-03
6.6846499006e-03
-7.0154595282e-04
-8.3471905669e-03
3.7213123936e-03
-7.9718980706e-03
7.2493295974e-03
6.0710051368e-03
-9.7555102168e-03
-3.6194844352e-03
1.4936441939e-03
-2.3201942911e-03
-9.0615868396e-04
-2.7721231374e-04
9.1984210417e-03
-1.9659321871e-03
5.4271932028e-03
-3.9409097396e-03
-4.8270190146e-03
2.6823435897e-03
2.0727209459e-03
6.0483679039e-03
-9.9460117488e-04
-2.5434936909e-03
-5.2905429721e-04
-3.2987298304e-03
7.0048331794e-04
-2.7027642560e-03
5.7098944752e-03
9.6146901584e-03
6.3423257464e-04
-2.3305635347e-03
3.4943781912e-03
-6.9922555973e-03
-3.2576862055e-03
8.6835415226e-03
1.8030603614e-03
-6.0477390118e-03
6.2567021868e-03
4.5525753308e-03
-9.0021275954e-04
-9.0291280352e-03
-4.3657208920e-03
-7.5689710874e-03
-2.0757176574e-04
-2.6579175815e-03
7.7833186983e-03
3.7277527704e-03
-4.9534639082e-03
-3.2507651038e-03
-4.0771109213e-03
6.3833868539e-03
8.5496995855e-04
-6.4254363934e-03
-2.8622927640e-03
-9.6496201386e-03
-3.5073489997e-03
2.7196539992e-03
1.9155781137e-03
-2.8551103574e-03
-9.2677529855e-03
4.7736061210e-03
-5.0274656452e-03
-8.3190628089e-03
-8.1085485032e-03
4.5357480861e-03
2.6584004601e-03
-1.3779890697e-03
-4.5060753308e-03
9.4370555070e-03
3.7798392202e-03
-5.1179859163e-03
6.5114281928e-03
6.6983580488e-03
4.6537555487e-03
4.7117495076e-04
-8.3160861721e-04
-8.4692771246e-03
-2.5440934243e-03
-7.0649910555e-03
9.5368666535e-03
2.7562896628e-03
7.6407377573e-03
-2.3617400955e-03
9.6053297409e-03
-8.4247026834e-03
8.5488110239e-03
4.9853399846e-03
-1.5494018196e-03
-9.5523304963e-03
9.0071776132e-03
-4.8628399191e-03
3.0579086755e-03
7.6585072397e-03
6.7370663453e-03
-1.3312943332e-03
-7.6714913855e-03
-6.1671272560e-03
-4.7804850347e-03
-3.9359716154e-03
2.8079145240e-04
7.0848729899e-03
-5.1249519446e-03
5.9790819956e-03
-2.5152722637e-03
-5.4163199437e-04
5.2143809103e-03
-1.2610873171e-03
4.9373958541e-03
5.5661794820e-03
-4.4629237799e-03
3.4287928113e-03
2.0924513636e-03
8.1949281963e-03
3.5641649790e-03
-4.5464119308e-03
-1.8563441624e-03
-9.6256210235e-03
-1.7135032032e-03
-7.4046611376e-03
-4.6589344051e-03
1.9815890178e-03
9.5179524474e-03
-3.6368121062e-03
-5.5735262893e-03
-9.6385415332e-03
-3.5078233151e-03
-8.7255508287e-03
-4.2433737623e-03
4.2406720831e-03
6.5394995303e-03
1.7582832904e-03
2.6954532557e-03
-3.4249596981e-03
-2.2192097492e-03
8.5974539157e-03
-9.7486555065e-03
-3.1880804420e-03
-3.0726737048e-03
-1.1123387289e-03
-7.6104896451e-04
4.8514231293e-03
-5.7872521084e-03
3.9545072868e-03
3.4597190306e-03
-4.8861480649e-03
-9.3546698003e-03
7.0458335536e-03
9.3544721721e-03
2.6276812682e-03
1.2265147246e-03
-3.0940161522e-03
-5.8489759642e-03
9.6973720982e-03
-2.6161708975e-03
-4.1635391487e-03
-3.6932382805e-03
3.4900274079e-03
-9.4087086386e-03
2.4972539522e-03
-6.6653138959e-03
-2.9674724393e-03
-1.3693841673e-03
9.9165168054e-03
-9.5318331195e-03
9.4671413725e-03
1.1287897444e-03
-1.8486246620e-04
-5.3056287206e-03
8.4235256221e-03
-7.3660522135e-03
2.1424348576e-03
6.9933638161e-03
-8.0604035563e-03
-5.6338923855e-03
9.8426181243e-03
1.4149003162e-03
-6.4275512301e-03
-6.8176496376e-03
5.5504935957e-03
4.6892142264e-03
-1.9776698127e-03
-1.8296762776e-03
5.0256184068e-03
-1.6364000886e-03
1.9849707602e-03
-3.6119300469e-03
-2.7365063682e-03
-7.8872244560e-03
7.6951573322e-03
9.2047880043e-03
5.2350626344e-03
-3.6444980648e-03
7.1254097410e-04
-2.1565326713e-03
7.1811317509e-03
-1.0333571481e-04
-7.2172115948e-04
6.5227687246e-03
-1.0108814900e-03
8.4782111456e-03
-6.4474674463e-03
-4.2318437989e-03
6.5331411807e-04
-3.3189030345e-03
-7.1957027075e-04
-6.5545866365e-03
8.1456177083e-03
-2.3329315215e-03
3.0620848265e-03
9.4849478332e-03
-1.7941239195e-03
2.7283375008e-03
2.3775193429e-03
-7.2285591647e-03
2.3984058951e-03
9.9781976760e-03
1.9913634018e-03
4.6429598941e-03
8.9097803865e-03
-3.4995937929e-03
-5.0011849155e-03
1.3861229458e-03
-5.6172912056e-04
-8.1806711924e-03
-2.5940817561e-03
4.8593074979e-03
7.6702496096e-03
3.0823208972e-03
1.0411471890e-03
7.2687654485e-03
7.0061802735e-03
-6.7724145267e-03
-2.6187135692e-03
7.4930039405e-03
-6.4957801294e-03
8.7428177465e-03
8.4277136922e-03
-3.5455159645e-03
-4.1403616868e-03
7.8889131592e-03
-5.8598545823e-03
-7.7640824628e-04
-5.0990605826e-03
2.0649797385e-03
9.7942665580e-03
5.9350711371e-03
9.4561057480e-03
4.2987825542e-06
-7.7768540675e-03
2.0801359173e-03
-3.3748153043e-03
8.4031163020e-03
-6.8146682911e-03
-7.5575534671e-04
9.2494805261e-03
-9.8623337226e-03
-9.3535486338e-03
3.5374475131e-03
7.3412542820e-03
9.9106910035e-03
7.2433794119e-03
-8.5926877285e-03
-1.6582077805e-03
-4.7994150395e-03
4.3195315506e-03
-7.5803605146e-03
5.5319305669e-03
2.9417867942e-03
6.8341623467e-04
-9.5255974772e-03
-3.8384872261e-04
4.5206350177e-03
-4.1407385749e-03
-2.0320652681e-03
6.4463151582e-03
5.3752303183e-03
-2.7325346471e-03
4.3324924897e-03
2.3119399388e-04
2.9925960958e-03
-1.4282292444e-03
-7.5188630665e-03
-7.0803252090e-03
-4.7500180069e-03
6.5045718223e-03
5.0715571331e-03
-7.7643253323e-03
-6.6209306767e-03
-1.7421389138e-03
-3.2033075181e-03
8.2594918077e-03
5.9110619847e-03
-5.7983003163e-03
-8.0574859187e-03
2.8407114288e-03
-8.5186088892e-03
7.9839062257e-03
-1.6846138947e-04
-5.1054311161e-03
-4.8000089314e-03
-4.0941586064e-03
-1.1065586909e-03
5.7474789695e-03
3.9912334469e-03
1.3646237962e-03
1.8885625952e-03
5.2264547557e-03
-7.0395205137e-03
-4.2313913962e-03
-5.5795692086e-03
-2.5829776282e-03
-2.7455152998e-03
-4.1756340404e-03
8.8958382183e-03
-6.8339510906e-03
2.6778915979e-03
-4.9430315002e-04
-1.2027529369e-03
-4.1024076708e-03
4.8746633239e-03
3.9016503287e-03
-7.0694771994e-03
-4.1533424170e-03
-2.3154665146e-03
2.7352466029e-03
-9.4399059041e-03
-5.7667591299e-03
-3.9408686536e-03
1.6846954841e-03
-4.8115765506e-03
4.4227873547e-03
4.9091447696e-03
9.9223504241e-03
-1.8831073527e-03
2.3691998273e-03
-6.5917974752e-03
-3.1157291466e-03
-6.8824628611e-03
7.0522094520e-03
-3.7140753085e-03
-2.5127483341e-03
7.3081737647e-03
-2.9508432025e-04
-6.6175824596e-03
5.0473741920e-04
-6.4922528738e-03
7.9426721304e-03
-9.7153480845e-03
8.9389650620e-03
-3.1526600980e-03
-3.8138343086e-03
-5.5138002112e-03
-4.4336890267e-03
5.5602871967e-03
5.7854849278e-03
2.9999332423e-03
-2.8699707242e-03
-8.1356576541e-04
8.2540501116e-03
8.1260405499e-03
6.7995427171e-03
6.9149186937e-03
5.6617487651e-03
4.8236666592e-04
-5.4325735954e-03
-5.9494003112e-03
3.2848817159e-03
-2.0301755329e-03
-8.0231995952e-03
-3.4096983809e-03
-8.6560454560e-03
1.0656896176e-03
6.9507745603e-04
4.8251577523e-03
7.4523122727e-03
9.4087443945e-03
-8.8805040052e-03
1.3340432231e-03
-5.0405610733e-03
-4.8785585467e-03
4.7887155686e-03
3.7939807678e-03
3.0161443140e-03
-5.0982589679e-03
3.7927490052e-03
-8.7867898085e-04
-9.1953441531e-03
2.1827541688e-03
1.0395130929e-03
-8.1728160764e-03
-6.1997166673e-03
6.6138476010e-03
-8.7266212842e-03
8.0626717407e-03
4.5115400892e-04
-8.7826977361e-03
-5.4482750231e-03
1.7135478201e-03
1.6254087504e-03
-7.1457414355e-04
7.3867289448e-04
5.6282517390e-03
-3.6228332236e-03
2.6781140377e-03
-6.0714834216e-03
-7.6718721625e-03
-8.3322758263e-03
-6.0520751625e-03
8.4737667283e-04
-5.7001211348e-03
-2.5538663567e-04
1.3865853860e-03
1.6342709109e-03
7.2227820612e-03
-7.7695219636e-03
7.7303496663e-03
5.5479172830e-03
-6.1040247099e-03
6.1153172903e-03
2.2882656389e-03
-8.7491124984e-04
-9.9900975448e-03
5.0912050019e-03
2.0270829306e-03
-1.4789720906e-04
-6.4693624782e-03
1.4585964133e-04
2.8400470074e-04
9.0287139483e-03
-4.0072546506e-03
7.3452193338e-03
-5.0195599584e-03
-4.4942330304e-03
1.2252863501e-03
-3.8239196500e-03
-1.1991239918e-03
9.5445799465e-03
8.9139403674e-03
-2.4839118026e-04
-3.6158490340e-03
9.4870878025e-03
-5.8987341884e-04
-6.7373825343e-03
-8.6888105034e-03
-1.3597016524e-03
-3.9071804144e-03
8.5059067401e-03
-1.1360333350e-03
2.7576595078e-03
7.7180189230e-04
-6.3468865762e-03
5.5758358700e-03
5.2570529628e-03
-5.7356710274e-03
3.5593406168e-05
-3.5996827831e-03
6.0799039481e-04
-7.9416576498e-03
-3.9987716187e-03
2.1905337587e-03
1.4201685297e-03
-6.9080470020e-03
-6.8722454918e-03
5.3279476458e-03
5.7162225502e-03
7.0471456882e-03
2.2024645899e-03
-6.8573468438e-03
9.1341396446e-03
9.6230881622e-03
3.0698125951e-03
5.7749726499e-03
5.5950982461e-03
-4.6123362737e-03
8.6568709110e-03
-5.6036652113e-04
7.1247507385e-03
-3.9276375814e-03
-7.1002694508e-03
-3.3255567064e-03
-2.9213285701e-03
4.9042787128e-03
-1.0058424908e-03
-1.4940417464e-03
-2.1291558798e-03
-1.6575272373e-03
5.2444548815e-03
-1.9183778680e-03
9.3735990537e-03
-2.9277608326e-03
6.1074151307e-03
9.4997151877e-03
5.3409719876e-03
-9.6104075285e-03
4.0867781940e-03
-5.8278191593e-03
4.3334539616e-03
-4.1040621947e-03
-2.5304962659e-03
-3.5630840916e-03
5.8183993969e-03
-3.4862973454e-03
1.1994452386e-03
-6.0109570924e-03
-5.7004029129e-03
5.8868443981e-05
7.1280688456e-03
-7.8633084782e-03
-5.1372436940e-03
-3.4903392609e-03
-4.0634603180e-04
4.4252795865e-03
-6.0256481885e-04
9.4226634423e-03
-9.0800009994e-03
3.1883647129e-03
3.7560193181e-03
8.1777469376e-03
-2.5917302819e-04
-4.3971477468e-03
2.1340968588e-03
-2.4996207566e-03
-7.9712016797e-03
2.7925733242e-03
-4.4790755901e-03
-2.6110234204e-03
8.4721218473e-03
-7.7793841851e-03
-7.3143053232e-03
4.9965241662e-03
-3.5090896521e-03
5.5048581559e-03
-1.7244524025e-03
-6.9645482490e-03
-6.9916085020e-03
-4.0228874126e-03
-6.0001138506e-03
-8.2398968282e-03
-5.0954666245e-03
1.4546633581e-03
5.2557432146e-03
-4.7856173580e-03
6.2054959197e-04
-4.1716123090e-03
-9.5629638224e-03
5.4420143023e-03
-8.6399218633e-03
5.7180141954e-03
4.2280537991e-03
-3.7207752530e-03
7.0686665716e-03
8.1020699103e-03
-1.0831925650e-03
7.6917043648e-03
-6.3171994207e-03
-6.3347202127e-04
-7.8392619458e-04
-3.3397580387e-03
3.5533760445e-03
4.0812062113e-03
-4.8928444678e-03
4.9530056019e-03
-9.5372338384e-03
-7.6161912617e-03
-1.7844209928e-03
-2.0738403788e-03
-2.7284938125e-04
-9.0393783403e-03
5.6794763510e-04
8.2596440598e-03
2.4523338280e-04
-9.6759746126e-03
-1.2558616704e-03
-9.3583196462e-03
8.4231178922e-05
5.9655648957e-03
5.8027500717e-03
-1.5981059035e-04
1.4963093897e-03
2.6874768834e-03
4.6886761599e-03
1.3061361152e-03
9.4845507381e-03
5.6117642093e-03
6.3524874422e-04
5.9718195369e-03
6.9259868341e-03
-8.2453948894e-03
8.4499376220e-03
2.2006296590e-03
9.8589945124e-03
5.0381469835e-03
5.3423057026e-03
-1.3810654256e-03
-4.4627017579e-03
-9.7422824959e-04
7.6108117393e-03
4.7787317860e-03
3.0088739589e-03
-8.5394842652e-03
2.9567972683e-03
-3.2038056174e-03
5.5427935438e-04
3.8517233341e-03
6.4041705353e-03
-1.3520565794e-03
-9.5703294275e-03
1.4947568318e-03
-9.8729208673e-03
6.5644528553e-03
-9.6225669967e-03
-5.4954012748e-03
-1.4570070579e-03
-4.8229409969e-03
-5.5422002696e-03
3.4907662522e-03
-3.4676144224e-03
-8.4493359124e-04
3.3080374003e-03
5.3985565635e-03
1.4887682982e-03
-2.9070937793e-03
7.6062348060e-03
7.3448624576e-03
-6.9479043500e-03
5.4598400218e-03
-5.8771165746e-03
-6.3682655840e-03
-9.4755101899e-03
2.0384293712e-03
6.8939663529e-03
5.5892643522e-03
8.0152501889e-04
9.0932118996e-03
-3.4507790401e-03
-3.6932750153e-03
-5.3979228946e-03
-5.8238549230e-03
-3.9414098616e-03
-1.5143272294e-03
-4.5784411977e-03
8.7260453284e-03
-5.6552838128e-03
-2.8931046982e-03
-7.2537566904e-03
7.9775926388e-03
-1.2071811969e-03
6.6831448597e-03
-2.4977211616e-03
-1.1209507484e-03
4.8788475773e-03
4.7982552958e-03
-2.3916686998e-03
-1.0637522580e-03
-2.0164359810e-03
-5.8873546465e-03
-2.3899022355e-03
6.2899883277e-03
-8.1429636524e-03
-6.4980643233e-03
8.2656642166e-03
4.4903668041e-03
-7.5659249480e-03
5.1321271374e-03
-7.5928334980e-03
-2.1783147147e-04
2.0969681976e-03
4.9936518066e-03
-3.6624083794e-03
-6.1803771242e-03
9.7030420737e-03
5.9958242635e-03
-2.8028304163e-03
-4.8943092661e-03
-7.7601528250e-03
-8.6092501638e-04
-9.8548881143e-03
6.0682334632e-03
-1.9938330410e-03
7.1498614699e-03
-2.9063780069e-03
8.9146356747e-03
6.7306926944e-03
-1.3170223019e-03
6.9561631459e-03
-3.9861112491e-03
9.9941312822e-03
-8.3109705671e-03
2.8716391042e-03
-2.2062757796e-03
-5.7277083161e-04
9.0261828846e-03
-4.5056774125e-03
2.9471923258e-03
-3.5345813564e-03
-7.1852836240e-03
-5.0200375650e-03
1.2915849699e-03
-7.4410339417e-03
-6.8848337024e-03
3.9014042124e-03
5.2457568108e-03
-8.7763707941e-03
6.0476054564e-03
7.3269012183e-03
3.2190438052e-03
-2.5659192178e-03
-1.7024725939e-03
-6.8503461153e-03
-6.5516002216e-03
8.7258317349e-03
9.3060037719e-03
4.8393334164e-03
6.2063934905e-03
-6.3677061550e-03
7.5815482326e-03
-7.8121684810e-03
-6.7525257126e-03
-4.8892169583e-05
-3.8787036533e-03
2.5062497516e-03
8.1796170535e-03
-4.6963731018e-03
-3.5785452979e-03
5.6653779784e-03
-3.3683590548e-03
7.7764090107e-03
-9.3155445553e-03
7.4405639089e-03
8.2715386760e-03
-9.0700109989e-03
-2.4592645820e-03
1.9701495353e-03
5.0409200337e-04
-6.8365484327e-03
-9.7012307720e-03
7.9437738989e-03
-8.1575220198e-03
9.7638301650e-03
-7.7517882036e-03
-4.8621260160e-04
9.6673757456e-03
7.1228085307e-03
7.3454401499e-04
-7.3118920837e-03
2.0654219105e-03
2.7371047438e-03
-3.7713823503e-03
-6.1026038236e-04
8.0576590086e-03
-7.4360277768e-03
3.1274854451e-03
-2.6883454685e-03
2.2721914453e-03
4.3263058508e-03
-4.4420309472e-04
4.9743783222e-03
7.0393694298e-03
-6.0742580703e-03
-5.6137774118e-03
-7.4038477532e-03
8.8457825992e-03
-5.4889631779e-03
-8.3562203134e-03
-8.1042162005e-03
-1.9232293543e-03
7.7383584701e-03
-7.8954358027e-03
-5.4755319281e-03
-6.3074648783e-03
3.1873871835e-03
-3.4274848237e-03
9.4791348967e-03
3.3671272681e-03
3.9833851411e-04
1.5433421713e-03
7.6716567973e-03
5.1978723555e-03
-7.3658580589e-03
-1.5595809557e-03
3.2240365662e-03
1.5873711908e-03
8.6924882011e-03
-9.3154937404e-03
8.1202906072e-03
-2.2993997288e-03
-9.0396313676e-03
-6.0420769484e-03
-6.3565506020e-03
-7.1409106799e-03
-9.3177192158e-03
5.8954443392e-03
-6.7622959023e-03
-3.5493524355e-03
1.4417346538e-03
-3.2310279344e-04
-3.1219646055e-03
2.5742584273e-03
6.3397897736e-03
1.5440296241e-03
-9.5791772117e-04
-5.7032761793e-03
2.4262512122e-03
9.1758853791e-04
-7.6436174296e-03
-4.4138961054e-03
5.3702210657e-03
8.4777126219e-03
-3.2549081748e-03
7.8505368808e-03
-4.8943115263e-03
6.1397699821e-03
-2.5289702833e-04
9.7801572924e-04
3.2649614061e-03
3.3602537000e-03
-3.1524995322e-03
3.8145844085e-04
-8.7376445857e-03
-2.6915551086e-03
2.8458538689e-03
9.2950709974e-03
-7.4754366138e-03
-5.4574988820e-03
-8.5133122950e-04
-7.7772606730e-03
1.0092953909e-03
-4.0857313385e-03
7.4661347788e-03
-3.8593918901e-03
-1.2767178486e-03
9.6862339883e-03
-8.3406551232e-03
7.3393498319e-03
9.4474432262e-05
-2.0488380164e-03
8.8249943980e-03
9.9708958731e-03
-6.1024403361e-03
6.8002563239e-03
-5.5628581679e-03
-9.6656152310e-03
4.6682464696e-03
-2.9212700537e-03
2.0187259883e-03
-6.9645761605e-03
7.1985239581e-03
5.0090447768e-04
6.0051997800e-03
-2.7468769939e-03
-5.3915290991e-03
8.9432699974e-03
6.1740147572e-04
-2.5105575981e-03
-7.9972385346e-03
-6.6872896798e-03
2.6862524240e-03
2.3636852542e-03
6.8647758559e-03
5.0220836276e-03
-6.9589783936e-03
8.8438397579e-03
2.1933110690e-03
7.1659039262e-03
-4.4315724002e-03
9.1811352922e-03
8.9779821636e-03
-4.0700713709e-03
8.0191323939e-03
9.4401772948e-03
7.8748898918e-03
-6.3991705747e-04
-7.2776024458e-03
8.7628666013e-03
-9.9929277487e-03
-4.9734151798e-03
1.1151475710e-03
-3.7678929852e-03
8.4610430499e-03
2.2623453429e-03
9.1855150561e-03
-8.8155554600e-03
-1.7924894183e-03
-7.1241686522e-03
6.4488250256e-03
5.2918586093e-03
6.1397655273e-03
9.0182122556e-03
-5.1507387472e-03
5.7262569903e-03
2.9216924934e-03
-2.1800067140e-03
-6.1325740444e-03
6.6865805314e-03
-8.5893672367e-03
9.2671468778e-03
-4.4756425708e-03
7.8527700009e-03
-7.5305715612e-03
4.7930996993e-03
8.8868221152e-03
-6.9630759648e-03
-1.1323728945e-03
3.4447613769e-03
5.2116919052e-03
-9.7846192663e-03
-7.6541597365e-03
-3.7767881864e-03
-7.9477557880e-03
2.5709147153e-03
-5.7781335232e-04
3.2084286866e-03
-4.0235556927e-03
-7.5027101425e-03
4.8582346156e-03
-9.1265139674e-04
-8.5919453382e-03
9.5798591903e-03
8.2101232886e-03
-3.1724561937e-03
-4.5579442457e-03
9.7591881515e-03
-2.3699657860e-03
7.8223349535e-03
-7.7432485481e-03
-6.6948631020e-04
1.6995714856e-03
7.5248464509e-03
3.8287384608e-03
5.8891122769e-03
5.1691906588e-03
-5.5073317106e-03
-7.9389966892e-03
9.9521061378e-03
2.0663213670e-03
1.9809396364e-03
-2.7490123747e-03
7.3872257546e-03
3.2982122145e-03
6.7341823431e-03
9.2648883808e-03
-1.5665176426e-03
2.7611981489e-03
7.3033448711e-03
-4.3959287044e-03
4.4810473520e-03
-4.4826872789e-03
-4.9665839016e-03
1.5647103322e-04
-1.6070928176e-03
6.7259249466e-03
9.6617322202e-03
-8.3381327967e-03
-7.9773803483e-03
6.1198297867e-03
-5.1451156161e-03
-1.0047834793e-04
1.8216887763e-03
3.3125697472e-03
-7.9206909243e-03
5.6184385458e-03
4.1705817711e-03
1.2134152065e-03
6.7482405254e-03
-2.4835532000e-03
3.7933571196e-04
8.5048618417e-03
-2.3482555088e-03
2.0332461756e-03
1.8068606910e-03
5.8719993595e-03
9.0814295558e-03
1.5125104926e-03
-7.6505327274e-03
5.2806134878e-03
-2.7859834462e-03
3.4521878823e-03
8.0757921344e-03
-1.5634134687e-03
-2.1250980022e-03
4.8861955166e-03
-3.0539109339e-03
5.7627270282e-03
7.0446606667e-03
1.4668984508e-03
4.5530781705e-04
8.8039400278e-03
6.2632134267e-03
2.5623669839e-03
5.5526154387e-03
3.3813673121e-03
-9.4871885753e-03
1.3385999472e-03
-9.5171115353e-03
8.9189951612e-03
-8.0239159923e-03
8.4133938569e-03
6.0379049224e-03
4.5811473514e-03
6.9886016683e-03
-4.9297154906e-03
6.3673686509e-03
-3.1190055084e-03
9.4715912589e-03
-5.0259783452e-03
-1.0798602128e-03
-9.0440177434e-03
-8.3590854718e-04
9.8195138029e-03
-4.7365260469e-03
5.8728204907e-03
-5.8123796346e-03
5.4161780869e-03
9.4555432324e-04
-3.5623769848e-03
-1.9735825429e-03
-3.0292171566e-03
6.3093890506e-03
6.8943969160e-03
7.1329271926e-03
-3.3247346652e-03
2.3280545381e-03
4.7971865244e-03
6.7247129926e-03
-5.4485815292e-03
6.5736622074e-03
-7.9740366468e-03
4.4388133422e-03
2.7890347549e-03
-3.7415131000e-03
-5.6146138985e-05
-6.2761570876e-03
-2.3460723158e-03
-4.7063921607e-03
4.1479217239e-03
-2.9881219064e-03
6.1179499980e-03
7.9156046154e-03
5.0954169272e-03
9.1861666990e-03
-3.5448044515e-03
-7.7703879491e-03
1.6369367109e-03
8.1766065219e-03
4.0045660201e-03
1.2097058142e-03
5.1354115546e-03
7.6508718400e-04
-2.0405753525e-03
3.9127217346e-03
-6.0276077549e-03
-8.1891556514e-03
1.9593876473e-03
7.5386610125e-03
-1.9072582048e-03
-4.7325990877e-03
4.3177620083e-03
6.5655504969e-04
-2.0648652117e-03
8.4251665153e-03
-7.9274794690e-03
9.1214991713e-03
6.2914617176e-03
7.7490220664e-03
-4.1217548231e-03
1.4021356360e-03
-8.3557679767e-03
9.9887778200e-03
-1.1492789051e-03
-9.1845431557e-03
9.5974432752e-04
3.3504265536e-03
-4.5242340823e-03
-1.1014145248e-04
6.6649592959e-03
9.6652458934e-03
-5.0929652341e-03
-5.4833469629e-03
2.9579010325e-03
-5.6806380830e-03
-9.7516329144e-03
-5.1263959759e-03
-9.5845209274e-03
2.2444102888e-03
6.7586143969e-03
-1.7094831830e-03
1.0245230792e-03
1.3617140341e-03
-1.7535286865e-03
6.9580955086e-03
1.6179122626e-03
2.5451021754e-03
7.7720828209e-03
9.5826216619e-03
4.9358556064e-03
4.1349185700e-03
9.6383238381e-03
6.0685217085e-03
-4.7288531912e-03
-2.5954299622e-03
8.0010571965e-03
8.7384434394e-03
-3.5969055384e-03
-2.8585165624e-03
9.1618218561e-03
-7.3101439593e-03
7.1988939982e-03
9.7251158509e-03
-5.0620928711e-03
7.6550849959e-04
-7.4247065043e-03
9.6202204999e-03
5.6843721845e-03
1.4907668655e-04
-4.8524580369e-04
-3.7303043746e-03
6.1450713614e-03
2.0818317276e-03
4.4021249337e-03
4.3512907180e-03
2.8993192280e-03
1.0814565154e-03
9.7015416956e-03
-6.9427128596e-04
1.4851830656e-03
-8.9359708935e-03
2.3761188146e-03
-5.7341070315e-05
-1.2763149940e-03
9.0632802242e-03
-6.5731763807e-03
1.1991745902e-03
1.1799208299e-03
-8.8490846908e-03
-3.0479379778e-03
7.3515429655e-03
-7.0423975492e-03
3.6401401988e-03
-8.6917448111e-03
4.3773758823e-03
1.3950725275e-03
8.9470225418e-03
4.5552100282e-03
4.2722437676e-03
-1.8380367296e-04
4.0843563921e-03
8.8549630543e-03
9.7241318816e-03
-5.6959172097e-03
-9.5776553306e-04
7.6791401166e-04
3.4933524288e-03
-3.3893350910e-03
1.3971472976e-03
7.5193739694e-03
8.9253557335e-03
-7.1153386285e-03
7.9225226941e-04
3.6264345924e-03
-3.7108281459e-03
-9.8644931658e-03
2.1918886979e-03
4.2422742776e-03
-2.8330097217e-03
-7.6063323357e-03
9.5470769809e-03
2.2770091986e-03
5.9543958511e-04
4.6076068522e-03
4.6511267416e-03
-5.0240093500e-03
2.0305093786e-03
5.1764200612e-03
-6.4131836838e-03
-6.3752381460e-03
2.9881402744e-03
-1.0049898495e-04
-7.6099980873e-03
-8.2178854802e-03
8.9229427879e-03
1.4800577910e-03
8.9805978068e-03
-2.2509771876e-03
-1.8485162584e-03
3.9283011071e-03
-7.2298099328e-03
-3.1340932573e-03
-8.0827340020e-03
-2.8968609605e-03
4.1452590272e-03
7.5812906402e-03
-6.3635273673e-06
-6.3086723893e-03
-1.9714449047e-03
-5.4671959056e-03
9.7127204608e-03
2.6601465168e-03
-3.2055965883e-03
5.0363077363e-03
4.7734547522e-04
-9.5919847668e-03
2.1231885345e-03
9.6402024563e-03
-8.8170759853e-03
-2.5370603658e-03
-6.6297377643e-03
9.2719951250e-03
5.8241933772e-04
-9.9067794790e-03
-2.3049295982e-03
-9.4469288289e-03
8.1029009175e-03
1.2672940455e-03
7.1871724828e-03
9.1142340261e-03
-6.2303580885e-03
2.4174479392e-03
-6.3642658986e-03
-5.6325228548e-03
-3.0950407539e-03
7.4419418995e-03
8.2522925965e-03
1.9943661055e-03
1.4797002341e-03
7.8287353278e-03
4.1273513207e-03
7.5934388894e-03
-6.4501597721e-03
-7.0230049172e-03
6.3799089857e-03
-9.3931666580e-03
-9.2245143748e-03
7.5179694418e-04
9.1606273940e-03
8.8140802265e-03
6.1440966925e-03
-3.7666930355e-03
-4.1713811297e-03
-3.0189195748e-03
-6.3916648045e-03
3.6977695933e-04
8.0046120435e-03
-4.6979011124e-05
2.0700673990e-03
9.9468381127e-03
8.3999828007e-03
8.7563652478e-03
8.5721294073e-03
9.5960867878e-04
-2.2230831110e-03
-1.0412883842e-03
-7.6723674433e-03
1.0892368951e-03
-3.2331211498e-03
-2.6861297874e-03
-5.2109728813e-03
6.3517100350e-03
-6.2331962892e-03
-1.9143061278e-03
-2.8335718723e-03
8.3322100315e-03
8.4224929631e-03
6.2181472545e-03
8.1933612614e-03
4.1527486972e-03
6.7812440680e-03
-8.0243925977e-03
3.9687605067e-04
3.2702519975e-03
-3.5889387262e-03
5.4674976513e-04
1.5017358515e-03
6.3851364280e-04
-2.1163016920e-03
9.2762241411e-04
-5.9813582476e-03
-3.5936715997e-03
-1.0419085974e-03
-6.0391696851e-03
8.8849456051e-03
-1.4736160034e-03
-1.2972235118e-03
-8.3522222205e-03
-9.5233169956e-03
-7.9136299608e-03
1.2250598496e-03
2.1932647212e-03
-3.8820483539e-03
9.8457471708e-03
5.4148154389e-03
5.4168547219e-03
3.9780330740e-03
5.5100259651e-04
-9.1673491615e-03
8.9355971052e-03
-3.8576033872e-03
1.7493971807e-03
8.0055268960e-03
8.5574063262e-04
2.8186485639e-03
4.7851410580e-03
6.8584263741e-04
-9.0558490207e-03
-3.9410815559e-03
-6.2352197838e-03
9.2837422397e-03
-8.9512948954e-03
6.5078851110e-03
7.4741040817e-03
4.7708017392e-03
4.7968877095e-04
-6.4341976481e-03
-2.5835215030e-03
3.9836622841e-03
8.2132420263e-03
-8.0269853089e-03
8.9992860236e-03
7.8471215399e-03
4.2482115806e-03
-8.5407303700e-03
-5.9278353311e-03
-5.8652611716e-03
2.8084228356e-03
-9.6881458096e-03
8.4417267712e-03
-5.8794032186e-03
3.7877904052e-03
8.4862447218e-03
-9.9052243077e-03
-5.1922522993e-03
6.2727549546e-03
6.6260807709e-03
9.6880392994e-03
9.7417098865e-03
6.5314442260e-03
-2.5643244509e-03
6.7557462159e-03
-9.1048642761e-03
-7.1666116120e-03
-5.0765367416e-03
3.3706561116e-03
7.6388957981e-03
-1.5431879937e-03
1.4107946620e-03
7.2748675797e-03
2.5238082274e-03
-5.9024743825e-03
7.5736209234e-03
4.7326713672e-03
-4.5477012680e-03
3.8056251422e-03
-1.6822526122e-03
-1.7272029255e-03
-4.4382663306e-03
8.0215160831e-03
6.3344928293e-03
-2.3567017117e-04
2.0025925354e-03
2.5307419438e-03
-2.0906305251e-03
3.9200353275e-03
-1.0174359189e-03
3.2592606082e-03
-5.5405081703e-03
2.7519411019e-03
-7.6944319667e-03
8.0443428146e-03
-2.2926389180e-04
-6.3328287695e-03
-3.4524287034e-03
8.8700624913e-03
-4.8700167305e-03
3.6181120150e-03
8.6123863898e-03
-2.0359092526e-03
7.2520170904e-04
-4.3059034861e-03
1.4021666738e-03
-7.8301589547e-03
-7.6119858928e-03
6.4575496145e-03
7.6805311743e-03
9.0041814873e-03
1.0949997375e-03
-4.0655702235e-05
-7.4576994005e-03
9.9111692661e-03
-6.2086023706e-04
-7.8131221069e-03
-5.4270984176e-03
6.6618946773e-03
-6.3104334349e-03
5.2508282205e-03
6.1281822722e-03
-5.1649630910e-03
2.3064165370e-03
-1.2378287705e-03
-7.1448258397e-03
1.9400295271e-03
-9.1789618637e-03
8.6723118281e-03
5.3358036242e-03
-6.2206115173e-03
-5.7913728468e-03
-3.6415737802e-03
1.3760270199e-03
8.9717883099e-03
-3.1730501563e-03
9.0082879738e-03
8.4367954993e-03
-2.9976556507e-03
-5.9870140401e-03
2.8827034021e-03
-2.1737627119e-03
-6.9380496522e-03
-4.1638880215e-03
-8.7270123921e-03
-6.3207367618e-03
-6.1132181680e-03
3.1602443339e-03
-1.2225681506e-03
7.4267462552e-03
-8.6123423512e-03
-5.0844775734e-03
5.7113204715e-04
1.1370626332e-03
-7.1327309985e-03
9.2835307594e-03
-8.8657374514e-03
3.6952565707e-03
-1.8015166345e-03
6.8547532223e-04
2.3717245043e-03
-6.6016951615e-03
8.6560112717e-03
-2.5925570669e-03
-7.1302704660e-03
-7.9241480404e-03
-5.3267607084e-03
-2.3757322127e-03
1.2542331306e-03
6.2741213124e-03
5.3739086638e-03
-7.6071581458e-03
-5.5096385237e-03
2.5657318585e-03
1.2727751651e-03
-8.5215197474e-03
2.9772525764e-03
8.2162291521e-03
8.7442187326e-03
2.8958030620e-03
-4.3506309859e-03
2.3209818284e-03
-1.0065758362e-03
4.9613881465e-03
3.6576234535e-03
2.2521700338e-03
-3.0970749289e-03
9.7595495934e-03
-9.0031437887e-04
8.3885304479e-03
-6.9372416356e-03
7.2909353367e-04
-2.7972970569e-03
-7.1118519773e-03
2.7418642835e-03
-6.5129368062e-03
9.3474001271e-03
9.9828096117e-03
7.6387498022e-03
-2.6384380847e-03
-9.5812574876e-03
6.1090095788e-03
-7.1203245159e-03
-8.0135860885e-04
4.2137165188e-03
8.2997051652e-04
-5.4602877814e-03
-1.9553810172e-03
6.8027069608e-03
-2.9411725390e-03
8.8376218685e-03
-1.5771868998e-03
-1.6454874783e-03
4.6689858217e-03
-1.1221422326e-03
-2.2311428989e-03
-2.7287947628e-03
-3.4797803066e-03
-2.0223387877e-03
4.4661542073e-03
-5.8816983929e-03
-5.6608137917e-03
-6.1806984889e-03
-6.1079612452e-03
7.4721227183e-03
3.1865195608e-03
2.3775250261e-03
8.0070865845e-03
9.6411032415e-04
5.2795315969e-03
-1.8358382024e-03
2.8800009648e-03
-5.7297263454e-03
-7.1733702019e-03
-7.8269963648e-03
3.0447488207e-03
-3.9935945116e-03
6.6577579015e-03
5.4915532276e-03
2.4719218034e-03
-8.9822858275e-03
-5.6564372275e-03
1.0338614717e-03
-6.8656130642e-03
-2.3141899799e-03
3.5001716491e-04
-6.3936953331e-03
-1.1403931642e-03
3.8793921778e-03
-2.2805865754e-03
3.3398707468e-03
-4.5336003626e-03
4.9194339932e-03
1.2672800972e-03
-6.8828863440e-03
-1.9624703266e-03
5.6371782423e-03
-6.0438050105e-03
-1.7742053693e-03
-6.2840472971e-04
7.3606019822e-03
-7.3888983186e-03
8.6250493656e-03
-3.6757079347e-03
8.6604043489e-03
2.2464979486e-03
4.7063524467e-03
7.5183314138e-03
3.5237881686e-03
5.7392451264e-03
-8.2849988309e-03
-9.8266263425e-03
7.2449853822e-03
-8.9449458820e-03
7.0520185068e-03
-3.7341223759e-03
8.0360751386e-03
-5.9398585940e-03
-6.9879412714e-03
-5.7397628862e-03
6.8135702708e-03
-2.7411987449e-03
8.1849121027e-03
1.6689704216e-03
6.5650901864e-03
-4.9825335464e-04
4.0720643364e-03
-4.2051790203e-03
-7.9700102207e-03
1.2377511203e-03
8.0163411618e-03
-6.9596621151e-03
-1.6962826075e-03
6.4610360715e-04
2.3657778516e-03
-6.8343915698e-03
1.0464241547e-03
-6.0864646735e-04
9.6660604002e-03
3.7992742431e-03
8.0730322375e-03
9.5224945416e-03
3.2773817994e-03
-7.0670741932e-03
-1.1019222294e-03
5.1134702622e-03
-7.2880251884e-03
-2.3810171376e-03
-2.4126049166e-03
-6.5908408512e-03
-9.6009176096e-03
3.7624299508e-03
6.3590340856e-03
8.6188436212e-03
1.6978240865e-03
-6.3633266915e-03
7.8797608644e-03
9.4059341389e-03
8.9320815611e-03
1.3356601214e-03
7.7120772510e-03
9.7563059755e-03
7.7298141077e-03
-8.6222001646e-03
-7.3011319900e-03
-3.9979091767e-03
-2.1276849632e-03
-7.0102800264e-03
9.8579360448e-03
5.8193507732e-03
3.3780773278e-03
9.2315022102e-03
-3.5860283237e-03
4.2281636287e-03
8.9752354900e-03
-8.3385461040e-03
2.0562511658e-03
5.9863533817e-03
-9.6808893052e-03
7.8209539637e-03
-1.6452267778e-03
-6.6187968306e-03
7.0250565190e-03
-6.1595370600e-03
-4.3950831917e-03
4.0863214497e-04
8.3185011183e-03
-2.0781899712e-04
8.1163330625e-03
-8.9597785995e-03
-5.2239214330e-03
-3.8672776128e-03
-1.0213786369e-03
-1.3410065565e-03
-9.1908852349e-03
4.9999524646e-03
5.1953012730e-03
-8.3824952552e-04
-8.3951162796e-03
1.0254822718e-03
-7.3870028746e-03
9.5649732540e-03
2.4833931045e-03
4.6928253135e-03
-9.6157568242e-03
-2.3865776957e-03
8.0906964049e-03
-2.3996613341e-03
-9.2803368426e-03
3.4380783543e-03
3.9371218346e-03
-3.2873017539e-03
6.0629206170e-03
7.0725332191e-03
5.6824070848e-03
-1.8560992617e-03
-3.1574262481e-03
8.8581251124e-03
4.3823421391e-03
1.0476529886e-03
-2.2339161014e-04
-4.6665494020e-03
8.2671470120e-03
8.3755222964e-03
-8.3040939561e-03
3.3244518807e-03
-3.6277215389e-03
1.7582563994e-04
-7.7294945683e-03
6.2151016486e-03
6.1245330814e-03
-7.8590078290e-03
-8.5117074583e-03
-2.5322341822e-03
-6.9198774439e-03
6.0291411336e-03
5.5775335561e-03
7.2738079839e-03
-9.8070951219e-03
-9.7310555374e-03
6.1397249015e-03
7.4031919105e-03
2.3492133722e-03
-6.8751241888e-03
2.5225275704e-03
7.4269875838e-03
-7.8474005595e-04
7.4680287139e-03
5.7226326562e-03
-7.8833452444e-03
-7.5604320979e-03
4.0829526095e-03
-6.0095737997e-03
4.9212816248e-03
-8.3768880091e-03
-8.1659223559e-03
9.0278384226e-03
-9.9231772970e-03
5.8318545946e-03
-5.3384850606e-03
-9.0000273709e-03
-8.4117608686e-03
-3.5919009707e-03
5.8666962275e-04
-4.7911780811e-04
-6.0540049213e-03
9.7585915767e-03
2.1091565052e-03
-6.2787023978e-03
-4.2387301130e-03
3.5231866824e-03
7.3001645298e-03
-8.7746731278e-03
-6.3014430541e-03
-9.8737321675e-03
-6.4829817453e-03
-6.0455900038e-03
-7.1221445682e-03
8.3996870748e-04
9.4544743284e-03
3.9993404037e-03
4.0573618951e-03
-8.4844048041e-03
-6.2590389179e-03
-3.5718910759e-03
9.8396082562e-03
-6.7515284725e-03
2.7059384936e-03
1.8461640621e-03
2.0310792941e-03
1.3308907160e-04
-4.2919397029e-03
-1.4695338531e-03
6.4893714107e-03
4.7088630856e-03
6.1101690039e-04
3.0968433455e-03
9.3627808517e-03
-4.9666365562e-03
5.0859418752e-03
-8.7069332508e-03
-8.7443404654e-03
-3.1155349459e-03
4.6582836003e-03
2.3969077700e-03
6.3540702209e-03
-8.4009677657e-03
5.2886761574e-03
4.3221942255e-03
-9.7600211237e-03
4.8853739611e-03
-8.2353662970e-03
1.7627724664e-03
8.3266676835e-03
-2.7704042646e-03
3.6216163047e-03
3.5639110147e-03
-8.6824237452e-03
-4.7512539138e-03
6.7945035277e-03
-9.8426098256e-04
4.8438529389e-03
-3.9102384888e-04
-6.1013847221e-06
5.2682495846e-03
-3.7305065176e-03
9.9819485463e-03
-6.1942989784e-03
1.7445825294e-03
-9.1460103257e-03
-2.9421007023e-03
-7.0110367537e-04
-7.6719562346e-04
8.4689204091e-03
6.9296321191e-03
9.4455212956e-03
-7.2752283980e-04
7.9817914165e-03
-9.5647183766e-04
-7.1583421919e-03
5.0110416689e-03
-1.6080567316e-03
-9.5104035924e-03
-7.2113594728e-03
-3.6655300287e-03
9.7952426777e-03
2.6438607498e-03
-2.0116349510e-03
-9.7209967026e-03
5.8275021341e-03
3.2354414322e-03
-6.5444010271e-03
1.8587432721e-03
-6.3218076204e-03
-8.1030759191e-03
-2.1741671156e-03
-7.0020034506e-03
-3.2536956373e-03
-9.5663865660e-03
-2.1553620460e-03
-3.9295573786e-03
9.1039152226e-03
9.8657269443e-04
-5.4452141836e-03
-2.6930457252e-04
4.4745840876e-03
-1.3428751476e-03
8.9466178196e-03
-6.8035870064e-03
9.3819982806e-03
-8.8047916661e-03
9.2287883320e-03
-8.6618784140e-03
-3.5343499920e-03
-4.6599498275e-04
-4.2135628847e-03
-5.2969516041e-03
8.8667597613e-03
6.0724409247e-03
-1.6730917259e-03
-9.7406481271e-03
-3.8398464573e-03
-6.8279520663e-03
2.6091807053e-03
3.6811513630e-03
-1.4200513644e-03
-7.5630522372e-03
-7.4114384458e-03
-4.3620575456e-03
4.4951350053e-03
6.1424856914e-03
7.2819507313e-03
-2.6086491994e-03
9.4086141100e-03
-8.7375001583e-03
-1.0584358320e-03
-1.6599884263e-03
-5.8108802222e-03
-3.4759876597e-03
-5.3312330082e-03
7.4374756072e-03
-3.7492591688e-03
8.3147582265e-03
9.4505574519e-03
5.7361227692e-03
1.0999149592e-03
1.5443959525e-03
-3.3787855955e-03
-6.1124445644e-03
-7.4573430470e-03
-3.5633449582e-03
2.6536346335e-03
9.4227136539e-03
-5.4214659768e-03
1.8566956534e-03
-5.2596424798e-03
6.3931396975e-03
-2.2824159811e-04
-6.0494916282e-04
-9.6120541821e-03
2.1920932542e-04
-8.0883468115e-03
5.0038464588e-03
2.4721399429e-03
-8.3738466309e-03
-1.8119045158e-04
2.0519955308e-03
7.8182114582e-03
9.1654549134e-03
-4.6798536082e-03
-1.0103015021e-03
5.5486643602e-03
5.8256315842e-03
-4.4757926893e-03
-7.1383328194e-03
6.9554556575e-03
-8.8195749411e-03
-5.0682876671e-03
2.6613964145e-03
-3.4557124442e-03
6.4967356057e-03
-3.4893757673e-04
-7.0775960708e-03
-4.5448486572e-03
-3.5992866032e-03
9.7056913844e-03
2.0954204922e-03
7.2620335222e-04
6.4827288405e-03
2.9168315512e-03
9.1545139139e-03
1.9517437525e-03
-7.5927516378e-03
4.6683983595e-03
4.7098976202e-03
-6.1011383647e-03
5.9769699729e-03
-4.3508748340e-03
5.8141860926e-03
-1.5401734858e-03
6.3717306931e-03
-9.7817196998e-03
-4.7802424127e-03
-7.1188079870e-03
-9.4943261104e-03
3.0326993233e-03
5.2474725874e-03
-8.4258065568e-03
-7.0121038321e-04
8.1961324801e-03
-7.0477051367e-03
2.5177974078e-03
1.1052872474e-03
1.8769013053e-03
5.1692313424e-03
-7.8451025580e-03
-4.5289588785e-03
-4.4810110036e-03
4.1259346316e-03
-9.3333031464e-04
-6.7419781407e-03
-7.4292863424e-03
9.1221112038e-03
-7.5217011493e-03
7.3547539602e-03
1.0515024479e-03
-2.6235601095e-03
-3.6946253729e-03
4.4100249372e-03
1.0025423803e-03
2.5778067759e-03
2.9265663510e-03
-2.0892460379e-03
-3.4677906911e-03
6.7214664460e-03
-9.3093202049e-03
-4.3418216223e-03
1.3123377795e-03
1.3705925702e-03
7.6651922631e-03
-8.8828163262e-03
4.3454046121e-03
-7.3626648640e-03
-8.7224419524e-03
-8.6421069294e-03
-6.9686014798e-03
4.5561167052e-04
8.8024557701e-03
-5.2997280520e-03
5.0931913198e-03
9.4463886853e-03
-3.2368390141e-03
-1.7471642280e-03
5.0170138582e-03
-1.5088596932e-04
9.0222761961e-04
4.9358687048e-04
2.8363741621e-03
-2.0801966347e-03
-6.9003198224e-03
6.4569190278e-03
6.2872830342e-03
-1.0300370814e-03
-7.6950170453e-03
8.2284875018e-03
-4.7849061746e-03
-5.2146924948e-03
2.8951715951e-03
1.1536915636e-03
-8.9503379698e-03
6.8578636195e-03
-5.4896026136e-03
-9.1521033582e-03
-5.6199819209e-03
-5.3466869965e-03
-6.9473850795e-03
7.4096627739e-03
1.1677491584e-05
-3.5409949142e-03
5.1192615381e-03
3.4052600556e-03
-9.6148853734e-03
5.3107335105e-03
-1.5545472152e-04
3.3928414754e-03
3.9424949013e-03
1.0006216270e-03
-9.1973995864e-03
1.7933732325e-03
-5.8232678131e-03
1.6547837096e-03
-9.8569525258e-03
4.0364842237e-03
1.6316643181e-03
-2.6376353936e-03
7.9715794070e-03
-6.7164164190e-03
-5.7444333803e-03
7.2459966054e-04
8.3040132564e-03
4.8850778673e-03
-4.3716570339e-03
1.1252543888e-03
2.1759247607e-04
-6.8027335651e-03
-5.9682816633e-03
2.1523702527e-03
-3.3102851814e-03
-3.4588383290e-03
-4.7931630324e-03
-7.6166467889e-03
-4.2923653943e-03
-9.4236504368e-03
2.0673571479e-03
3.0281723547e-03
2.3610215932e-04
-1.8861835890e-03
-6.3033592533e-03
-9.1667982359e-03
6.0927163224e-03
4.8562681575e-03
7.4846864053e-03
-5.9971472979e-03
1.4041395092e-03
4.9454607514e-03
6.6585939660e-03
3.4841266594e-03
7.7330430736e-03
6.3572058534e-03
-2.7812335694e-03
-8.9126489091e-03
2.5223526701e-03
1.3369318679e-03
7.6876085764e-03
-4.9533484553e-03
2.2198766825e-04
-3.8019686919e-03
-5.6715289012e-03
-6.3816170603e-03
-3.3213597229e-03
-8.1457276948e-06
4.3988420648e-03
4.3993855011e-03
-8.4231332179e-04
-2.1849121747e-03
5.0771728404e-03
8.4163790184e-03
-3.9648852336e-04
1.9348074921e-03
5.9000635127e-03
3.3404862668e-03
8.7565034998e-03
-8.4465174949e-03
-7.8547682040e-03
-9.9945852380e-03
-9.3760012658e-03
-8.9994392012e-03
-9.7757618209e-03
-4.5153735682e-03
-9.9998104120e-03
-1.0987877277e-03
4.5749645782e-03
9.2241679370e-03
-8.0553466002e-03
-2.6390047051e-03
2.9154423164e-03
9.4188039635e-03
4.8369297201e-03
-2.5435806697e-03
-4.4004263852e-03
3.0725194547e-03
-4.0506014570e-03
-9.3001449259e-03
-7.5984696594e-03
-7.1632383372e-03
-8.6144701688e-04
8.6449128222e-03
9.6656612755e-03
8.2913212783e-03
-7.5934995831e-03
2.7341957009e-03
9.0484998646e-03
5.8552505121e-03
7.6058113472e-03
8.6408635194e-03
-6.5083742120e-04
-7.7482646575e-04
4.4961805992e-04
-8.9510845098e-05
7.7288001150e-04
3.8983715411e-04
-4.5373089209e-04
-9.5488210465e-04
1.2646130442e-04
-8.7343231244e-04
3.8360303869e-04
-5.6904885076e-04
-2.0492212954e-04
-2.4514995471e-04
-9.2567766462e-04
-1.3502495243e-04
-6.8596833759e-05
-6.4995421510e-04
-9.7346187269e-04
7.9481622642e-04
3.1322005485e-04
9.1885776474e-04
7.5275165261e-04
4.1980348947e-04
4.3774167417e-04
-5.9460273680e-04
-4.6543112361e-04
3.4248511898e-04
9.2637921679e-04
-6.2386037059e-04
3.7935040069e-04
6.2070785466e-04
9.9167490974e-04
-9.1175379048e-04
1.2642393761e-04
7.1399643176e-04
1.1788879264e-04
4.0589386953e-04
5.8392754542e-04
4.3113864732e-04
4.8505193066e-04
-4.2696578258e-04
-8.2316800061e-04
-2.6540569281e-04
6.4142840315e-04
8.9181485234e-05
-2.5346507641e-04
8.0364178674e-04
4.5239720570e-04
8.1534030224e-05
-3.5857752360e-04
2.7862836937e-04
-1.8599670866e-04
1.6042358282e-04
-2.5578016836e-04
9.6702558320e-04
5.3462657768e-04
-7.0473362782e-04
3.4531588482e-04
7.7885816238e-04
3.5142139408e-04
-1.8434844374e-04
9.2277283120e-04
-8.2710888085e-04
-4.9359938674e-04
-7.2471701603e-04
8.4943815110e-04
2.9092828135e-04
-9.8462510799e-05
7.8423587409e-05
3.6067533738e-04
7.7948181395e-04
-3.1309247752e-04
8.3659736603e-04
9.6542818286e-04
-7.0989901425e-04
-3.1670024186e-04
2.6539489377e-04
4.8958778619e-04
7.0219571589e-04
1.4738518208e-04
9.5446395600e-04
5.8455559918e-04
6.4937100847e-04
-2.0729964850e-04
6.4688674240e-04
7.6144603061e-04
9.8100786658e-04
8.7993473440e-05
3.9137692806e-05
1.5092918283e-04
-4.9056567349e-04
1.0089712835e-04
8.8457972057e-04
4.7942252795e-04
3.6802137956e-04
5.7544848822e-04
-2.1640015886e-05
-3.4902540249e-04
6.7293756898e-04
-2.5335574823e-04
1.7477122663e-02
9.2484106329e-04
1.2774435995e-02
-1.1237143106e-02
-5.9546256811e-03
-3.6800620890e-03
1.0062620636e-02
-1.5742934875e-02
5.6187738907e-03
-1.8538364304e-03
1.3373971192e-02
1.5809374080e-02
-1.2466754700e-02
-1.9976155194e-02
1.1743759802e-02
1.8044346569e-04
-1.5687965305e-02
-1.4225778009e-02
-1.7111733051e-02
1.8004424067e-02
-1.0326666011e-02
-3.7552051834e-03
1.3009278241e-02
1.6786753053e-03
-1.6136510983e-02
1.2579774019e-02
-1.9059775467e-02
-1.8756102235e-02
-1.5156978605e-02
-1.2571435324e-02
1.1042714024e-02
-1.7146553973e-02
-9.8626439415e-03
1.8040506279e-02
-3.1232988999e-03
-5.6994284208e-03
-3.8799676268e-03
7.9127405875e-03
-7.9913808873e-03
-4.4901074842e-03
-1.1662063806e-02
-2.8590447845e-03
3.5876318573e-03
-8.6242060804e-04
4.5921270827e-03
-1.8325004673e-02
-3.4666121691e-04
-1.8739278466e-02
-7.2147261049e-03
-1.8758387191e-02
8.0252601128e-03
1.4446994900e-02
-4.6497891090e-03
1.5606921225e-03
-1.6079727285e-02
7.5436456761e-03
4.8092689754e-03
-5.9578031453e-03
1.8854494001e-02
-3.8766145866e-04
-1.8906874841e-02
-1.8453136992e-02
-5.0206400184e-04
1.6235016610e-02
-1.0051285469e-03
1.7493981397e-03
-1.6681412683e-02
8.9711454006e-03
8.6243395899e-03
1.6892435579e-02
-1.8125521005e-03
9.9620888643e-03
-1.0344854413e-02
1.9360009870e-02
-1.8626314007e-02
-7.6074568770e-03
1.1086550863e-02
1.4185687736e-02
-1.1337785836e-02
-3.5757162884e-03
-1.9588241969e-02
-1.4864633801e-02
1.4508667491e-02
1.1233396241e-02
1.7421527358e-02
-2.2228011283e-03
8.2904452453e-05
-1.4728008882e-03
7.8852419749e-03
-4.4728756543e-03
1.6999218922e-02
6.1480926646e-03
-1.8051404878e-02
3.4264424794e-03
7.9286624541e-03
-3.5603994908e-04
1.6090469793e-02
-8.2644209702e-03
-1.3490152645e-02
-8.3885337111e-03
-6.7433758298e-03
-1.5613017176e-02
-1.3808152387e-02
1.3494977378e-02
-1.2035076773e-02
-5.5010192125e-04
-1.9772300009e-02
1.1029604597e-02
1.2272106306e-02
1.6216398530e-02
1.0898506754e-02
-1.8245012968e-02
-1.2692888014e-02
-6.3971835775e-03
7.3213254164e-03
1.3821536748e-02
-1.0850699033e-02
-2.2133434390e-03
8.0312010491e-03
1.6466207837e-02
-1.5938491176e-02
-1.4431787690e-02
9.6142557200e-03
1.7866897167e-02
2.5108301710e-03
-2.4761082243e-03
-5.3329742568e-03
7.9568479747e-03
-1.9178495792e-02
1.0070088201e-03
7.7524835969e-03
5.3932799528e-03
-1.5746875579e-02
-1.0536798735e-03
-8.8439117562e-03
2.2912623590e-03
-3.1097906628e-03
-1.7392986391e-02
-9.4889769322e-03
1.7946481307e-02
-5.6942965166e-03
-3.9469210782e-03
1.6770978046e-02
1.6264649608e-02
1.5021319132e-02
-1.5159564905e-02
-1.3520187114e-02
2.8168249687e-03
6.5856379856e-03
-2.1559153021e-03
1.9860817655e-02
-5.0673253663e-03
-9.4797326690e-03
-1.7327244588e-02
1.1599926548e-02
-1.2579592591e-02
-3.4697693241e-03
2.3866632699e-03
-1.0710068285e-02
-1.4104510754e-02
-1.4671407119e-02
8.0589560839e-03
-1.9552255162e-02
-1.7600240555e-02
1.1523483697e-02
-1.5489896678e-02
6.6364476877e-03
3.4229140075e-03
-1.9645700364e-02
1.5215385798e-02
-1.4517528319e-02
1.6829266323e-02
1.4423427427e-02
1.2049011652e-02
-1.2453319530e-02
-1.0096179014e-03
-8.5062586840e-04
-1.6038119444e-02
-4.4856984755e-03
5.3358625254e-03
1.6561132248e-03
1.2154798231e-02
-1.4155504207e-02
-1.4921776695e-02
3.9471571010e-04
1.4447418976e-02
-1.7280239320e-02
5.3538351949e-04
1.9494468591e-02
2.6462963714e-03
-1.0117287151e-02
1.0136549894e-02
1.3590837904e-02
-5.5310994573e-03
-1.0986318043e-02
-9.5012618880e-03
-1.7613079324e-02
-2.7251586190e-03
1.4826749063e-02
1.1225279985e-02
-1.8893390539e-02
6.8662392278e-03
1.7231199257e-02
-4.3689508886e-03
4.2574604858e-03
1.4677417047e-02
9.9443402611e-03
-1.4906945980e-02
4.5958310215e-03
1.1618703756e-02
1.5549765648e-02
5.8416384077e-03
1.0217206667e-02
-1.3708594966e-02
3.9591540460e-03
-8.4948928663e-03
1.0923966788e-02
-2.6903389097e-03
-1.8763439531e-02
-1.7346640956e-02
-1.6606293409e-02
1.5666018658e-02
-1.4177448519e-02
5.6560048580e-03
-5.2191548713e-03
-4.2693062780e-03
-1.4197162836e-03
1.2272455390e-02
1.6684430641e-02
-7.8601244580e-03
1.4116381423e-03
-6.9164893272e-03
-7.6743254497e-03
1.7939837715e-02
4.5759841436e-04
-4.5562458761e-03
1.4846362126e-02
7.5380675762e-03
7.8099824668e-03
1.6938159967e-02
4.2081927059e-03
6.4403530317e-03
2.9595244340e-03
-1.2268759796e-03
-1.6360492202e-02
-4.1297853731e-04
-6.3035990200e-03
6.7990321409e-04
5.2546349355e-03
-9.9362824472e-03
-9.2715349990e-03
-9.1499519721e-03
-8.4421215670e-03
5.4071641798e-04
-7.4779346803e-03
1.6232432820e-02
1.6288705242e-02
2.6405969832e-03
-6.0594713770e-03
-7.7460947061e-03
1.3029408555e-02
7.0687045935e-04
-3.5384302501e-03
-9.4435940392e-03
-3.0460755021e-03
6.3644451464e-03
1.0732562129e-02
1.5622015830e-02
-1.4428893089e-02
1.0796361175e-02
-8.1993880302e-03
7.4841352361e-03
-5.5405224226e-03
1.7110367277e-03
-7.1543004499e-03
1.1921225626e-02
3.2699610353e-03
-1.3063375617e-02
8.9837079414e-03
1.5045826820e-02
5.5438143751e-03
-1.1770646990e-02
1.1597801040e-02
1.3215570550e-02
-1.2676886652e-02
5.8990933924e-03
-1.2177247554e-04
-1.0174647453e-02
-6.2626727908e-04
-9.1703802548e-03
2.7275754389e-03
1.4963446085e-03
-1.4146403296e-02
4.2393502808e-03
-9.8985722290e-03
1.8660548144e-02
1.2524581120e-02
1.9354702649e-02
-1.9869317095e-02
-1.2442876455e-02
1.7364879923e-02
1.7112228422e-02
-1.8095773653e-03
1.9634150133e-02
3.3433442775e-03
-8.9163334635e-03
2.6981456341e-03
-1.2032399396e-02
-1.7960278397e-02
-2.8917081272e-03
1.9267866459e-02
3.8108709777e-03
-9.4527380551e-04
-4.5246123334e-03
-1.5222209054e-02
-1.2755810880e-02
-5.5466026783e-03
1.2051991521e-02
-1.7819914210e-02
1.3886988482e-02
-8.9057591237e-03
1.9396279857e-03
-9.2634284117e-03
1.1354825525e-02
1.7029912395e-02
7.4689708421e-03
-1.1804290402e-02
1.5652461547e-02
2.6626935780e-03
-1.9605756071e-02
-6.4957642624e-03
4.9744009136e-03
-8.9130478250e-03
-2.8078942774e-03
-1.0780466729e-02
4.7324760567e-03
2.8246840095e-03
-9.3305689311e-03
2.1046317677e-03
1.3630719851e-02
-1.3931884163e-02
2.1484099579e-03
-7.3312882297e-03
-1.1205107817e-02
1.2228412320e-02
1.3004774864e-02
-1.1874351638e-02
4.6518653683e-03
1.8178932715e-02
-1.6352889964e-02
9.6182443542e-03
1.9146899871e-02
-9.2108336659e-03
-5.4971691234e-04
-1.6172653661e-02
1.3815290751e-02
-1.1161060559e-02
-1.6197354765e-03
-1.3374297651e-02
-1.3058275605e-02
-1.1186335302e-02
-1.5704523622e-02
-1.0449170270e-02
-7.6602305665e-03
3.1855028453e-03
3.9886533766e-03
-4.5318682652e-03
-1.1464487543e-02
-1.5985335455e-02
-1.6720114527e-02
8.4970004690e-03
-2.2988977580e-03
9.5665755535e-03
-4.6209791748e-03
4.6021168681e-03
-4.7934946349e-03
1.6505848661e-03
-9.1310679301e-03
1.5272252164e-02
-3.3920692305e-04
1.1583510302e-02
9.5741520592e-04
-7.1167993484e-03
-3.8713959587e-05
4.6255133712e-03
1.3528758121e-02
4.2621574418e-03
-5.0815578864e-03
8.1382555000e-03
4.0381419173e-03
7.9571538220e-03
-4.8934292291e-03
1.1522798063e-02
-1.1714763576e-02
-7.4315287610e-03
-3.7959086078e-03
-1.0049373592e-02
-8.3728474681e-03
-1.0764180905e-02
4.0174254411e-03
-1.2114790199e-03
-1.9028960858e-02
1.7410621215e-02
-1.0237084137e-02
7.9032364680e-03
-1.9101677200e-03
1.2004025585e-02
-4.4452048625e-03
-6.1926339985e-03
-4.7611626922e-03
-3.6170112005e-04
8.9671395556e-03
1.6367521412e-02
-1.6421563793e-02
-9.8029707824e-03
-1.0857726553e-02
-5.3362098600e-03
1.9883963245e-02
-8.5876996574e-04
-1.3258333737e-02
1.4145877834e-02
5.8003579131e-03
3.9642088207e-03
1.2405686139e-02
1.3836101900e-02
1.9166459853e-02
-5.4171264029e-03
1.0428409645e-02
-1.6401099948e-02
1.6633996713e-02
-1.6304928775e-02
7.8125117877e-03
-1.7997397110e-02
-1.6829785548e-02
1.7280403750e-02
-1.8759667429e-03
-8.2738875921e-03
1.4340010117e-02
-8.8594615844e-03
1.6638515051e-02
-1.0836453316e-02
-7.5360661248e-03
8.2031877839e-04
-1.0727374592e-02
-1.6309160703e-02
-1.7914138564e-02
6.1848764965e-03
1.1370518169e-02
1.8153555354e-02
1.7660351318e-02
-1.2962242875e-02
1.9175420613e-03
1.7680644221e-02
1.5796880176e-02
-1.0550191099e-02
1.2309149194e-02
-1.2184599756e-02
8.5011625520e-03
-1.7304715880e-02
-1.5939587871e-02
1.2691590423e-02
-1.2850776156e-02
-1.5034508771e-02
-1.4985148449e-03
1.0434411278e-02
8.9283398327e-03
-1.3891255697e-02
1.7286004182e-02
-1.0174138311e-02
-1.9650140308e-02
1.4216293148e-02
1.0653985224e-02
5.2983636061e-04
-1.9171281606e-02
1.8038984979e-04
-1.7725997152e-02
-1.4602035830e-02
-1.8066221336e-02
-1.3763623581e-02
-1.4708360660e-02
1.4467531624e-02
1.3371196797e-02
2.9545801232e-03
-8.8289179020e-03
-1.0168443187e-02
-1.2994199780e-02
-1.5604952659e-02
-1.0071408104e-02
5.6054447907e-03
1.0180544568e-02
-1.7317038780e-02
-4.9029960823e-03
-1.9977064345e-02
-1.5690918181e-03
1.1953522113e-02
7.1010165674e-03
-4.1993231921e-03
1.6587581415e-03
-3.8440615270e-03
1.0020314058e-03
1.8484195962e-02
1.7731413698e-02
-5.8425805609e-03
4.2206864290e-03
8.7342342250e-03
9.9737320558e-03
1.0065250472e-02
9.3881664779e-04
-3.6928683022e-03
1.2610192833e-04
-1.0932050276e-05
1.2193548988e-02
-1.1724279501e-02
3.9919286951e-03
-5.2999493951e-03
-8.0623128666e-03
4.1758301569e-03
-3.5034798436e-03
-4.9622311296e-03
-5.0550633598e-03
-7.4181927779e-03
-1.2051886097e-02
-1.9358338351e-02
-2.5784984901e-03
5.5381470175e-03
-1.4113193318e-02
1.4607887146e-02
1.1620972085e-02
9.9690124809e-03
5.9628527742e-03
-7.9211144458e-03
-1.0220328825e-02
-1.9344878226e-02
-1.0917140572e-02
-2.4389585099e-03
-5.2896666549e-04
-1.3460380695e-03
-1.3918118562e-03
1.5295337500e-02
-1.4680277913e-03
-3.3679989101e-03
-1.7946149932e-02
1.7909017249e-02
1.5881554675e-02
1.6909869045e-02
-8.1832765418e-03
-1.7875226334e-02
-1.3964233072e-03
-4.5377260783e-03
6.1372807241e-03
-2.6647066837e-03
3.9294586462e-03
-5.8090246257e-03
5.0246016729e-04
-9.1567604526e-04
1.7359087164e-02
1.4745161488e-02
-8.2165954478e-04
-5.9007026757e-03
-1.2260827926e-02
1.6879411491e-02
-1.3362184164e-02
1.9683982462e-02
-1.4162438886e-02
8.4442009215e-03
-9.2156556070e-03
-1.9012659636e-02
-1.1252248099e-02
8.4364127256e-04
-1.9034406111e-02
-3.8635178405e-03
1.1940446977e-02
-1.5883611599e-03
4.8709068675e-03
-8.6029132104e-03
-1.7963346004e-02
6.7990082074e-04
-1.5068088209e-02
-2.4640861873e-03
-4.9932705360e-04
1.0545585905e-02
-1.8553763131e-02
1.1172315046e-02
9.1465776411e-03
2.6540230232e-03
-1.7308432758e-02
1.8725178287e-02
1.7317903288e-02
-4.8830004543e-03
6.4246504647e-03
-2.4055416192e-03
8.9017407999e-03
-9.3157660532e-03
-1.4311550330e-02
1.6599792599e-02
-1.6272415931e-02
-4.6444185746e-03
-4.2240237533e-03
-1.8324334012e-02
-7.8835883701e-03
1.8142386416e-02
-1.2220262164e-02
2.7717951517e-03
-3.2964379193e-03
1.3036884929e-02
-1.3934141866e-02
1.8822388554e-03
-9.7940847306e-03
1.6642850402e-02
-1.9977320733e-02
-1.7350869428e-02
1.4353626084e-02
-9.3796924569e-03
-6.9341695696e-04
-1.7356437081e-02
-1.2677353873e-03
1.9247890760e-02
1.6992871366e-02
-2.6071068220e-04
-1.6801218787e-02
-1.6157487596e-03
1.5976212425e-02
4.6719341659e-03
1.9178325347e-02
1.4023753246e-02
1.8226737069e-02
-9.6766654917e-03
2.3427434408e-03
1.5566812128e-02
1.2575217111e-02
-6.7760054375e-03
6.5976599832e-03
1.0683662163e-03
6.7100744492e-03
1.3414346193e-02
3.5911832810e-03
7.3040572640e-03
1.2247558413e-02
1.1131844490e-02
-1.0188138418e-02
1.2597274191e-02
-2.6450653424e-03
-9.1124587273e-03
1.7597601863e-02
-7.9772420231e-03
1.8910445787e-02
1.9652516068e-02
-1.7948537185e-02
3.6677137912e-03
1.2066951949e-02
-9.6943089049e-03
1.2962759777e-02
2.2005633186e-03
1.3779527778e-02
-1.1241897678e-02
1.8247071877e-02
-1.4260968849e-03
-1.3869669757e-02
-1.6056110651e-02
1.6883708554e-03
-5.4802836738e-03
9.7009427547e-03
-3.2283387880e-03
-6.7514746490e-03
-1.6754831897e-02
-1.3502180987e-02
-7.5305314407e-04
1.7136393983e-02
-1.7347176142e-02
-7.4417197924e-03
1.5572260039e-02
-2.5750629884e-03
1.2602433393e-02
-1.3838162299e-02
-1.0730344122e-03
-1.8776179453e-02
1.7503760865e-02
-1.5270943848e-02
-1.0572707210e-02
1.5164233743e-02
-3.2556893592e-04
1.8330970525e-02
3.5369289559e-03
-3.7872921139e-03
1.3978002439e-02
-8.5412963500e-03
4.4229089631e-03
-1.3404222925e-02
-1.3632319987e-02
-6.9142840524e-03
-4.9260941585e-03
-1.6684865027e-02
-1.6716205453e-02
1.1847771924e-02
-1.9660405472e-02
1.6148181047e-03
-2.9406103594e-04
-1.6307398100e-02
1.8802408514e-02
1.2323939710e-02
5.9187904453e-03
1.9673490838e-02
-1.9916509547e-02
-1.2897077193e-02
-1.4660667988e-02
1.9348042561e-02
-5.3293205265e-03
7.4264681095e-03
1.3070295066e-02
-5.7099799317e-03
2.8798902296e-03
-1.8382806729e-02
1.5715189072e-02
-6.7943304479e-03
-1.8442310096e-02
3.3145401127e-03
1.9527386737e-02
4.5745337010e-03
1.2857191242e-02
-1.2310074034e-02
-1.3202624352e-02
-4.3654335069e-03
1.9739245024e-02
-1.5698461155e-02
3.7348062669e-03
4.6174033990e-03
1.0434997295e-03
1.3272088651e-02
-8.6222058122e-03
-1.7402299207e-02
4.2467093028e-03
-9.6007111200e-03
5.7385610867e-03
7.9977090701e-03
-1.6155192406e-02
4.2593435120e-03
7.5612811100e-03
-1.8718650522e-02
1.4086257320e-02
6.6003430375e-03
7.7963508584e-03
1.2410831586e-02
-5.6499231006e-03
3.5503515792e-04
-8.2538692196e-03
8.2262971445e-03
-3.9562388009e-03
1.2278634587e-02
-1.0594996573e-02
1.9383946910e-02
-7.6269562047e-03
-6.9356139867e-03
-1.0372748834e-02
-1.4051163285e-02
-1.3791236866e-02
-1.6821874959e-02
3.5073238239e-03
-1.5291274444e-02
-1.5693020225e-02
-2.0431923490e-03
-1.4026927137e-02
-1.7062313771e-02
1.0814668337e-02
7.5090322852e-03
3.1708122013e-03
8.7456192021e-03
-2.5866066188e-03
-1.5095259866e-02
5.7724409307e-03
1.7703149221e-02
2.0848094611e-03
3.5068319149e-03
1.7497447940e-02
-1.1609124870e-02
-1.0708687734e-03
-1.8646554838e-02
-1.3738761726e-02
-1.2340455846e-02
-1.7357785985e-02
-1.8744819510e-02
1.4122703315e-02
-9.9127216966e-03
-1.2537500318e-02
-9.5322888045e-05
6.3331779738e-03
-4.1004145790e-03
8.3656692095e-03
-7.0568166823e-03
-1.4683869834e-02
-6.9236726328e-03
1.8667884680e-02
-3.1060640042e-03
-7.4084648615e-03
1.6619729624e-02
2.6627495492e-03
7.9942098808e-03
-1.9702451864e-02
1.1328267206e-02
1.8171582893e-02
-3.3679586371e-03
-5.2423182859e-04
1.9534753661e-02
-1.4073289024e-02
1.5368765038e-02
-1.0399064865e-02
4.1568733738e-03
1.8282504463e-02
1.6292275847e-02
8.8313755931e-03
-3.2851922397e-03
1.0834397676e-02
5.2615184667e-03
8.4546087214e-03
1.2008345012e-02
-5.0790443012e-03
-1.9890507726e-02
-6.8806535853e-04
1.2972961655e-02
4.3075740848e-05
-1.1557529525e-02
-6.6992832183e-03
6.3466256433e-03
9.4618185592e-03
1.9924559398e-04
1.2347639771e-03
1.5583454826e-02
1.9745242772e-02
4.4985514660e-03
4.4889802327e-03
-2.6024935336e-03
1.7992677609e-02
1.2011177850e-02
-1.8018999803e-03
8.7642883035e-03
1.8849272401e-03
1.5516901007e-03
1.0230943101e-02
-1.8219453608e-02
-6.6957837290e-03
-3.7065480383e-03
5.0817093149e-03
1.1673531253e-02
-1.0192972930e-03
1.5129374986e-02
1.7161936302e-02
1.6564208235e-02
4.3504183209e-03
-1.0762190544e-02
-7.3928180829e-03
3.6357466051e-03
-2.0291464732e-03
-7.9886997069e-03
6.0821878469e-03
-1.8451581056e-02
-1.0821082989e-02
1.6175217205e-02
-9.8343234078e-03
-9.3853634583e-03
1.2297127334e-03
-1.8378234142e-02
1.8080343551e-02
-2.0300027016e-03
-4.1207927459e-03
-2.7995696522e-03
1.8345497869e-02
1.2095647098e-02
-9.0546117618e-03
1.2576987117e-02
1.8618371904e-03
-3.3297976803e-03
7.0073565407e-05
1.8103890041e-02
1.1785188844e-02
5.6007861459e-03
-7.7518350575e-03
4.0097989629e-03
-1.7952172310e-02
1.9554735595e-02
-1.1463417848e-02
6.4515434362e-03
-8.4977144660e-03
-1.5365133627e-02
-1.0606663547e-02
1.9571083304e-02
2.4301885741e-03
-6.8565046259e-03
1.8025301862e-03
-1.1989716883e-02
7.4033616273e-03
-1.6812924347e-02
5.8737192290e-03
1.7863142335e-02
-1.9172364146e-02
-1.4804900905e-02
9.9764098916e-03
-9.6722712609e-03
6.2982867039e-03
6.8724346927e-03
-3.3769741172e-03
1.6238181718e-02
-1.1836266896e-02
-1.3443708014e-02
-1.6095827590e-02
1.7269658830e-02
-7.6203030354e-03
1.6927816545e-03
1.9472267148e-03
-1.7256409205e-02
1.9312544213e-02
1.4928846395e-02
1.4121211450e-02
-1.9866871252e-02
-1.0417943279e-02
1.1146594814e-02
1.1777060854e-02
1.7774556062e-02
1.8605746978e-02
-1.5465169619e-02
-1.9483362622e-03
-1.5142438263e-02
1.0639991711e-02
1.1181501011e-02
-1.3881109623e-03
-1.5116099572e-02
6.7199351234e-03
-8.8679773255e-03
-1.6669275953e-02
1.1560001103e-02
-5.8703934621e-03
-4.4847727398e-03
-1.2427993552e-02
1.7797628716e-02
9.0126097257e-03
1.6436797355e-02
4.8136788024e-03
1.8776884613e-02
1.0659357037e-02
1.9684919138e-02
-1.3508314745e-02
-6.3159524917e-03
8.8346833444e-04
7.5811921164e-03
-1.2233182347e-02
1.9644541420e-02
1.0292574355e-02
-5.9446966559e-03
-6.3927689631e-03
-4.4288716338e-03
1.0270252655e-02
-1.5857224522e-02
4.9679004427e-04
1.2472377241e-02
-1.1505600760e-02
-1.2394252532e-02
5.4995693217e-03
1.0938535209e-02
9.9093737296e-03
-1.7323977358e-02
1.9720889850e-02
-1.0929952015e-02
6.2810286682e-03
1.6515310341e-02
-2.2499306278e-04
1.0833560663e-02
-4.5089759462e-03
5.7010952738e-03
-1.2035476893e-02
-1.8321414877e-02
-1.8836232459e-03
-1.9851130375e-02
-5.7831415483e-03
1.9506495793e-02
1.7356802038e-02
5.9486729916e-03
-3.3786527068e-03
1.3500764670e-02
1.8783349191e-02
1.4480273862e-02
-1.6590989490e-02
1.3720895379e-02
3.7859396698e-03
2.4564915198e-03
-1.5340244295e-02
-1.4569187917e-02
-2.2618366671e-04
1.9845427141e-02
9.0361472254e-03
-6.3718667269e-03
4.9978619250e-03
-1.8700796131e-02
1.3409068477e-02
-7.3173236114e-03
-7.5176729151e-03
1.2886583038e-02
-8.2619473222e-03
1.4346276553e-02
-1.7803479749e-02
-7.9917953417e-03
1.8563120067e-02
-1.4523220749e-02
-9.6687439633e-03
-4.8167535665e-03
-1.3878529584e-02
-6.4023521990e-03
-3.5188067015e-03
-1.7024109967e-02
1.2384931337e-03
-1.6995533556e-02
-7.6645947282e-03
-8.0071945766e-03
-1.9090710573e-02
1.9250154580e-02
-6.8898462699e-03
8.4720123092e-03
1.4780195396e-02
1.7256412663e-02
4.1162564157e-03
1.4062795669e-02
-5.4987135192e-03
-1.6193709381e-02
-9.4320059514e-03
-6.6485937481e-03
1.5536335446e-02
-1.2695241697e-02
-1.1507581299e-02
1.2014863515e-02
-1.0739224837e-02
-8.9394040968e-03
1.3658687699e-02
2.0083355173e-03
1.6522532442e-03
1.4370103204e-02
1.2463084076e-02
1.9574600265e-03
3.0944752307e-03
7.6192887265e-03
-8.1117439549e-03
2.0946698361e-03
-8.0981576143e-03
1.5813032509e-02
1.0092077235e-02
-1.8370502796e-02
1.6753532552e-02
-3.1931537113e-03
6.3159004847e-03
-9.2380724129e-03
-1.7917861302e-02
-1.7250097962e-02
1.7959353013e-02
3.5321703565e-03
-1.5726852151e-02
-9.2091648503e-04
-1.2310752840e-03
-5.5548720342e-03
1.6785765013e-03
-9.4287099961e-03
3.6341541826e-03
2.4476188108e-03
1.1764284744e-02
-1.6719644864e-02
-1.3264807706e-02
5.9394302720e-03
2.7606090011e-03
1.4667687745e-02
5.2335550822e-03
-1.9326180378e-02
-1.1263284764e-02
8.3264598628e-03
-1.3225216646e-02
1.8291662282e-02
1.4553011859e-02
3.8737810808e-04
1.9585873904e-02
-1.9788540399e-02
9.1900493952e-04
-9.0674234698e-03
1.1786440530e-02
1.1050492478e-02
-1.2498001905e-02
1.9025508278e-03
-1.7625133565e-02
-1.1559699293e-02
6.6752914752e-03
-1.2301128261e-02
1.1112458386e-03
-6.2292852592e-03
-3.8191762645e-03
3.6308051382e-03
1.6429849439e-02
-8.4934898408e-03
-1.0038772936e-02
1.4245599177e-02
-1.5014047710e-02
-3.1910326317e-03
5.9335045830e-03
-9.2910527750e-05
1.9112633799e-02
-3.7782014636e-03
-1.2353402452e-02
-9.8825515237e-03
-1.4872358568e-02
-1.2625682707e-02
5.6328223885e-03
-1.5200910578e-02
6.8409509208e-03
-1.4702057030e-02
-1.8391752174e-02
1.9925799146e-02
9.7952059050e-03
9.2500993825e-03
7.3627267464e-03
-1.4681517194e-02
-1.1274573124e-02
1.8375992511e-02
2.9829889544e-03
6.0741198689e-03
8.6894601914e-03
1.3198828309e-02
-1.9449603136e-02
-1.5721853870e-02
-1.1746662126e-02
-1.4224652008e-02
8.9725684070e-03
1.1423899270e-02
1.4752045682e-02
-6.9955354997e-03
-3.5549264018e-03
6.3808091041e-03
7.2125811205e-03
-2.2635291031e-03
-1.1938042385e-02
5.4020628768e-03
-1.1728741411e-02
-5.8728724158e-03
1.4798042973e-02
1.4324543460e-02
6.4921421536e-03
-4.0346667501e-04
1.7965720378e-02
-2.5019672367e-03
-9.9155494562e-03
-2.6682643701e-03
-1.3655796033e-02
1.1255723503e-02
1.3347601610e-02
9.9329726275e-03
9.7127982648e-04
-1.1846404846e-02
-1.5583340561e-02
-8.5116025386e-03
-8.6621531012e-03
-1.2917596869e-02
1.0762142543e-02
-1.0706413431e-03
1.0505333403e-02
-1.7388198797e-02
-1.8228377855e-03
-7.8721724021e-03
-1.1027370557e-02
-1.1963039729e-02
1.4553912364e-02
1.3578718745e-02
1.8540327069e-02
-9.2144202708e-03
-7.8598850353e-04
-2.4748283908e-03
-1.4660530681e-02
1.1240312527e-02
5.8088143128e-03
-4.6167340222e-03
1.9459724709e-02
2.0698623388e-03
5.6755399507e-03
-1.4212313262e-02
-9.2929682966e-03
-5.1666368478e-03
-9.8075527877e-03
-1.6046616056e-02
1.4480096298e-02
6.5922105296e-04
-7.5913129013e-03
-3.8514104425e-03
-1.7481289039e-02
1.8286165263e-02
-1.5715233910e-02
1.5951026762e-02
-9.9160492987e-03
-1.0228232218e-02
1.8307158550e-02
1.7254865037e-02
1.4234006290e-02
2.9765468237e-03
1.6977226892e-02
1.6873099262e-02
5.1007734230e-03
1.9098069825e-02
-1.9865166500e-02
1.8344860679e-02
-6.9049329256e-03
7.5855111389e-03
2.1548954903e-03
2.7180425350e-03
-1.9941579258e-02
-1.2263234500e-02
-1.5661350568e-02
-7.7464778063e-03
1.0566488631e-02
-9.9532915068e-03
1.2183727703e-02
3.4476942418e-03
5.1538817292e-03
6.7934512621e-03
1.8426159502e-02
2.6086269510e-03
-5.7244997930e-03
-4.8031394268e-03
4.9847689856e-03
1.5610282792e-02
-7.0113977653e-03
1.4311857622e-02
-5.7247738625e-03
1.0357061100e-02
1.2994394700e-03
-2.7397804630e-04
-2.7670723326e-03
2.4974110772e-03
7.5891718496e-03
-1.5872303377e-02
1.5837012272e-02
-1.0747822699e-02
1.4662062241e-02
-1.1801625947e-02
-3.5056050018e-03
1.9838242155e-02
-1.7095841437e-02
7.2384300798e-03
1.9037090703e-02
-2.3487529998e-03
-1.4571150177e-02
9.5209789915e-03
-1.1261181721e-02
-1.6125752617e-02
-9.7417384351e-03
1.6728138205e-02
-3.6344727515e-03
1.9652623320e-02
5.7207690443e-03
1.5592062607e-02
1.5724109474e-02
-1.6260681647e-02
1.6942686509e-02
4.4709614273e-03
-1.6259593724e-02
-9.9873328831e-03
3.9329387358e-03
9.8567094294e-03
1.7530868578e-02
-1.0351600038e-02
-9.5950135917e-04
-8.9167399582e-03
-1.3318490786e-02
1.0293055980e-02
9.1465836782e-03
1.7049128664e-02
-4.1802203147e-04
1.9690278237e-02
1.1828891460e-02
1.5498730937e-02
-1.5996258232e-02
1.4801817622e-04
-1.0826830886e-02
3.0269918673e-03
-1.9996283523e-02
7.8551633206e-03
1.7386193084e-02
1.0133095518e-02
2.2514744687e-03
-1.3428225807e-02
9.5560279779e-03
1.9228196033e-02
2.8681689564e-03
6.6919437871e-03
-1.2298214980e-02
1.2892561006e-02
-1.0631217737e-02
-1.8191833278e-02
-1.2824337424e-02
1.3091098430e-02
-1.2094213327e-02
-8.2000012812e-03
-1.7548993629e-02
-2.0213195009e-03
4.7458485170e-03
-1.8740363980e-02
9.0297537781e-03
8.9624757183e-03
-5.3343034902e-03
1.0263575578e-02
1.0443704218e-02
1.3389855828e-02
-2.7270990151e-03
7.5166851471e-03
1.3344786734e-02
-1.3637245156e-02
-4.8765543081e-03
-1.3144993968e-02
-1.8594819745e-02
-1.2996170317e-02
1.3716308443e-02
-3.1857338224e-03
-1.6606907617e-02
-1.3698626992e-02
-1.7071478917e-02
-3.3978864227e-03
-2.6152616056e-03
7.9875015654e-03
-1.3352432768e-02
8.5478805066e-03
8.5488923058e-03
1.5353145503e-02
1.2346321195e-03
1.6036554257e-02
3.6673167047e-03
1.8475644266e-02
3.4248188092e-03
-6.7980283837e-03
-1.8777936228e-03
1.3151021599e-02
3.7707837024e-03
6.4206649564e-03
-1.1376496567e-02
-2.0376570747e-03
-1.3114599403e-02
1.3467601179e-02
-2.1969684126e-03
-7.3707919537e-03
4.2512524766e-03
1.7048524539e-02
1.1932084492e-02
1.3424948162e-02
-1.2149214028e-02
-8.1786312534e-03
1.0902322690e-02
-1.4052644589e-03
-1.6359010078e-02
3.2561007486e-03
1.1864071993e-02
-1.4928842216e-02
-1.7848312190e-02
9.4801431001e-03
1.3417157380e-03
1.4287031923e-02
2.4025939343e-03
-4.2157179387e-03
5.9862111749e-03
8.4979589992e-03
1.2668173949e-02
-1.7886732066e-02
-1.2808296222e-02
1.5031963358e-02
1.1957715787e-02
-1.0380683569e-02
-1.7969673124e-02
1.4332126262e-02
1.7468204750e-03
-1.7033082771e-02
1.5601153828e-03
-1.6657284695e-02
1.0030348711e-03
-1.6258538884e-02
-9.5543922984e-03
1.9562971998e-03
1.3124404305e-02
-1.8239257506e-02
-3.7966583662e-04
1.3516057195e-02
-1.4411502837e-02
1.1601125366e-02
7.9510207880e-03
-1.6424676324e-02
-1.4087111168e-02
-2.3060941483e-03
-3.1151036260e-03
5.3541790088e-03
-1.6793724675e-02
1.0405583776e-02
-1.5640317903e-03
7.2535575260e-03
1.9710075512e-02
-6.4927405030e-03
-1.8675755034e-02
-1.9538815385e-02
-1.8907127745e-02
6.5952854427e-03
-1.9031711560e-02
1.2383899308e-02
-1.8786103701e-02
-7.1001356349e-03
1.0302340908e-02
1.2318885516e-02
3.4336215499e-03
-1.6694695745e-02
-1.2383119321e-02
1.8123546185e-02
-1.6069576013e-02
1.1345987288e-02
1.5612535618e-03
-5.1384201475e-03
1.1498631427e-02
9.9388697650e-03
4.1948309618e-03
8.7690163105e-03
1.9536116229e-02
-7.4862389627e-03
6.8871423945e-03
1.1787582610e-02
1.6080368924e-04
-8.4055281423e-03
-8.3144827900e-03
-1.3629021917e-02
1.8310093322e-03
-1.4082255483e-02
6.7257426907e-03
1.6005341639e-03
-8.5126478996e-03
8.8888642497e-04
1.0719484114e-02
-1.3976910062e-02
1.2974280942e-02
-8.4409122165e-03
4.8661985362e-03
-1.8301606681e-02
-4.8221896682e-03
-1.8384673444e-02
-2.6124031939e-03
-1.8949945854e-02
3.9684659388e-03
-1.9888176423e-02
-9.5485881311e-03
-1.0175486392e-02
-6.1859134922e-03
-6.3404342268e-03
-5.5413303602e-03
6.3562818619e-04
1.2014088482e-03
-3.7926660843e-03
2.5200602779e-03
-1.0567929026e-02
-1.4029077650e-02
-9.2236287857e-03
-1.0886209908e-02
-7.1343832107e-03
6.4529562142e-03
-5.3515743285e-03
1.2863128534e-02
1.1405596309e-02
-4.9869788499e-03
-1.8325073852e-02
8.5715243338e-03
5.0006763547e-03
-1.7878531096e-02
-1.1683339405e-02
-3.5926614397e-03
1.4241024737e-02
2.3304949582e-03
4.7236440644e-03
1.1460928917e-02
-1.9320225485e-02
4.9759256180e-03
5.4497989872e-03
1.7543880897e-02
1.6985694327e-02
-1.2609342895e-02
-1.7419419271e-02
-9.2875725621e-03
-1.8120535932e-02
-1.5103581588e-02
-4.3329375229e-03
1.3395928600e-02
-1.5029421779e-02
2.2317376480e-03
1.1715852435e-03
-1.9801130813e-02
5.0231363575e-03
-9.6535349005e-03
1.4277830316e-02
-1.2902197079e-02
1.7937808774e-02
-6.2111055716e-05
1.7235991433e-02
6.2653398331e-04
-4.8764831668e-03
1.0554112848e-02
1.1328520321e-03
-1.7433363080e-02
-9.2880224460e-03
-1.3805562653e-02
-1.7378777819e-02
7.8657816053e-03
4.7629873985e-03
-8.1939555031e-03
-1.3165154600e-02
2.8568171397e-03
6.7798071107e-03
9.2220709644e-03
-3.6943515248e-03
-1.3656285399e-02
-1.0291351116e-02
-3.2080114614e-03
8.6796448024e-03
-5.2697394126e-03
9.0091418758e-03
1.1328418347e-03
-1.1445027261e-02
-7.6165986178e-03
1.1131793634e-02
-1.6713268917e-02
1.4937767697e-02
1.2881476697e-02
-8.3349871798e-03
1.9288335631e-02
-4.4047659169e-03
-5.8129567068e-03
1.0011718683e-02
1.0306320277e-02
1.4650938175e-02
-1.8307232205e-02
-3.8688326512e-03
-1.0836837673e-02
7.0300362614e-03
-6.4027713110e-03
7.3273358306e-03
-8.2466759707e-03
1.8368737061e-02
1.6457317987e-02
-1.9069435993e-02
-1.6615725616e-02
-4.9091546810e-03
-3.5523349666e-03
-8.8084942510e-03
-8.3759693763e-03
3.0283763885e-03
1.2588877240e-02
2.0865348466e-04
1.6722057468e-02
1.0881475874e-02
9.2312029329e-03
-5.2651282425e-03
2.2436129145e-03
3.8793241604e-05
-1.2861814847e-02
1.9291997634e-02
-6.7379508241e-03
1.8899044733e-02
-1.3726921051e-03
1.3270134538e-02
-1.7538796761e-02
7.5302920759e-03
-1.8498360726e-02
7.4730982301e-03
-1.7699062826e-02
1.4118615476e-02
-1.0447315811e-02
1.6659436290e-02
-1.1642512986e-02
1.0601857252e-02
-5.7974615114e-03
1.3141023077e-02
-9.6913163104e-03
-7.3970476140e-03
8.3551222450e-03
-4.2111999606e-03
-1.1124846993e-02
-1.4343356846e-02
-1.5912973556e-02
-1.6217004445e-02
3.9942075177e-03
1.0484565694e-03
8.8500690098e-03
1.1494923271e-02
1.7751166369e-03
4.2582598256e-03
-1.2055244672e-02
3.7327081237e-03
5.2349438306e-03
-1.2080393883e-02
-1.1328709681e-02
-3.8002197015e-03
-7.0791932942e-03
-1.0971295822e-02
1.5295311036e-02
1.4192541252e-02
8.9344325891e-03
1.8248423661e-02
1.6725215837e-02
4.4750066880e-03
1.9545778533e-04
1.0335934151e-02
-6.9023573424e-03
-4.4263732149e-03
-1.5314749000e-03
2.7340310329e-05
-3.7121001545e-03
2.1019928814e-03
1.4560634948e-02
1.5672955814e-02
-1.9573122289e-02
-1.2606847522e-02
1.2813954361e-02
1.9890524391e-02
-1.8824071113e-02
-1.5730168422e-02
1.1145320658e-02
-1.5519414976e-02
-1.4883719433e-02
3.8878665936e-03
1.6973059181e-02
-1.0224566553e-02
-4.9083550770e-03
-1.1090795288e-03
8.1135441355e-03
-9.4445139977e-03
-8.6540327003e-03
1.9160069703e-02
-1.5211962175e-02
8.9911055291e-03
-3.3795637141e-03
-1.9877035653e-02
4.8423241616e-03
-1.1451929393e-02
-5.2838061423e-03
1.1683301433e-02
-1.4642947946e-02
-1.7682198263e-02
-7.5508857954e-03
-1.7163492498e-02
-1.5073054173e-02
1.0384567497e-03
1.0874696545e-02
-8.5265531812e-03
1.5691731251e-03
-1.0966236522e-02
-4.1199146122e-03
-9.0612460883e-04
1.3522609182e-02
3.4622833548e-03
1.0260847508e-02
-3.7088390605e-03
-1.3175972457e-02
8.9181620353e-03
1.7664005523e-02
4.2627333408e-03
2.3410354492e-04
-1.7059937942e-02
-1.9483225718e-03
-6.5923493094e-03
-3.2692408333e-03
-1.6311010344e-02
1.7351115059e-02
7.8166832763e-03
1.4291091183e-02
-8.2420646757e-03
7.8720973018e-04
-3.7100827871e-03
9.8858127126e-03
1.3183322956e-02
5.2191183034e-03
1.1120737729e-02
-6.5003275163e-03
-3.0497880709e-04
-4.1801379834e-03
-2.5851500135e-03
1.1629276497e-02
-1.8145663881e-02
7.7474531817e-03
-1.5339494125e-02
-1.4848542086e-02
1.1212270512e-02
-1.9281246680e-02
-1.8313659148e-02
-1.2282457091e-02
1.9610330479e-02
8.1026252655e-04
-1.1872711670e-02
-4.3764104254e-03
1.5381584050e-02
-1.6464810128e-02
1.4849407900e-02
-1.8909219090e-02
-1.3840327357e-02
-1.7748498700e-03
-7.1848714530e-03
9.8064518609e-03
-1.6002170160e-02
-1.2979673813e-02
-1.1255837007e-02
1.5899745029e-02
-5.7681864345e-03
1.2695907184e-02
3.6303268382e-04
-1.2663844098e-02
2.8816601958e-03
-5.8455508161e-04
1.3897268619e-02
-3.0210576168e-03
2.4548344744e-03
1.6096714480e-02
4.8471466335e-03
1.9356795110e-02
1.3255661507e-02
-8.3839670570e-03
1.8525162351e-02
-1.5366857278e-02
-7.8397521685e-03
2.1812286988e-03
1.1752454796e-02
1.9405875935e-02
1.1209730564e-02
-6.2956287567e-03
-1.0502973057e-02
1.4513347348e-02
1.6508971021e-02
9.4663247149e-03
1.1443183233e-03
-3.7017100912e-03
-1.1521570017e-02
5.8054230733e-03
4.5803417933e-03
-1.5034514948e-02
-1.5901010434e-02
-5.1774870004e-03
7.6443110984e-03
-1.9277832924e-02
1.2890274539e-02
2.9597889431e-04
1.9727620055e-02
3.2337450110e-03
-1.7406402885e-02
-8.4260158879e-03
2.9634997790e-03
1.7398463790e-02
8.5861107693e-03
-1.8756824756e-03
-9.7902394584e-03
1.2292994012e-02
-3.8857973348e-03
3.9140146095e-03
2.9114951562e-03
1.7703637965e-02
-3.1704831819e-03
4.9793561020e-03
1.2322802358e-02
1.4783199662e-02
6.2708480049e-03
1.3211287425e-02
5.6699727788e-03
1.0379785776e-02
9.8407604485e-03
7.0363446111e-03
1.0443375999e-02
1.4168086486e-02
-1.6413812670e-02
8.8849672542e-04
-1.4192758043e-02
1.1341230382e-02
3.1711832834e-03
5.4710802293e-03
2.7504480625e-03
-1.4122725925e-02
2.6135948607e-03
-8.2236999210e-03
1.0891980082e-02
1.5493536386e-02
2.7792613562e-03
1.1691942207e-02
1.4273385463e-02
1.8131539278e-02
1.5621587095e-02
-1.5665805285e-02
1.3567455047e-02
1.2283096558e-02
-1.1078883620e-02
1.1221124572e-02
1.1050751200e-02
-2.8050162184e-03
2.5566055059e-03
1.8425121289e-02
-1.7809099135e-02
4.8887147604e-03
-1.9081573191e-02
2.3163418391e-03
-1.3799967349e-02
5.6095788234e-03
-1.7127401341e-03
-3.2918536745e-03
1.5664299736e-02
5.6774382120e-03
-1.3043415025e-02
-1.1363725868e-02
2.4663862416e-03
1.9787675060e-02
-1.0875585818e-02
4.2692429484e-03
-6.9688765198e-03
6.5017329462e-03
1.6314400542e-02
6.0075835121e-03
1.5940875992e-02
8.0834094838e-04
6.2903672150e-03
2.4461316338e-03
-1.9300029029e-02
1.2750919456e-02
-8.6119428790e-03
-1.9877110452e-02
-6.2126845241e-03
-3.7011129000e-03
6.5433153861e-03
1.9263922019e-02
1.6089940278e-02
2.6507135063e-03
-2.6340716060e-03
-1.8802404240e-02
1.2183410480e-02
1.1363042041e-02
-3.7507627635e-03
1.0524210739e-02
1.7800169219e-03
-1.4135509302e-02
6.4367444116e-03
-1.6260104244e-02
2.0245580025e-03
2.9165310795e-03
-6.2113030532e-03
5.2141133168e-03
1.6938456842e-02
-1.1334715779e-02
2.4717624432e-03
1.2349685557e-02
-1.6069888868e-02
1.3224567379e-02
1.5291475101e-02
1.0659640190e-02
1.2289298632e-02
-7.4522126998e-03
-6.5259003697e-03
1.6953039691e-02
-1.5192562565e-02
1.3732313571e-02
1.1088744482e-02
-4.0531803544e-03
-1.4041918444e-02
3.5044484723e-03
1.0925794038e-02
1.3990541550e-02
-9.1239417714e-03
1.5959756088e-02
1.4185476908e-02
1.3301198470e-02
-1.3430181599e-02
1.0093313820e-02
-1.9960872827e-02
6.7086535252e-03
5.5594427414e-04
4.0156976553e-03
1.6293560828e-02
-4.4285484962e-03
1.9937739687e-02
-1.5328642179e-02
1.9186021913e-02
-4.5125026989e-03
-1.1917653061e-02
-1.6751435796e-02
-1.2266684230e-02
4.4755945608e-03
1.2942421725e-02
1.2932991342e-02
-1.8980586813e-02
1.7813740690e-02
-4.9923424340e-03
-1.7760549899e-02
5.9314078925e-03
-1.6795822593e-02
5.1944808979e-03
-1.7073487980e-02
9.5092139606e-03
-1.7827058597e-02
-3.6883581359e-03
-1.2912431698e-02
5.1814894443e-03
-1.2164019384e-02
3.2984974830e-03
-2.2674552673e-03
-3.5546014825e-03
-1.4254075274e-02
9.1990552450e-03
-1.1179569174e-02
-8.8079910665e-03
-1.9327283831e-02
-1.8924819212e-04
-2.2922022346e-03
-8.7399618653e-03
-1.3507508618e-02
8.5726147720e-03
-2.0389965518e-03
-1.4410779856e-02
-3.8712308517e-03
1.4520652119e-02
6.8557370097e-03
3.8524803928e-03
-6.2179806770e-03
2.2185795899e-03
-1.6317219214e-02
1.4897933749e-02
8.9995266871e-03
1.3040241144e-02
1.6913156028e-02
1.6923602238e-02
1.9279298234e-02
2.6168548165e-03
1.7299406708e-02
-1.7328235576e-02
1.1109595079e-02
-1.9090597213e-02
1.7462979115e-02
6.9852967660e-03
-9.4880369105e-03
1.8811878918e-02
-1.2062430023e-02
-1.8453424477e-03
-1.6432526130e-02
-1.4693373157e-02
1.7255464886e-02
-5.6848425523e-03
1.7224441818e-02
-1.1895257132e-02
1.6632775355e-02
-3.9475080047e-03
-1.3122884796e-03
1.7086672210e-02
-1.4297985999e-03
-1.1803318307e-02
1.9844434529e-02
1.6305516709e-02
7.1213078802e-03
-1.6856216609e-02
-1.3464687466e-02
-4.8068180345e-03
-1.1245157197e-02
-3.1240176445e-03
1.3006694768e-02
1.9181768498e-02
-7.2897624575e-03
-1.2908916188e-03
1.8445115010e-03
1.9057324333e-02
-4.9607556697e-03
-1.2384512061e-02
-2.1004259365e-03
1.5656021734e-02
1.8075517704e-03
-7.7160700367e-03
3.7022009639e-03
9.0394657735e-03
-1.3252256851e-02
3.1522608766e-03
-1.8088574964e-02
1.4564913033e-02
-8.2393397360e-03
-1.8279949733e-02
1.2698452799e-02
-2.7536102309e-03
-8.6095750347e-03
-1.7883995105e-02
-1.9304543123e-03
7.2819495947e-03
1.3280016810e-02
-4.0656168847e-03
1.3672727669e-03
1.7107358021e-02
1.6201711733e-02
9.6366583678e-03
-1.3667742230e-05
5.3563152859e-04
1.6606821175e-02
-1.6992857452e-02
1.3358314383e-02
5.5624985970e-03
1.5127259341e-02
1.5770649260e-02
3.5597230602e-03
1.3092911298e-02
-1.5906481556e-02
-1.2264584225e-02
7.7697960454e-04
1.8947135633e-02
-1.3135215171e-02
1.8450028718e-03
9.3819188564e-03
-3.4776604641e-04
9.2491411229e-03
4.2597634905e-03
-1.0645419431e-02
-2.9591799180e-03
1.3053349028e-02
1.4989330120e-02
1.5743959674e-03
1.5065722500e-02
1.3923042868e-02
-1.2911335664e-02
7.2612696874e-03
-7.2623347019e-03
-1.8833721775e-02
-1.0843668409e-02
1.0010849073e-02
1.8390695375e-02
-1.9083252700e-02
1.1424307437e-02
3.5444636776e-03
8.7673171272e-03
-2.8524320117e-03
7.2298124215e-03
1.9778707659e-02
-1.8570511108e-03
8.0044618431e-03
-3.8936263737e-03
1.7527775316e-02
-1.0562003285e-02
-3.7966124659e-03
1.1195434573e-02
-1.4138233107e-02
1.1696160440e-02
-5.3965476857e-03
-1.9909941442e-02
1.6248259376e-03
-1.6625899774e-02
1.3627226404e-02
-1.2782041066e-02
5.1669971196e-03
-6.8843759078e-03
-1.3631314014e-02
1.9686032055e-02
7.1498849611e-03
6.3822058934e-03
-1.9406713910e-02
-6.5979592386e-03
1.9554934933e-02
1.7482350500e-02
7.4698997333e-03
-3.8026125522e-03
-1.3986379286e-02
-1.7085513019e-02
6.0520675093e-03
1.7482684307e-02
-1.7089868789e-02
2.8247306164e-03
-6.9042981959e-03
-4.0827822778e-03
-1.7309711114e-03
3.7668466434e-03
-1.8422607315e-02
3.6253084344e-03
1.0902835632e-02
-9.2593007579e-03
-2.8015569975e-03
4.3584506338e-03
-8.4478364040e-03
1.8690445626e-03
-1.9353348627e-02
-1.3666521571e-02
1.5687062418e-02
-1.8488474533e-02
-6.7647344475e-03
-1.8643558636e-02
4.2066611921e-03
9.1854716032e-03
6.4925431734e-03
1.6912929515e-03
1.9000373399e-02
3.9289154758e-03
7.6562572273e-03
2.9444932016e-04
-8.3252955531e-03
-1.4800473065e-02
1.5299646737e-02
-6.4911616307e-03
9.4169883757e-03
4.8822538660e-04
5.1806411344e-03
5.8908301842e-03
-8.6573626558e-03
-1.9254536551e-03
1.8276955210e-03
-1.6845819466e-03
1.2410375700e-02
1.6516748677e-02
7.8112145230e-03
-2.3437776888e-03
-5.7224852074e-03
-1.2838308145e-02
1.5807842178e-02
-3.9338667847e-03
-4.3801526792e-03
-1.2160450059e-02
1.0764292172e-02
6.2690693697e-03
-1.8951284309e-02
4.6233148730e-03
-9.0039982258e-03
1.1209917092e-02
1.8540945534e-02
-1.7460756386e-02
5.1127593707e-03
1.8934295315e-02
-2.0406973051e-04
1.2878923096e-03
-4.6210239703e-03
-1.4003316803e-02
4.9456499739e-03
1.6612731050e-02
2.3221984423e-04
8.7415897386e-03
-1.3843387116e-02
1.3363523820e-02
-7.1953488838e-03
3.0721709717e-03
-2.4371355945e-04
9.9905791992e-03
1.1621120466e-02
1.2856266851e-03
7.2625093235e-03
-1.9973814965e-02
5.7419783432e-03
7.2935490683e-03
1.1696209382e-02
-5.2527633155e-03
7.8200651018e-03
1.5320818433e-02
6.5428045078e-03
1.4711500812e-02
1.0222685931e-02
-4.3938227353e-03
9.1075440107e-03
-6.7249227507e-03
-1.7345820161e-03
-1.8467368176e-02
6.9204497709e-03
-1.3283213592e-02
1.5990670187e-02
-1.2963711685e-02
9.8589117356e-03
1.4099263958e-02
-9.2671024051e-03
-1.2697758396e-02
9.4339501654e-04
-1.5725673456e-03
-4.2373197686e-03
-1.4385833635e-02
1.3058736865e-02
4.4554967565e-03
-1.2572444487e-02
-1.0135008206e-02
1.8065594176e-02
7.3410235443e-03
9.5744209218e-03
1.3869724652e-02
1.1581403730e-02
1.3212334772e-02
-1.1112113933e-02
1.7624208985e-02
1.8472835304e-03
1.6060715593e-02
2.9037788315e-03
-1.5875895518e-02
-3.8039576517e-03
-9.5708638192e-03
7.3787703158e-03
1.6639885106e-02
-1.2535928329e-02
1.0459928315e-02
8.8968336551e-03
1.7286444450e-02
-1.2884056892e-02
1.7800975544e-02
-4.4369387127e-03
1.8745119743e-02
-1.3125712453e-02
1.7842589494e-02
-1.1133914927e-02
7.7839071221e-03
-6.2669981927e-03
4.3175029104e-03
7.4574990183e-03
-1.5911171072e-02
1.4418008027e-02
1.7583177538e-02
-1.5751575065e-02
8.4246115062e-03
-5.2307428820e-03
-1.8973629191e-02
5.8328331976e-03
7.5739957775e-04
1.8250359114e-02
1.7983083084e-02
2.3473961128e-03
-1.9374703583e-02
-7.1823433769e-03
-4.8926479429e-04
7.2041226290e-03
1.2994479615e-02
-1.1031731663e-02
-1.2233618406e-02
5.1251100371e-03
-1.5200888849e-02
7.0170685333e-03
4.9240792523e-04
3.0785832031e-03
1.7052744875e-02
-1.5472124245e-02
-7.5130623609e-04
-6.3003654336e-04
-1.8124406576e-02
8.6170370371e-04
8.1874446075e-03
3.2790783751e-03
-9.2346487065e-03
-1.8492378269e-02
1.3542512764e-02
-1.1592565359e-02
-7.6967808341e-03
-6.9901605565e-03
-1.8529307522e-03
-6.9292867697e-03
-6.8893542283e-03
-1.5711111064e-02
9.1572988550e-03
-5.3555951657e-03
1.5443955426e-02
1.2701552635e-02
-9.6577473645e-04
1.3835016474e-02
9.8099115413e-04
-1.0474046529e-02
-2.9499967553e-03
1.4062373137e-02
-1.8168313200e-02
1.8392008430e-02
-9.3698230527e-03
1.3864203140e-02
7.8850367261e-03
5.7324817188e-03
-1.5635812198e-02
1.8015471628e-02
1.1698170628e-02
-1.8592312403e-02
-5.8456196853e-03
-1.7346810153e-03
4.6287505416e-03
1.7919006049e-02
-1.5119451971e-02
3.6693920266e-03
-1.0844914432e-03
-1.7594306885e-02
9.3000712499e-03
-1.4734624100e-02
-8.7944716015e-04
-9.1327189323e-03
-1.4808964361e-02
1.3788087521e-02
1.0713236206e-03
1.4258135786e-02
-6.0673497909e-03
-1.3488419089e-02
-1.4526009281e-02
-6.7642710932e-03
1.2363915417e-02
1.2375669711e-02
-2.8739293170e-03
-1.7665233625e-02
-7.0217931676e-03
1.0917022104e-02
2.5757742390e-04
1.1691823827e-02
-2.0088131610e-03
-2.3119404079e-03
-8.0539930276e-03
-1.3296405632e-02
-2.9152551112e-04
-6.4843790203e-03
-6.5085867098e-03
9.6320750991e-03
6.7725903629e-03
1.6539784170e-03
-6.4185518822e-03
3.5328487819e-03
1.8581416119e-02
1.1864097973e-02
-7.3069087304e-03
8.5070460563e-03
4.5459128285e-03
-1.2888995557e-02
-1.4844126313e-02
1.8320204799e-02
1.6419470048e-02
1.8705375815e-02
1.2496715395e-02
-2.8757089420e-03
-6.7082089110e-03
-1.4554989060e-02
1.4040525557e-02
1.5299599778e-02
-1.8285002662e-02
1.2064859661e-02
-5.0998560670e-03
-1.0817064468e-02
5.8936020370e-03
-1.0716417410e-02
1.8338452946e-02
-1.4754884051e-02
1.5094869383e-02
1.5323362646e-02
1.3083048795e-02
1.1972484090e-02
1.4739403819e-02
-1.7230296967e-02
-1.9777211748e-02
-6.4028091787e-03
-1.8648427867e-02
-1.1836349179e-02
5.3202055173e-03
2.2218420321e-03
-1.2714038586e-02
-1.5985224758e-02
-7.8695028173e-03
1.4044884896e-02
9.9167573956e-04
-4.6772976560e-03
3.4573401868e-03
1.9804016863e-02
-3.7482376573e-04
-1.6621362241e-05
1.4013681617e-02
1.9618521910e-02
-1.1116579347e-02
-2.0398256484e-03
5.4928731289e-03
-2.3574469330e-03
1.7978300241e-02
5.7258237640e-03
-1.4011812584e-02
-1.9745384714e-02
-5.3482357127e-03
6.1256080413e-04
9.5499383520e-03
-1.3291642094e-02
-5.2466263509e-03
-1.1633967474e-02
1.8347663602e-02
1.0331065114e-03
1.2215390448e-02
-1.3085043517e-02
1.7345886850e-03
1.2654241057e-02
9.4818470281e-03
-1.2383051265e-02
-1.7483376525e-02
-1.1992756246e-02
-1.4271495676e-02
1.3646681799e-02
-1.9716628603e-02
-7.8052220869e-03
-1.6295836550e-02
-4.9137467926e-03
-1.9675405954e-02
-1.6405960763e-02
-1.0210060651e-02
-9.5043851466e-03
-1.3593968092e-02
8.7017832854e-03
-1.4725564882e-03
-1.9030984481e-02
-1.3397634397e-02
-1.1335702526e-03
7.4725201910e-04
-1.6516324381e-02
-1.7589011261e-03
1.1476917917e-02
1.5994065508e-02
-7.9681680672e-04
-7.1660455285e-03
9.8730638544e-03
-5.4725040310e-03
5.1093811588e-03
-6.4666594992e-04
-4.8436158434e-03
1.4509509376e-02
1.7685509036e-02
-6.9826304488e-03
4.7444606096e-03
4.3712670108e-04
1.1020721452e-02
6.7913692420e-03
-1.8570687227e-03
1.5986058312e-02
2.1519906047e-03
9.1822502322e-03
-4.3001773795e-03
1.9749632087e-03
-1.2733899737e-02
-2.4185392379e-03
-1.5162809299e-02
-1.2491008116e-03
-1.7467122538e-02
7.4993137166e-03
-1.2067152428e-02
1.1488466179e-02
9.1321382574e-03
1.7031799127e-02
6.2158434339e-03
1.8664808925e-02
1.8267640125e-02
1.7043485352e-02
-6.9670956785e-03
-1.3098245515e-02
3.0659228430e-03
2.6749846070e-03
4.5923680705e-03
9.6397830283e-03
1.5262348405e-02
1.8213678926e-02
9.3122051439e-03
1.1976118483e-02
6.2898841065e-03
3.4070694671e-03
5.6143004606e-03
-1.0549117460e-02
2.0263570976e-03
-1.0541811020e-02
-1.3337446950e-02
6.1327866804e-03
8.0988100064e-03
-1.0219152931e-02
3.1042062806e-03
1.5780866009e-02
-1.1872539723e-02
2.2377654730e-03
-7.6775433818e-03
-3.2849841946e-03
-4.3587096787e-04
5.7842595765e-03
9.4845973681e-03
1.5300253777e-02
-1.1245359134e-02
1.2329673288e-02
-8.4062882521e-03
1.7675933844e-02
2.8417486944e-03
-9.5584828063e-03
-9.8441500730e-03
1.2430538521e-02
1.0997238308e-02
4.4485136019e-03
9.0011909951e-03
-1.2781581314e-02
-2.1269310702e-03
1.2994761720e-02
1.4424569482e-02
-2.4481600515e-03
-1.2528211006e-02
-1.3026777375e-02
-1.7204700958e-02
-1.7782499095e-02
-1.0140425960e-02
1.6042903839e-02
-1.2595594645e-03
1.0800027581e-03
-9.1963494192e-05
-1.5499476429e-02
-3.8690009477e-04
1.5815308934e-02
-6.9249292796e-03
3.1831422303e-03
2.3324900704e-03
1.6599230623e-02
-1.0278912148e-02
-1.4030416898e-02
1.2492830657e-02
1.0109959236e-02
-1.6057743688e-02
1.1729345132e-02
-4.1147325250e-03
1.1623429872e-02
1.4519126431e-02
1.9191790189e-03
-1.3069346834e-02
1.5334859206e-02
-9.3875373122e-03
2.1684007314e-03
4.2631986173e-03
1.7589075472e-02
1.5393016775e-02
7.4495986207e-04
2.3661579598e-04
2.7568523402e-03
-6.0274831404e-03
-1.1576570662e-02
9.5992448098e-03
8.1981157894e-03
-5.1122845211e-03
5.7338218610e-04
-1.2613751818e-02
5.4970853135e-03
-4.2261693107e-03
-1.7564759612e-02
1.3514178074e-02
1.0024273631e-02
1.9901827220e-02
1.0742747498e-02
-1.1920192237e-02
-8.8747924632e-03
-7.9158588540e-03
1.6901786443e-02
5.8162737137e-03
1.2586909107e-02
1.4207425056e-02
2.9540927174e-03
-1.5620766443e-02
-1.7343662576e-02
1.3407363257e-02
-1.3479810073e-02
-1.1597943344e-02
9.1183112772e-03
1.5941589453e-02
1.4703699378e-02
-1.9086376793e-02
-1.4031384992e-02
3.0875376366e-03
1.1168820538e-02
9.1906738108e-03
3.4751804916e-03
-6.0700980830e-03
-1.9038802060e-02
-7.8883736733e-03
-8.8125041807e-04
6.1501881086e-03
9.3968848918e-03
-1.2285948975e-02
4.4832071135e-03
-1.2146695283e-02
-1.9803500898e-02
-3.3766236925e-03
-1.1961355559e-03
-1.1583315823e-02
3.7393985688e-03
-1.6282830951e-02
1.8696584140e-02
-1.4192637981e-02
-1.8063341488e-02
-1.3962731143e-02
-1.3928504552e-02
-1.1710175229e-02
-1.5276831428e-02
7.4714380276e-03
8.0160799504e-03
-1.5862097114e-03
-1.3378874205e-03
6.4073124944e-03
-1.7859861518e-02
4.2334925447e-03
9.8408429842e-03
-1.6430536474e-02
-1.5491616612e-02
-3.8921484040e-03
-1.4819900717e-02
-1.2771720874e-02
-1.5161728377e-02
8.8668274975e-03
-2.1403598380e-03
8.9199743697e-03
6.4687069483e-03
1.7021226147e-02
1.0398079585e-02
1.7296096459e-02
-1.2081946753e-02
4.9189605554e-03
9.1872373861e-03
-1.8519079002e-02
2.8753537513e-03
-2.7420579254e-03
-6.5074726318e-03
1.4459383528e-03
6.4134887394e-03
-1.7862699477e-03
1.5074900587e-02
1.2450368792e-02
1.1065950251e-02
-1.5854817286e-02
1.0574403043e-02
-8.7182005715e-03
-1.5981653008e-02
-8.6219826273e-03
1.1593479979e-02
7.3216686829e-03
5.0139357224e-03
-1.4375551366e-02
-6.5137750328e-03
-1.9650313682e-02
6.5969393631e-03
1.9279353659e-02
-1.3994876863e-02
-8.5314815117e-03
-1.4847703571e-02
1.3599655278e-02
3.6560485344e-03
8.0250277659e-03
-5.3309121744e-03
1.8707053468e-02
8.8629682006e-03
1.3585842488e-02
-1.7359297034e-02
9.6844821382e-03
6.2062555555e-03
1.2214486280e-02
-1.1415273334e-02
6.6780223158e-03
3.8481099442e-03
-1.4871866769e-02
7.7824233721e-03
-1.3767754331e-04
-1.9316458471e-02
-1.6113277606e-02
1.8755420284e-02
-1.5253986674e-02
-8.9815225629e-03
-3.0455151394e-03
-5.6393571050e-03
-6.9344423593e-03
-5.3323756494e-03
-7.7221936695e-03
1.6960801819e-02
-1.1519495593e-02
-1.8918313903e-02
1.7660506390e-02
1.5524091942e-02
1.1140842484e-02
-1.8974178093e-02
1.9603999997e-02
1.7207409159e-02
-3.1016084185e-03
-5.5270968037e-03
-1.3521845496e-02
-1.0767728222e-02
-2.0571640792e-04
-1.7587641428e-02
3.9626722394e-03
-1.7539257573e-02
8.7536393766e-03
1.8559760775e-02
-2.7511243742e-03
1.4478571591e-02
-1.9104784306e-02
-1.0871950051e-02
-1.4940688950e-02
-8.7440486160e-03
6.0037708119e-03
1.6044800015e-02
-6.3043870570e-03
-9.5575258276e-03
1.4562206912e-02
1.3110705578e-02
7.3779477572e-03
5.6816393160e-03
-1.1126523703e-02
8.4132688840e-03
-8.5817682647e-03
-1.0012102408e-02
-1.5012212689e-02
4.6454880724e-03
1.6319220336e-02
-3.7783998380e-03
-1.4451874363e-04
1.6568262210e-02
5.5935473595e-03
-5.2573560407e-03
1.5721701320e-02
-7.6696268848e-03
-1.7404704579e-02
-2.2875092655e-03
7.0827388103e-03
1.9921581551e-02
-5.1212080464e-03
-2.9931956996e-03
-1.3100699799e-02
-1.0156098529e-02
-8.1714009000e-04
-1.5742998976e-02
1.3470808211e-02
-9.9560178930e-03
-2.6326051346e-03
-1.5577590750e-02
2.1976560531e-03
1.0766274964e-02
1.1890362139e-02
5.6732091982e-04
-1.8450784323e-02
-1.8934183477e-02
1.6458715420e-02
1.1701196853e-02
2.1537340372e-03
-1.5984912381e-02
-4.0544664037e-03
1.0537769778e-02
-1.6400772485e-02
-1.3525025718e-02
6.5119655210e-04
1.7749053279e-03
6.7407700343e-04
1.2493446686e-02
6.8077788848e-03
-2.0895516552e-03
-1.4074714305e-02
-1.8780717889e-02
8.7917045081e-03
1.8968046708e-02
8.1721508684e-03
-1.4617866026e-03
-1.2180569914e-02
-1.8301975009e-02
-1.8814748223e-03
-1.0139879866e-02
-1.5221534036e-03
-1.0832439860e-02
-1.6811696896e-02
-1.8088064547e-02
1.4809166875e-02
-5.5551546902e-03
1.2277653676e-03
-8.9780883515e-03
-7.9905372264e-03
1.2041065812e-02
-1.3000774946e-02
8.1625897278e-03
-1.9008394177e-02
2.6052485213e-03
-1.2730965510e-02
1.2676676689e-03
1.1248930324e-03
-5.7866592864e-03
-2.9636643221e-03
-2.8206033718e-03
-9.8495738220e-03
-1.8812638162e-02
-1.5180145037e-02
-1.9781332811e-02
-1.2041408122e-02
6.8420308243e-03
1.4886723988e-02
-1.1985375402e-02
-3.8968058954e-03
1.2903417888e-02
1.6778248530e-02
-2.4209505552e-03
-9.8311546927e-03
-2.5010049672e-03
-4.2550371776e-03
1.2927722975e-02
-1.6842663481e-02
3.4058875036e-03
9.8463661687e-04
1.3227721494e-02
7.9790901702e-03
-9.9986433417e-04
-1.8716614825e-02
1.9192912658e-02
-3.8806264356e-03
-2.9774582087e-03
-7.5759485468e-03
-6.7867301026e-03
3.5725677088e-03
1.0203841945e-02
1.1804135775e-02
-1.7976897822e-02
3.5405714767e-03
6.6614611350e-03
-1.5027063217e-02
-9.9073350318e-03
-1.9214085713e-02
6.2041277476e-03
3.4225840080e-03
1.7551194931e-03
1.7659064100e-02
-1.7282211834e-02
8.5961105117e-03
1.0291489273e-02
1.4316812667e-02
5.2429830123e-03
-9.2177496629e-03
-1.9878924395e-02
-1.0028379063e-02
1.9899400088e-02
-1.7368847037e-02
1.1378307692e-02
-1.8308122976e-02
4.4223361042e-03
7.3441278308e-05
1.2313277599e-02
-8.0948455195e-03
1.3205238163e-02
1.2868466525e-02
1.7170441125e-02
-4.1999915888e-03
4.2443643597e-03
1.9587915687e-02
5.5552638244e-03
5.9210765556e-03
-1.2053448718e-02
3.6126862285e-03
7.4062285186e-03
1.2546612148e-02
-4.7111500493e-03
2.2616805881e-03
-8.2953592831e-03
-3.5645115649e-03
-4.7198391093e-03
-1.6016929403e-02
-1.1348656569e-02
-8.5337987684e-03
-1.8035833095e-02
-8.0432487398e-04
-9.3530350184e-03
-1.0668044737e-02
-1.3032183122e-02
-7.1072183737e-03
-1.2679386672e-02
9.4787185457e-03
1.8681634818e-02
6.7892600867e-03
3.8048536447e-03
3.3145575429e-03
1.6478785310e-02
1.9826822761e-02
-2.1572808006e-03
-1.9413580875e-02
8.4594755836e-03
1.6442833622e-02
-1.3394290840e-02
-2.7685198640e-03
1.9521805929e-02
6.4128917872e-03
-1.8947721954e-02
-1.3092610088e-03
6.2284989975e-04
1.2792549105e-02
1.6220134033e-03
-1.3138872652e-02
-1.6439087268e-02
-1.7803101289e-02
-1.3665661019e-02
6.6143192826e-03
-1.8902823737e-02
1.2129980225e-02
5.1108027278e-03
-1.6196878001e-02
1.7235553533e-02
1.7460509403e-02
1.7748566262e-02
1.1967433418e-02
-1.0591570625e-02
7.3738463824e-03
1.0037026887e-02
2.8624986151e-03
3.8189576580e-03
1.5398038922e-02
1.1201577063e-02
-2.0567894277e-03
-1.4135764272e-02
-1.5521731948e-02
1.9040452076e-02
1.8500769145e-02
9.2382692803e-03
1.5000726293e-03
5.0384269916e-03
1.8583287683e-02
1.7112134892e-02
3.2869995550e-04
1.2612754649e-02
1.4056023380e-02
1.8820328279e-02
1.7123029649e-02
1.5766543525e-02
-7.8354368999e-03
-1.4470374238e-02
1.0313306785e-02
-1.9483462135e-03
1.5207093323e-02
-5.7579655880e-03
5.2581362052e-04
1.7084091673e-02
2.8435051390e-03
-2.3858562194e-03
2.7391951495e-04
-2.4932861529e-03
-1.9538639027e-02
-1.3096998614e-02
1.2474811383e-02
-9.6199728429e-03
-1.8127106899e-02
-1.0276945471e-03
-1.0689897339e-03
-1.6252117208e-02
1.3703704828e-02
1.3684750554e-02
-4.7900037278e-03
-1.6594878644e-02
3.8272155533e-03
-1.6339851688e-02
5.9180798137e-03
-1.6638699194e-02
-1.3686760810e-02
1.5639597922e-02
6.9736185125e-03
3.6171976538e-03
1.1658531477e-02
3.9960684390e-03
-3.0610193134e-03
1.6152464898e-02
-1.3982519369e-02
9.0482177592e-03
-4.3158186738e-03
1.7730806470e-02
6.8110465795e-03
1.3917295181e-02
6.5833370791e-03
-1.7998984972e-02
-1.8274612251e-02
-5.8143501790e-03
8.5352799648e-03
-9.6539423154e-03
1.1618834164e-02
1.1604663903e-02
-3.0590882562e-03
-5.8155982413e-03
-1.8239152284e-02
1.5983479485e-02
5.6930724526e-03
-1.2918828581e-02
-8.6353013890e-03
1.5750512424e-02
7.6372178057e-03
2.3275048209e-03
-6.6677234403e-03
-4.9045263666e-03
-1.5719644493e-02
1.7240406710e-02
3.2413499945e-03
1.4359732808e-02
6.3452463359e-03
5.6470761890e-03
-1.2730989965e-02
5.5999449030e-03
1.5390698792e-02
1.7049083835e-02
8.0804412483e-03
-8.6784005657e-03
4.3929920722e-03
-4.6507729450e-03
-1.0053803110e-02
-9.4067451550e-03
4.4721574871e-03
-1.8975158553e-02
-1.8776093388e-03
-7.5042530442e-03
-1.7409602867e-02
-1.9535390093e-02
2.4333257490e-03
-1.5911612992e-02
-1.4306412292e-02
1.9249051491e-02
-5.7771454513e-03
1.0401968730e-02
1.3020792195e-02
-3.7347616925e-03
1.7047862848e-03
-1.4997692108e-02
1.0131387939e-04
2.9548138261e-03
1.1573766106e-02
-1.1119896690e-02
1.3848830462e-03
1.3081376841e-03
7.2351464019e-05
4.5632097248e-03
1.5213371049e-02
-1.4501624410e-02
-9.6587367668e-03
-8.1905598899e-04
1.9623807963e-02
1.0115811088e-02
-2.1930272573e-03
3.0300098861e-03
-3.0034226113e-03
4.9295624593e-03
-1.7463600907e-02
-8.0040126819e-03
-1.1421928108e-02
1.3187850151e-02
3.4599175739e-03
1.0267544089e-02
8.9908341313e-03
-5.6901154932e-03
1.0219642218e-02
3.9876024843e-03
1.2594534803e-02
1.9943159467e-02
1.4925311865e-02
8.5893909357e-03
-1.5681581428e-02
-1.1466248192e-02
8.7885780357e-03
1.5777698755e-02
-6.3308393399e-03
1.9240504875e-02
-1.8248365546e-02
-9.8194988605e-03
2.2517509791e-03
-1.6224177658e-02
-6.7019713581e-03
1.3202351540e-02
-1.9122765091e-02
-1.3377065551e-02
1.6257163273e-02
-8.8633335380e-03
-7.9164733006e-03
-1.4214217585e-02
-1.5017226751e-02
-1.6105542055e-02
-7.2846529930e-03
-1.8737368025e-02
-1.2270055504e-02
-8.4339132090e-03
-1.8869801525e-02
2.6887733985e-03
-3.9174101218e-03
-1.7472816268e-02
1.0224220079e-02
-6.3041630489e-04
1.6462162713e-02
9.9008721308e-03
1.0895994757e-02
-1.4928908735e-02
-9.6523256318e-03
1.5296058575e-03
1.0120326443e-02
5.2194768315e-03
1.8681751314e-03
1.8257044228e-02
9.1794306048e-03
1.4651950121e-02
-1.5309975048e-03
2.0461181240e-03
-1.6124075570e-02
-1.6815221774e-02
-9.1651968915e-03
6.7886377805e-04
1.9811056287e-02
1.1491074630e-02
1.3589385249e-02
4.9019006445e-03
1.6764668940e-02
5.0636039306e-03
1.7887397189e-02
1.8366007275e-03
4.6587266514e-03
1.5361501626e-03
1.2190653954e-02
-1.0040968746e-02
1.9010232562e-02
-4.1668973278e-03
4.7418038695e-03
-2.3861347700e-03
1.7212391647e-02
-4.7535033324e-03
-7.5059876774e-03
1.5700927933e-02
-1.6388165257e-02
-6.3886002933e-03
-9.5512449804e-03
-7.4577731479e-03
6.3962641505e-03
-1.5574160777e-02
4.5478842064e-03
8.8952635524e-03
7.1809217872e-03
-1.7656476842e-02
7.4981051031e-03
-8.8973134915e-04
-5.5473571281e-03
7.8796356704e-03
-4.7404036256e-03
7.7906668319e-03
-5.9495582839e-03
-1.7184653737e-02
-1.6855746978e-02
7.3106422210e-03
-1.7525315217e-02
1.3300960838e-02
1.5126987555e-03
1.0851695703e-02
1.2300156175e-02
-1.1714338535e-02
-7.4244796489e-03
-3.5684162450e-03
8.3742650293e-03
-1.4969478518e-02
5.8671134092e-04
-9.6037863709e-03
-5.1044650079e-03
-1.7767545468e-02
-5.7967483769e-04
-1.8033930950e-02
3.7646957207e-03
6.0530941404e-03
-7.9546896198e-03
-1.4564530164e-02
1.2141141210e-03
3.2145557553e-03
-1.2842898355e-02
-8.2673055170e-03
-4.9465793375e-03
-4.9982131474e-03
1.4607356272e-02
1.1420685322e-02
9.6224027460e-03
2.2700949351e-03
-2.6036794688e-03
-9.9862095576e-05
-1.7999906144e-02
1.1567116808e-02
-9.5147680754e-03
-1.9425796920e-02
1.1620118896e-02
-7.5703166977e-03
-3.0563727423e-03
-5.4324992031e-03
1.0250651968e-02
-6.4033304043e-03
1.5698544392e-02
2.8484059723e-03
1.1300673471e-02
-7.6591438746e-03
-7.2427097068e-03
-1.1170692983e-02
1.1250379833e-02
1.2210585060e-02
-1.8844346575e-02
-1.4765766787e-02
1.4281493062e-02
-5.2188133424e-03
1.1957198502e-02
1.5035425836e-02
1.1331164280e-02
1.4171529005e-02
-1.2626985678e-02
-3.2506411265e-03
8.0239368347e-03
-1.7832303909e-02
-4.1403846047e-03
-6.6399167169e-03
4.3296058020e-03
-1.0843915366e-02
-1.7852037248e-02
7.7917021310e-03
7.0107020216e-03
-1.3589434369e-02
-1.2530477906e-02
-1.3003683641e-02
-8.2355069575e-03
1.8531158794e-02
1.1927676038e-02
-2.8727206694e-03
1.5254168355e-02
7.7579851915e-03
-1.0420628456e-03
-3.9505561786e-03
1.0552356337e-02
4.5309251748e-03
-4.3942594446e-03
-1.5853748000e-02
-1.2924899375e-02
8.3656388472e-03
-1.6003411981e-02
-5.0996291903e-03
1.8896488503e-02
1.3441974380e-04
1.8261811808e-02
1.3363560429e-03
6.8278003914e-04
-4.4702029248e-03
-1.7601255475e-02
1.0419717701e-02
1.9177154165e-02
-1.9399439660e-02
-1.0165868435e-03
6.5081506430e-04
-4.1567616221e-03
8.4386821075e-03
1.9665478634e-02
-1.4885913969e-02
1.4984752261e-02
-1.3084433801e-02
3.8209756859e-03
1.7670742976e-02
-2.2364664284e-03
1.1423739164e-02
-1.9455201050e-02
1.2076560340e-02
-2.1553852752e-03
1.9768640911e-02
-3.6580527447e-03
-9.4751111112e-03
-1.3435602296e-02
1.2479559608e-02
-1.6954412416e-02
9.2178744408e-03
1.6780870010e-02
-1.7861151336e-02
1.1504755173e-03
-1.0847697337e-02
1.0388886000e-02
-8.5112770136e-04
-1.0880962184e-02
-6.1712307643e-03
3.5496880798e-03
-4.5652220051e-03
1.0102359215e-02
-1.8076252502e-02
2.1643052549e-03
1.8948116547e-02
5.4223204162e-03
-5.2601686170e-03
-9.4109159863e-03
5.6224410976e-04
-7.6094820714e-03
-1.5063763955e-02
2.2996833011e-03
1.0047141979e-02
1.3850758204e-04
1.5145998077e-02
-5.5188328633e-03
1.0096858138e-02
1.8000944933e-02
-1.8114036908e-02
7.0328253342e-03
-2.8305097656e-03
-7.7798766932e-03
-5.3029107198e-03
6.0882814131e-03
-6.4584318579e-03
-1.4174320141e-02
-1.2127626882e-02
1.5202178978e-02
-1.5543853599e-02
1.7778573392e-02
-1.3833446820e-02
8.5170093133e-03
-2.1020238741e-03
1.0790037077e-02
4.5910646812e-03
9.4591592941e-03
1.9086021033e-02
7.2868838728e-03
4.8316013019e-03
1.2623956198e-02
-1.6605328485e-02
-2.4644655284e-03
1.0942146003e-02
1.0566290976e-02
-1.0284151833e-02
-8.2612068519e-03
5.6606264944e-03
9.6904597182e-03
-4.2859161802e-04
-1.8771796169e-02
1.4704393397e-02
2.2035537776e-03
-4.8197210774e-03
-1.3211361820e-02
-1.7088961334e-02
-1.0106875439e-03
8.5686710514e-03
6.2021918723e-03
-1.7568871438e-02
1.3871795257e-02
4.2696210098e-03
-4.5190051310e-03
-1.0122481040e-02
-1.8331898077e-02
-6.8419475213e-03
5.4136658294e-03
-1.8671994392e-02
4.3552315218e-03
1.1713046723e-02
-1.0818223856e-02
8.7674643234e-03
1.2165273122e-04
-1.4206946115e-02
4.9651583713e-03
-1.0822509727e-02
1.3910818466e-02
1.5243862958e-02
-1.9527387906e-02
1.4313538945e-02
1.4528912216e-02
1.1513570140e-02
9.6122521471e-03
5.8808865223e-04
8.6062153794e-03
-4.1464390038e-03
-1.0331745430e-03
-8.5357706206e-03
1.6200119277e-02
1.3702406712e-02
-6.1863848600e-03
-1.3110001004e-02
-9.8358958201e-03
1.6671590707e-02
1.8220460224e-02
-9.5338895136e-03
-2.9001009305e-03
1.3034073869e-02
-1.1589359397e-02
1.4032086369e-03
-5.5347294544e-03
-1.7361704566e-02
4.1106962024e-03
-1.1302292213e-02
8.1830721451e-03
2.0988425932e-03
-1.9377216207e-02
7.4496163878e-03
1.0226070556e-02
1.2018122293e-02
6.7807243229e-03
-1.0363057362e-02
3.8302567969e-03
-1.4116657514e-02
-1.7402669906e-03
9.3569014219e-05
6.4428190158e-03
1.4965338570e-02
9.4136456805e-03
1.2156204767e-02
2.7159415422e-03
-2.9766017234e-03
3.4530337237e-03
5.7969861520e-04
-1.3799857830e-02
1.5468992521e-02
7.6239966151e-03
-1.7563165335e-02
1.9728306826e-02
-7.4199168440e-03
3.1510069081e-03
-1.4686203945e-02
-8.2634892921e-04
-9.0303659917e-03
-2.0234344360e-03
-1.4498788341e-02
-4.9263133906e-03
-1.8542832491e-02
-1.6418331307e-02
9.1559755762e-03
3.9286945881e-03
9.9079596888e-03
-4.7464595108e-03
-9.8946707919e-03
-9.2880153262e-03
1.6182342530e-02
1.3265662061e-02
5.9478992898e-03
3.6957157998e-03
-1.3490638578e-02
-1.0581366945e-02
2.7205269910e-03
-1.5871866300e-02
1.9031436477e-02
1.9413220479e-02
6.3812391608e-03
-1.2329131116e-06
-4.3241131544e-03
1.2676455723e-02
1.7748058403e-02
2.6632497341e-03
1.9336217395e-02
6.8324412910e-04
5.8735755806e-04
-1.8024955776e-02
3.1229625812e-03
1.6964921418e-02
-1.3288670139e-02
-1.5154936598e-02
1.2648573255e-02
-1.9403886740e-02
-1.0799222238e-02
1.5558546484e-02
-1.9348902088e-02
7.6665987140e-03
-4.5624072965e-03
-2.6411791505e-03
-1.5415426777e-02
1.6401630053e-02
3.1692738571e-04
5.2551634898e-03
6.8589213097e-03
2.3243364452e-03
1.2081526720e-02
-7.6614209567e-04
-4.5506468053e-03
-1.9551836685e-02
-1.6655543799e-02
-8.1811317237e-03
-5.0931461502e-03
1.1874383418e-02
-8.4494444544e-03
1.6690767027e-02
-1.0590727956e-02
2.1213007836e-03
1.7142247057e-02
5.9950257075e-03
5.6461313198e-03
-1.6597904685e-02
4.1339002702e-04
-1.8105412785e-02
-6.9648615230e-04
-3.1543934992e-03
1.0043005576e-02
1.4248581991e-02
5.6605810339e-03
-1.2200503553e-02
-7.6267992232e-03
1.4654182786e-02
3.5480637301e-03
1.3282301031e-02
1.1604219406e-02
-1.8605231642e-02
-1.2057770272e-02
1.0923787354e-02
-1.9323932094e-02
1.3412043080e-02
-3.8288918388e-03
-1.2704823016e-02
-5.1976687260e-03
1.2623214209e-02
1.7738336423e-02
1.8099875075e-02
3.5330517230e-03
-2.4986050027e-03
-1.7018684944e-02
-1.9218193620e-02
7.5612643498e-03
-2.5635336540e-03
1.8897764354e-02
6.7376784652e-03
-3.1167279873e-03
-1.6318898775e-02
-1.9478323488e-02
5.8921934345e-03
1.6645594946e-02
-8.0363673367e-03
-1.6538330105e-02
-1.6388149052e-02
1.3628938464e-02
1.9724701626e-02
-1.1008181874e-02
-8.7122985716e-03
1.2310514285e-02
1.6661537659e-03
-1.5977136672e-02
4.5647400075e-03
1.6895793055e-02
3.6592514124e-03
1.0897036975e-02
-1.2226489061e-03
9.1170984959e-04
-1.9398224244e-02
1.0920223165e-02
1.0408351479e-02
-2.8041397274e-03
1.9293904907e-03
-8.2319561976e-03
-1.4366931505e-02
1.3718333023e-03
2.6987220539e-03
4.8732031599e-03
-1.3627775494e-02
4.2773298797e-03
1.1396465604e-02
1.1181793314e-03
1.5974245767e-03
2.3212026225e-03
8.0156055024e-04
5.4111628430e-03
-1.5267468848e-02
1.1655449852e-03
7.2851278366e-03
5.6335486428e-03
1.1263571267e-02
-1.7094086002e-02
-1.8774604985e-02
1.2114030001e-02
-2.8498273550e-03
-5.4791461070e-03
1.3755718195e-02
2.7739877863e-03
1.5871687346e-02
-1.9065054747e-02
3.7880638947e-03
-1.4939832085e-02
1.7730720665e-02
-1.4691958001e-02
1.5247180969e-02
1.0560020503e-02
-5.6597323851e-03
1.3970805098e-02
5.2423895961e-03
3.0924891111e-03
1.3241480551e-02
-1.2529121226e-02
-1.9412298410e-02
1.9111114466e-02
2.1318408414e-03
-1.9766225588e-02
1.7744324201e-02
1.5892893842e-02
-5.2582490639e-03
-1.4431991595e-02
-1.7086413567e-02
-1.5605794307e-03
-6.5754239230e-03
-7.4258166636e-03
1.8293476438e-02
-1.5771742205e-03
-1.7232739059e-03
8.2426536352e-03
6.8385683739e-03
-1.4481210265e-02
-8.1280856177e-03
4.0849271968e-03
1.1362334214e-02
-1.6137120264e-02
6.9189708821e-03
1.3391427292e-02
2.0570326283e-03
-8.7867647136e-03
4.3420668580e-03
3.6888248929e-03
1.7598615330e-02
-2.5703018110e-03
-1.2918953847e-02
-1.4363469004e-02
1.7721005224e-02
-6.6293029451e-03
3.5053950770e-03
-2.0288359960e-03
1.2446510406e-02
1.5265657900e-02
1.6536518003e-02
-9.4266475078e-03
9.2564512391e-03
-9.3439582240e-03
-1.4724386005e-02
1.2932299839e-02
-6.1355421898e-03
-8.2540609321e-03
-5.5573736625e-04
1.3400332941e-02
-7.2415821448e-03
1.1180091651e-02
-1.4943238198e-02
1.3796873563e-02
-1.4338562451e-02
1.3782563469e-02
-5.3132452080e-03
1.3220181465e-02
8.4122647567e-03
-1.9277527351e-02
9.3726933151e-03
-1.7465226760e-02
-4.0280624570e-03
1.7013630779e-02
1.5939056975e-02
-3.5996501818e-03
1.8025565759e-02
-1.6256737197e-03
-1.1549115232e-02
-1.4559502817e-02
1.3904732723e-02
-1.1998918677e-03
-1.2894987016e-02
-1.3481799984e-02
2.3996003303e-03
-6.8760657646e-03
8.8447799937e-03
1.1501898551e-02
-1.9797725362e-02
-1.6441623722e-02
8.0682595132e-04
1.7812794719e-02
1.2673083400e-02
-1.2689271223e-02
7.5538922136e-03
8.6830703773e-03
-1.0385180983e-02
-1.4550011160e-02
-3.2125881098e-03
-4.4205570395e-03
1.7358415586e-02
1.6967839280e-02
1.1793652109e-02
-5.0743350368e-03
-7.4118701639e-04
-1.7643301849e-02
-5.9427091649e-03
2.4983306651e-03
7.9205980161e-03
1.7951654809e-02
-1.6341327096e-02
2.9744378840e-03
1.8988982737e-02
4.4167364174e-03
1.3753620226e-02
1.5436343195e-02
-1.5631707912e-02
1.2651264565e-02
-1.6553054060e-02
-1.2562808863e-02
-1.6765166894e-02
1.5204477621e-02
9.7547269949e-03
-1.0903489307e-02
1.2677618522e-02
1.1757803691e-02
-1.7870395535e-02
2.7804750610e-03
-1.2015617179e-02
-1.8686878245e-02
-1.7164793071e-02
-2.7924813051e-03
-7.4435959218e-03
-1.9411766528e-02
1.8279244150e-02
-9.7429725808e-03
8.0264424771e-03
1.9518970446e-02
-1.6535051800e-02
1.6720043838e-04
1.1408303473e-02
2.4709751342e-03
-6.9108478132e-03
-8.2785772601e-03
1.2429126694e-02
-1.4366030157e-02
2.6994790202e-03
-1.2669913729e-03
3.7239231334e-03
2.9233739416e-03
1.4608180480e-02
-3.5149993466e-03
-1.4739797534e-02
-9.7163664463e-03
1.8261995456e-02
1.0639644300e-02
-3.4632158767e-03
9.3080982828e-03
1.8373446651e-02
1.1721261359e-02
5.8681605032e-04
-1.4349972910e-02
-1.0346030586e-03
1.2190939281e-02
1.2437471610e-02
-1.6694301601e-02
1.6067861250e-02
9.0141143720e-03
-1.7171070565e-02
-9.6873228752e-03
-1.8183842554e-02
-5.9281996564e-03
2.4592136335e-03
4.4309548745e-03
-1.1128838454e-02
-1.2672964612e-02
-1.2691173278e-03
-8.1292032560e-03
1.8832808102e-02
1.1346862254e-02
9.1348813057e-03
-2.4859841895e-03
9.6071653484e-04
1.5252357967e-02
-1.0321736831e-02
1.4854284501e-02
-1.3944642716e-02
1.1975872697e-03
-3.7747371608e-03
-9.0796601835e-03
1.8268008338e-03
-1.8443288283e-02
-2.8293229795e-03
-1.2249754492e-02
1.9181475696e-03
1.9589057481e-02
1.9858234898e-02
1.5639830023e-02
1.7237957579e-02
1.3519292928e-04
1.8864987205e-03
1.8706920200e-02
-7.2832203507e-03
-1.0885939782e-02
1.6845493609e-02
1.1911745044e-02
5.2248790768e-03
1.3992386251e-02
-3.7643122926e-03
-1.4484010178e-02
-1.8102686307e-02
-6.6403001389e-03
-2.1793568682e-03
-2.2266599753e-03
-8.9319912479e-03
-1.7995161893e-02
-5.5957566354e-03
4.7949851559e-03
-5.9024312854e-03
-5.4311168310e-03
-4.1173642399e-03
-1.1760400663e-02
-1.2689109525e-02
1.2986077967e-02
3.7626648051e-03
1.6336861065e-03
-6.6677400761e-03
1.0626390971e-02
-1.5714394736e-02
-2.6461969944e-04
7.9934869139e-03
9.2247948133e-03
6.6432964772e-03
4.0035364335e-03
1.5579328607e-02
-1.6010805085e-02
-1.6666613520e-02
-1.5995317560e-02
1.1156367215e-02
1.7656151470e-02
-1.6209811091e-02
1.9451208617e-02
-1.9236135738e-02
-6.8586415632e-03
-8.2027224588e-03
1.7697179152e-02
7.2790865269e-03
-1.7840663586e-02
8.1078875593e-03
-1.3272396435e-02
-1.9048279701e-02
8.6834703746e-03
-5.1620385291e-03
-1.0647686328e-02
1.2702905512e-02
1.7286701282e-02
7.9453038992e-03
-1.6673686897e-02
-1.2914940715e-02
-1.9973998698e-02
-1.6692279975e-02
-1.4590673392e-02
-2.4905047115e-03
-7.4501196191e-03
1.1755450040e-02
2.6356122963e-03
1.4876917589e-02
-1.7619158622e-02
-1.3683652920e-02
-3.2927695633e-03
1.2498240977e-02
1.6758914307e-02
-1.6842403615e-02
-1.5560248096e-02
-1.1416048746e-02
8.7789702208e-03
-1.2676288811e-02
1.5140311523e-02
1.8664496481e-02
6.1870544214e-03
7.4557443226e-03
-9.6148131966e-03
5.3486606153e-03
4.7054083168e-03
-1.8720375169e-02
-8.6992180217e-03
1.8234465669e-02
-3.0749228600e-04
1.0599398745e-02
8.1673789594e-03
1.3780992368e-02
-1.4521763936e-03
2.0297813563e-03
1.7230013118e-02
8.3318795988e-03
3.5954876763e-03
-5.3537009228e-03
-1.8877986695e-02
-1.0776015321e-02
1.0039844462e-02
-1.7369485781e-02
-1.9611090129e-02
-4.2931833005e-03
1.8295704924e-02
4.8816279221e-03
1.8793388994e-02
1.0914454079e-02
-1.9511807202e-02
7.6011749796e-03
3.1591284628e-03
-1.9879832185e-02
-6.0716077310e-03
1.7507507214e-02
1.5131475095e-02
-2.8636702759e-03
2.5929141390e-04
7.9491877473e-03
1.0412683274e-02
-1.7423621395e-02
1.7104426920e-03
5.0744398276e-03
1.6394291250e-02
1.8216470248e-02
1.9619426028e-02
-6.5275705217e-03
4.6149449398e-03
1.5676275544e-02
1.8393774195e-02
-5.6330331129e-03
1.0398607776e-02
-1.0254760710e-02
-5.0480071646e-03
2.6832882585e-03
-1.4139682935e-02
-5.5461605227e-03
-1.7173532834e-02
-1.7627004860e-02
1.8550164249e-02
2.7757793488e-03
3.1043612996e-03
5.7650128064e-03
-4.0886615005e-03
-2.8610733322e-03
1.6560286852e-02
1.2969912156e-02
-1.7648407497e-02
1.8694127759e-03
8.6851529596e-03
-8.9997402943e-04
-1.8236446745e-02
7.8180738972e-03
-1.0334563554e-02
-8.4072068305e-04
-9.3177647309e-03
7.2087231652e-03
8.6662578254e-03
1.8256666129e-02
6.4884943348e-03
2.8110399390e-03
-8.4409587661e-03
3.2421266135e-03
1.8527206178e-02
-5.0012544209e-03
-1.0998868042e-02
-1.9888836624e-02
-3.6893950150e-04
-4.9209219936e-03
1.3922649874e-02
-1.3712978561e-02
-6.8763306713e-03
-1.1281351697e-02
5.3153241718e-03
1.3137690726e-02
-1.7084858569e-02
-1.1499337260e-02
-4.8206823131e-03
-9.7958451122e-03
1.5953757879e-02
-1.2654204283e-02
-1.5769285423e-02
1.4895565077e-03
-1.2649189954e-02
-1.7554067782e-02
-1.2529193562e-02
1.7880998126e-02
8.0982580123e-03
-1.4021934802e-02
1.1571073002e-02
-7.6913892236e-03
1.4240458636e-02
-1.7210239763e-02
9.4891508780e-03
-1.8722068199e-02
-1.8406647252e-02
1.5801208583e-02
-3.1298062685e-03
7.0706758041e-03
-5.7532202469e-03
-1.9775256027e-02
1.0572217095e-02
1.6405545341e-03
1.6540979866e-02
4.1746981540e-04
-1.0280971225e-02
-1.3941327665e-02
1.6114116644e-02
-1.6464550083e-02
-4.2967169153e-03
-1.1202237965e-02
-1.4556756730e-02
1.7100735607e-02
-8.7364045094e-03
7.1335313721e-03
1.8307510905e-02
1.6941184673e-02
-1.7384581762e-03
1.0169483684e-02
1.9840899874e-02
2.2593420118e-03
1.9280862374e-02
-1.9540955653e-03
1.4288394620e-02
1.4428150113e-02
-1.6490926394e-02
3.7367635181e-03
3.7438678059e-03
-3.0600907470e-03
-1.3300516190e-02
-1.8142951658e-02
1.8130050255e-02
-1.0389224464e-02
6.8414586199e-03
1.5292213017e-02
1.1893580260e-02
1.5389771668e-02
-1.4341387910e-02
-5.1982401747e-03
8.2643007831e-04
-1.6890492661e-02
-1.5222501805e-03
-1.4653081030e-03
-1.9013435634e-02
3.8335094232e-03
-1.9956105081e-02
-2.2032934086e-03
-1.6366635620e-02
-6.2299100036e-03
-1.3515894346e-02
8.5477703070e-03
2.0292305965e-03
-1.2762698177e-02
-2.7420366703e-03
1.8297408571e-02
-1.6041013704e-02
1.1810467722e-02
9.0222861350e-03
-1.3163328449e-02
-5.8971342722e-03
1.6415430762e-02
1.1427053846e-02
8.9015888359e-04
1.6394432929e-02
8.9115759743e-03
7.4558181661e-03
2.6217356606e-03
-2.6506060045e-03
1.0912102196e-02
1.2531561748e-04
-1.1542560001e-02
-5.1428647839e-03
2.0095230790e-03
-1.6737878701e-02
3.5416504385e-03
-7.4821059200e-03
9.9849863242e-03
7.6106953540e-03
-1.1821928121e-03
8.1591083678e-03
-1.6232145017e-02
2.2405187836e-03
-1.8221717266e-02
-1.7986242846e-02
1.9696611694e-02
-6.4132249602e-03
-1.0546672798e-02
1.3991200225e-03
1.2331833452e-02
4.1549554044e-03
-1.1362110952e-02
1.8995559153e-03
-4.9824915502e-03
1.7704193638e-02
3.4081277508e-04
3.2753784894e-03
1.5968587450e-02
1.2148232910e-02
-8.9555611218e-03
1.8457797135e-02
-7.5603303712e-03
-1.7863182230e-02
-1.6161020698e-02
5.5654529873e-04
-1.3275145673e-02
1.0159710192e-02
-1.3499456942e-02
-1.7841026432e-02
2.0479936045e-03
4.6016762538e-03
1.4661831044e-03
5.0108822962e-03
1.3547306353e-02
-1.0854461451e-02
6.4994144277e-03
-1.3780517560e-02
-9.9215191338e-03
-8.9030276898e-03
-5.0901234525e-04
-8.8495550588e-03
-1.1543099364e-02
-1.4732836209e-02
9.9722429694e-03
9.9602512949e-04
-1.5611750464e-02
-3.1415927488e-03
1.8139452623e-02
-5.6039382287e-03
4.0977387758e-03
-1.2148676604e-02
-1.9591684737e-02
-1.4938680310e-02
5.0921111509e-03
-1.9478169344e-02
-1.8555372764e-02
-1.1685694164e-02
-1.7971693195e-02
1.7484184716e-02
7.8351420609e-03
-1.1239299222e-02
-1.4751978180e-02
8.6775807854e-03
-7.8919124849e-05
1.4019459465e-02
-1.4912315400e-02
1.5032420785e-02
-1.0252029785e-02
8.7140933257e-03
-1.8342846662e-02
1.1073843765e-02
-1.4774288981e-02
-1.6258517975e-02
-6.5813941102e-03
-1.8118606684e-02
-9.8613737834e-03
-1.2118341922e-02
7.2872772766e-03
1.2995138185e-02
-6.2226260557e-03
1.1721887766e-02
-1.0767635126e-02
1.3127072287e-02
-1.7232777299e-03
-5.7656430012e-03
1.6123734589e-02
-1.6161847827e-02
1.4907628966e-03
-1.4719233284e-02
-1.7158493494e-02
-1.9083289608e-02
-1.3524034920e-02
3.9285981922e-03
-3.3715770594e-03
1.5338415746e-02
7.4315088923e-03
9.6918541414e-03
-1.2129416172e-03
-4.8751956626e-03
4.3247383955e-03
1.4424024208e-02
-1.3635145848e-02
9.9629673230e-03
1.2354371602e-03
-1.5226734595e-02
1.1406327793e-02
-9.4531740999e-03
1.3685874333e-02
9.6749620262e-03
1.2847118460e-02
-1.7324766630e-02
-4.5160250688e-03
-1.3511905625e-02
2.6995635275e-03
1.2058337590e-02
-1.1879037637e-02
-1.5259382302e-02
-5.2608489573e-04
4.3488459550e-05
-5.3243004066e-03
2.2872018471e-03
-5.2570238802e-03
1.3649542456e-02
1.3657384208e-02
1.6296447037e-02
-1.5798169511e-03
1.0125716888e-02
1.5636989486e-02
-4.6734114784e-03
8.0170483571e-03
1.7194462166e-02
-1.6635493168e-02
4.8579955226e-04
-4.2513443941e-03
-5.5331799208e-03
-7.8721321877e-03
-8.5224110547e-03
1.0522682602e-02
-9.8105712830e-03
6.2410834539e-03
-2.3609891637e-03
-2.7405928399e-03
1.9187862634e-02
7.3943124134e-03
4.1863664300e-03
-1.2457419420e-02
-1.1011210809e-02
-3.3267094660e-03
-1.9658554404e-02
5.8889292492e-03
-4.9228473999e-03
-1.8553864390e-03
-1.4820969151e-02
-1.3242267851e-02
-1.4612414708e-02
1.5282567988e-02
-1.5301154230e-02
-8.1792914961e-03
-1.4125677867e-02
-1.1342314248e-02
-3.5625735922e-03
-1.4502182627e-02
1.3149945956e-02
-6.2590933022e-03
6.1818410620e-03
7.8170535924e-03
-9.3377978583e-03
-1.3947776824e-02
7.1671120866e-03
1.4006014321e-02
5.4492887516e-03
1.8198391211e-02
1.3520377084e-03
-2.8030754651e-04
1.9453147231e-02
1.8014840390e-02
4.7079700524e-03
9.5962117978e-03
1.7212206247e-02
-1.4099243689e-02
-1.0395916783e-02
-7.5546038427e-03
1.2826424453e-02
-1.6614584429e-02
4.0314053210e-03
7.3079312981e-03
-9.4532113610e-03
-1.1959472132e-02
-6.4465809450e-03
-1.0423122380e-02
-1.4640883887e-02
1.8627750266e-02
1.9572956050e-02
1.7889388043e-02
1.8964332628e-02
-1.2533640299e-02
-5.3746680419e-03
-1.7695872377e-02
1.2651500809e-03
-1.1003486143e-02
-9.5703181776e-03
-1.1907724753e-02
1.2609460960e-02
1.2356672492e-02
-1.0364574767e-02
-1.6852576820e-02
1.3378153254e-02
1.3933579525e-02
1.1600799857e-03
-3.7732884204e-03
-5.0455179870e-03
8.7507189116e-03
-5.2082026411e-03
-1.3238207166e-03
9.1105682821e-03
1.6645504144e-02
2.5486194119e-03
-9.2574803533e-03
-6.7669931662e-03
-1.8587436076e-03
3.4730606413e-03
1.5796579635e-02
1.1899505255e-02
-9.2699534530e-03
1.0883547349e-02
1.6059511279e-02
5.4291133092e-03
1.7879577637e-02
-5.5802956322e-03
-1.0402833391e-02
-5.1712469565e-03
-1.1124745038e-03
1.4289853952e-02
-4.2789014022e-03
1.7247732201e-02
3.7858893803e-03
1.1159014175e-04
1.8491005244e-02
-1.7456714382e-02
-1.1655130414e-02
-8.7857120852e-03
-1.6836853869e-02
-6.2696980579e-03
-5.2024364405e-03
1.4194571071e-03
1.6330349150e-02
2.9074610269e-03
1.7011721384e-02
1.7473859971e-02
1.6682601255e-02
-7.7460201061e-03
-1.6498465593e-02
-6.3323804184e-03
1.0416712880e-02
3.8377818890e-03
-7.0761398117e-03
1.7598055414e-02
3.0286632124e-03
-4.1170044833e-03
1.3769579961e-02
-1.2731045749e-02
1.4137942470e-02
-1.0418834980e-02
-1.8719867259e-03
1.9233496271e-02
-1.4531645405e-02
-5.2822909424e-03
8.6961786713e-03
1.9491965210e-02
-9.3721964414e-03
-4.6077614657e-03
1.7325007264e-02
-8.5633909545e-03
1.9907849928e-02
1.8146277745e-02
6.0266061260e-03
3.3408484445e-03
-1.0087505045e-02
1.5890424895e-02
1.7638345485e-02
1.2663120662e-02
-7.9601029227e-03
-7.3306045276e-03
-7.6421492656e-03
8.7357729106e-03
-1.7766538425e-02
2.6628498473e-03
-1.1199571294e-02
1.0812795597e-02
-1.0959781079e-02
1.8442022177e-02
7.2267847966e-03
-1.9277121118e-02
1.3663162725e-03
7.4503376278e-03
-1.5120723100e-02
1.7605867246e-02
1.2878065513e-02
1.6790101876e-02
-1.4316450080e-02
-1.5190109885e-02
-5.2655864567e-03
1.9593117972e-03
-1.6304876531e-02
1.7301280068e-02
-8.7659471278e-03
-1.3743263421e-02
-5.4900757028e-03
1.8778440552e-02
-8.8255939665e-03
1.5850446575e-02
-2.6821771594e-03
1.6233742388e-02
1.1900419134e-02
-9.6095364490e-03
1.3765661323e-02
6.0194739372e-03
7.1485044056e-03
-1.8055622842e-02
-1.1119657934e-04
5.7126325264e-03
-1.3455974200e-02
5.9241899651e-03
1.2634715342e-02
-1.8987397047e-02
1.1614705357e-03
1.1865305406e-02
1.5012483222e-02
1.2814231559e-02
-1.1097424059e-02
-2.2116170934e-03
-1.8813460672e-03
3.0921886653e-03
-3.9877999777e-03
-7.0434479693e-03
-1.2467988969e-02
-1.2787768235e-03
-1.5540995217e-02
1.6441069562e-02
5.8282198988e-03
-1.8134346329e-02
1.0527684876e-02
8.0106384626e-03
1.2611643717e-02
1.2546855938e-02
1.7297161084e-02
-1.7484727793e-02
1.7102862875e-02
-5.3004943354e-03
5.9630863426e-03
6.3314118934e-03
-1.8174788643e-02
-1.8987310254e-02
-1.3920677458e-02
1.4253394509e-02
-1.2872743985e-02
-1.4879057388e-02
-7.6324492138e-03
-7.2084556630e-03
6.5027227541e-03
1.7814521550e-02
-1.5203396253e-02
-1.8941209732e-02
-7.9550432483e-03
1.8706382088e-02
7.6919885849e-03
-1.5063284108e-02
1.6738921469e-02
1.0522553145e-02
1.1634638328e-03
5.1018609685e-03
-1.6526216121e-02
1.9738183965e-02
1.6337324689e-02
-1.2061620616e-02
-1.2075375802e-02
4.8973749119e-03
-5.9574229392e-03
-1.3833012128e-02
1.1022617933e-02
-1.2959589688e-02
8.8338336428e-03
4.0373219981e-03
-1.2540518768e-02
9.0501739476e-03
1.4237807836e-02
1.1363721265e-02
-6.2412240720e-03
8.7654597680e-03
1.8654408340e-02
-5.9100443640e-03
1.5730052549e-02
6.3709553131e-03
-1.1471653906e-02
-1.0614748553e-02
-1.3240961686e-02
5.5974652449e-03
1.0834312980e-02
-2.2922422806e-03
7.9724206376e-03
-1.2395835551e-02
8.8849860531e-04
4.3169487042e-03
-1.9943033073e-02
-5.4563770137e-03
-1.0527432885e-03
7.7397095645e-03
1.5776078040e-02
1.3263866074e-02
1.1274348007e-02
-1.0979926250e-02
-1.0934513085e-02
-2.9271408656e-03
2.9103617370e-04
1.8879714917e-02
-1.2183027276e-03
-1.6334478585e-02
-1.8041802778e-02
1.9044926899e-02
-1.8177532997e-02
-1.2502497915e-02
4.2853717499e-03
1.1516487884e-02
-1.5168273221e-02
2.2665554491e-04
-1.3664203039e-02
1.4141605854e-02
-4.7546806817e-03
-1.6053188439e-02
-3.4431215385e-04
-1.3761163236e-02
-1.6008932783e-02
5.7922464148e-03
1.8086008079e-02
1.9219362305e-02
-1.1109544965e-02
1.8509833979e-02
7.1108363748e-03
5.2848005181e-03
-1.2684599845e-02
-1.6414377402e-02
1.4361205844e-02
6.6488256436e-03
1.3672580609e-02
-2.6103279224e-03
8.2980587369e-03
-9.5144651728e-03
1.4381171542e-02
1.1174028040e-02
-8.6094522467e-04
-7.0275260679e-03
1.0150066096e-02
-1.4759034769e-02
-1.1607192463e-02
1.8794582773e-02
-1.1332362300e-02
7.6340669341e-03
-1.3889349359e-02
1.8091361571e-02
1.6785705898e-02
3.3433080223e-04
5.3896174151e-03
1.0175252738e-02
-8.3185230929e-03
1.9885531114e-02
-6.1557553529e-03
1.9615581235e-02
1.4322573465e-02
2.6429409248e-03
8.6941962885e-03
6.6001620861e-03
7.4131231401e-03
1.4409294779e-02
-1.2854471584e-02
1.8334172473e-02
-3.7989049980e-03
-4.9189224294e-03
1.2842115429e-02
4.7172972539e-03
1.9722323220e-02
-1.1557458528e-02
6.2435886411e-03
1.6008727071e-02
-1.0310273220e-02
1.5883553516e-02
1.1614231682e-02
-8.4846172795e-04
1.1949521376e-02
-1.7333236082e-02
5.9101716026e-03
1.2629056142e-03
-9.1377590904e-03
7.3469682911e-03
-3.2894781954e-04
-1.5818344406e-02
-1.0547409652e-02
-5.7732681364e-04
-7.3897876653e-03
1.4270874130e-02
1.7991115840e-02
1.0886808372e-02
6.1280463820e-03
-7.0416453038e-03
-1.9457917843e-02
6.3996535753e-03
-1.1209938295e-02
-4.5853286461e-03
-3.9482946214e-03
-1.7706723062e-02
1.1381803240e-02
6.5588079093e-03
-1.0830455848e-02
1.3126877463e-02
-1.0589365194e-03
-5.3849993986e-03
-1.7469698097e-02
9.2199028363e-03
1.1630166315e-02
-1.8198682856e-02
-7.2631823267e-03
2.7470788576e-03
1.1971286587e-02
1.7471339591e-02
6.3875293932e-03
-5.2685025077e-03
-2.8752374717e-03
8.8151953422e-03
-1.7119164742e-02
2.6490574379e-03
1.6732479833e-02
-6.3111635059e-03
-2.8693916584e-03
-1.9323720464e-02
1.7333808741e-02
-1.6347040660e-02
8.8358609009e-03
3.6970028236e-03
-1.1539201560e-02
-7.1583779303e-03
1.8848700811e-03
-5.6898919329e-03
-1.2605489474e-02
-9.1358488696e-04
-1.9978882429e-02
-1.4516485626e-02
-9.8551624511e-03
-2.6161283325e-03
-1.3668171565e-02
-1.9403642693e-02
4.9099742970e-03
6.0811589647e-03
-1.6156240661e-02
9.1585655992e-03
-1.6407784477e-02
-7.7007600447e-03
1.7632030607e-02
2.8629449736e-03
1.0075910603e-02
-2.8001413030e-03
1.7865396625e-02
-3.8586531690e-03
1.2792121072e-03
5.8906511825e-03
-3.7606623661e-03
2.6557877525e-03
9.2879369097e-04
-1.1375222482e-02
-1.3401052527e-02
-3.7802013958e-04
-6.4509086867e-04
-1.6803883076e-02
4.0776848749e-03
1.0819649454e-02
-1.4725935627e-02
6.0813726155e-03
6.9980033531e-03
-1.8867265147e-02
1.8365753096e-02
7.8181149294e-03
1.8553389171e-02
1.3906063502e-03
-9.9382709004e-04
1.7878649891e-03
-5.9033250102e-03
1.3626402806e-02
1.7438775363e-02
1.7628184745e-02
7.3975117718e-03
1.6004368936e-02
7.9313435236e-03
-7.6493045083e-03
-1.5388474583e-02
-1.6332179418e-02
1.0798535759e-02
-6.8473731551e-03
-1.2464956036e-02
1.8152516935e-02
6.8845396415e-03
1.1425508433e-02
5.4773677393e-03
-1.2732439866e-02
-1.5012431400e-02
-1.8172772479e-02
-1.5157944683e-02
-1.7229876711e-02
1.3686596162e-02
1.0983829602e-02
-5.4840183033e-04
-4.8745628380e-03
1.9727492715e-02
2.5216143251e-03
-1.7562077047e-03
1.6866432811e-02
-8.0248236451e-04
8.4386578351e-03
-1.9952375549e-02
-3.1654042100e-03
2.4504960967e-03
-4.1742711347e-03
-7.6325268910e-03
6.6152512319e-03
-2.5896625231e-03
-3.9634521908e-03
2.8958342814e-03
3.7234343440e-03
1.6934289726e-02
1.5392540676e-02
-1.6438924545e-02
1.2648629606e-02
-4.5737231104e-03
-6.0976506988e-03
7.6250484558e-03
-1.8649011178e-02
1.4316037992e-02
-1.8678950064e-02
-3.7317582237e-03
-5.8798669831e-03
7.9612637224e-03
-1.1896091106e-03
-1.8494597796e-02
9.5645911652e-03
1.9002059779e-02
2.6018522461e-03
4.6583480199e-03
1.8515442152e-02
-2.3448228600e-03
-1.5603601669e-02
5.3995894091e-03
6.0029543513e-03
-1.4505872557e-02
7.8378174842e-03
-1.1090393567e-02
-1.1764453933e-02
7.7888597163e-03
3.7425781685e-03
8.7606337690e-03
-1.2830149720e-02
-6.0094171434e-03
-1.3539520046e-02
-1.3555908959e-02
-3.4589813130e-03
-1.1745197348e-02
-8.0116134182e-03
1.9497925663e-02
1.4133014773e-02
4.5632607609e-03
1.6646605588e-02
4.8305969983e-03
2.3836445333e-03
2.7966710220e-03
-6.5840322936e-03
-4.2611630712e-03
1.6904129768e-02
-3.4420997925e-03
-2.6150187111e-03
-8.0585157954e-03
-6.7836967845e-03
-9.5309910552e-03
1.6045062823e-02
1.6933830468e-02
9.8131615583e-03
-7.7043379220e-03
-9.7040853543e-03
-1.7080242696e-02
1.5867514105e-02
4.4794685010e-03
-4.1791228743e-03
1.7120121301e-02
3.5635305180e-03
1.0119259837e-02
-1.0301677634e-02
8.2274880841e-03
1.4308993893e-02
-8.9684821432e-03
-1.9643839344e-03
-1.0943401881e-02
1.5236701152e-02
1.5082937005e-02
-9.4482257911e-03
1.0329815027e-03
7.0408653726e-03
6.2953065931e-03
2.4542895470e-03
-1.4155834250e-02
-1.8090230646e-02
-6.8724797665e-03
-3.1948703145e-03
4.2175500759e-03
-9.1887839927e-04
1.7407170301e-02
1.9533086889e-02
6.7603143506e-03
1.3271440990e-03
1.0821481014e-02
8.9539843280e-04
1.4325343649e-02
-9.2156511248e-03
-1.0032911254e-02
-1.5855546305e-02
-1.9680956007e-02
1.5768648911e-02
2.8402779834e-03
-1.4836449605e-02
7.6508778850e-03
-1.5394258839e-02
-8.5051215837e-04
-1.8265930868e-02
-6.9270606931e-03
1.5969511226e-02
7.4288467996e-04
-1.2291344319e-02
5.2118902534e-03
1.1374760393e-02
-5.1782389472e-03
-1.0952947139e-03
3.4242046272e-03
1.4365740352e-02
-1.4973562349e-02
-1.0222645995e-02
-1.8283570617e-02
-8.8744933704e-03
-2.6865077471e-03
-7.8245331700e-03
1.7156015654e-02
-1.4064731978e-02
4.4375366638e-03
2.6629412337e-03
1.2918420442e-02
-1.4342594177e-02
9.4918685778e-03
-5.7691400925e-03
-1.4545583195e-02
-1.5408050357e-02
9.3535545062e-03
-1.5411626299e-03
1.4338867186e-02
1.4572765933e-02
1.1506005248e-03
3.7962238168e-03
-1.2387416562e-02
3.2940111570e-03
5.1201777689e-03
1.3583315453e-02
1.8553694487e-02
2.2150894820e-03
-2.7902352897e-03
1.2246577167e-02
1.6907915048e-02
4.3793577607e-03
1.7775273344e-02
-9.5563415570e-03
-5.5801515125e-03
-8.0662145647e-03
-9.6250037266e-03
-6.9097568403e-03
-4.4845482048e-03
-1.6614317276e-02
-1.1087108572e-02
1.6815902444e-03
-5.1605355596e-03
1.5400720300e-02
-8.1350636809e-03
-1.2657312992e-02
1.3152542832e-02
-1.3697146793e-02
6.8299403014e-03
-1.4570725550e-02
1.4319010451e-02
-1.2203887907e-02
-1.6992281995e-03
-1.2675536196e-02
-3.7369012213e-03
6.2409311854e-03
-1.9251337260e-02
-1.0720372002e-02
-1.9695101040e-03
3.1778226542e-03
1.7738781615e-04
7.7258573993e-03
1.2039849954e-02
-4.1501975711e-03
1.2862176162e-02
1.3247804352e-02
-1.8693218365e-02
1.1658789188e-02
1.9543063328e-02
6.0450042229e-03
8.4302248680e-03
1.5887455684e-02
2.7632346333e-03
-8.7768088635e-03
1.0130529577e-02
1.8370531812e-02
-1.3880374466e-02
1.2188706891e-02
-1.6413176761e-02
6.5065669931e-03
-5.0817804392e-04
1.5570742871e-02
-1.7423548262e-02
-9.4601615702e-03
1.9741879713e-02
-7.9160770154e-03
1.3658895587e-02
-1.7662185980e-02
-1.0864764292e-02
1.1757568655e-02
1.3388607313e-02
1.7889967277e-02
-1.3465219092e-02
1.2602669465e-02
4.3800780011e-03
-8.7867631250e-03
-4.3662621563e-03
-1.2753038869e-02
1.0064258080e-02
9.1933086133e-03
1.0155667937e-02
1.0351038921e-02
-1.2041186928e-02
-1.4660937333e-02
1.9760651336e-02
4.9443393329e-03
-1.0649075207e-02
-1.4548313017e-02
-1.4622318050e-02
-3.9490933497e-03
1.9660260411e-02
-1.1378950416e-02
1.5112588707e-02
-1.0811127120e-02
-1.1221616507e-02
-9.8544444417e-03
-1.2621589181e-03
-1.7291167458e-02
7.6903203496e-03
6.8131008449e-03
-2.8889486839e-03
-1.7482300504e-03
1.7312587147e-02
-1.9571753312e-02
1.4236111172e-02
-1.4320221908e-02
-8.6447518776e-04
4.3984461866e-03
1.0036150460e-02
-7.3924519869e-03
1.5945800170e-02
-1.7733378657e-02
-8.8802395339e-03
-5.1921957104e-03
-1.7757998384e-02
1.7662485213e-02
-1.3078337637e-02
-1.0766786118e-02
3.2688482273e-03
1.0783298987e-02
1.2642589357e-02
-1.3174907197e-02
-1.8838264580e-02
-9.1658706317e-03
1.6715992078e-02
1.1696150342e-02
-1.8133331499e-02
1.6073504972e-03
-1.6618934071e-03
1.7861920587e-02
1.1982196743e-02
1.2379977030e-02
1.1886530816e-02
1.6690853170e-02
-1.9344579252e-02
-1.8312446124e-03
-1.3478229357e-02
-1.3463736575e-02
1.1882747451e-02
-8.2930368030e-03
1.5243201665e-02
-1.7660412359e-02
1.2572968268e-02
8.8884936016e-03
1.6651672969e-02
-9.6422598778e-03
1.5323912962e-02
-1.4972020001e-03
1.1047516453e-02
-1.5936388424e-02
1.6693771027e-02
5.6877245414e-03
7.6393528268e-03
-7.1554029510e-03
-9.5819957811e-03
-1.5765166097e-02
1.1466389547e-02
4.0288084554e-03
1.4490620846e-02
1.7026372332e-02
-1.7998142425e-02
-5.6095696569e-03
1.6649595581e-03
1.4729174591e-03
1.6819927824e-02
-1.3836553458e-02
7.1055303422e-03
5.1568922843e-03
-6.4208640141e-03
1.4888393858e-02
-1.7436439639e-02
-1.3777926470e-02
3.9518880964e-03
1.2106578039e-02
3.3973311728e-03
7.5237036774e-03
-4.5889045613e-03
1.0329978029e-02
-8.7301031612e-03
-9.8111015812e-03
2.8532943866e-04
9.5799038254e-03
1.7886172607e-02
-5.8128856149e-04
5.0880420767e-03
-1.9452194651e-03
1.0776838941e-02
-1.6947634281e-02
-1.2547725409e-02
-1.4800370906e-02
-1.6561892933e-02
-1.8114148939e-02
1.2366340929e-03
1.8640410457e-02
-1.8321454753e-02
7.8755630096e-03
1.9300808516e-02
2.1119566011e-03
1.2293696677e-02
9.7098912639e-03
-1.8000135222e-02
1.6653231350e-02
1.9039918750e-02
-1.7042643590e-02
1.4202309862e-02
1.4518154509e-02
-6.1074963470e-04
7.7434381950e-03
1.1917509922e-02
1.7301296063e-02
3.9305693361e-03
-5.8991288830e-03
3.5102781569e-03
4.7770543746e-03
-9.9272338467e-03
-5.8016141718e-03
3.9271048660e-03
9.4087460297e-03
1.5895995427e-02
-1.5624321254e-02
-1.5919053503e-02
-1.2979884403e-02
1.6212641445e-02
1.7813857909e-02
9.9375317259e-03
-1.0009066397e-02
2.3022524877e-03
-1.2728483926e-02
-1.9141439390e-02
1.4286200490e-02
-1.4013859289e-02
-1.5480525084e-02
-1.2954097278e-02
7.1650881530e-03
7.4039685163e-03
-9.5730767873e-03
1.5162802829e-02
-4.6999943703e-03
1.8324560878e-02
1.6350865124e-02
9.6015163469e-03
-1.9939690920e-02
1.5831386496e-03
-1.2179919421e-02
1.9046478954e-02
-8.2228942805e-03
-2.2872552642e-03
1.6193742702e-02
-1.9259132652e-02
8.8134062474e-05
7.4259743067e-04
3.4298288799e-04
3.2044243581e-03
-6.7762550677e-03
-9.1615150974e-03
-1.9167617618e-02
-1.3351595697e-02
1.4407256059e-02
4.5539866934e-03
-4.8990736109e-03
2.9947360884e-04
-6.0255652453e-03
4.4830974239e-03
1.4998238776e-02
-1.2421340410e-02
7.2748400117e-03
-1.2659214217e-04
4.9565618342e-03
1.6150949950e-02
-4.1095619121e-03
5.3864334994e-03
-1.1631877077e-02
1.7905145847e-02
3.9093064490e-03
-7.3387037474e-03
-1.0673141698e-02
-1.2600538894e-02
1.6851276010e-02
-1.0333879832e-03
1.1791616133e-02
-1.3599281039e-02
-5.6522910097e-03
-1.3855561609e-02
-3.2655656098e-03
1.5432890177e-02
-6.0284127168e-03
-1.6651401776e-02
1.2380848409e-02
-1.4647150925e-02
6.1647931841e-03
2.9081847445e-03
1.7097857940e-02
-1.3963624956e-02
-8.5664987215e-03
-1.7146565222e-02
1.6962422092e-02
1.8202009776e-02
1.0744197193e-02
-1.1265347885e-02
-1.3934609416e-02
-7.2901554955e-03
1.0298033555e-02
8.0452569072e-03
-3.9110722445e-03
-2.5643342005e-03
-1.4691058790e-03
8.8080620206e-03
-1.3833226965e-02
-3.6557781183e-03
1.3066725618e-02
8.9087946107e-03
6.5632122052e-03
1.8158214146e-02
-1.8290184012e-02
-4.9206715596e-03
-6.5910200288e-03
-9.6316422154e-03
5.7488233658e-04
5.8522852268e-03
2.0489935099e-03
-1.6116158308e-02
-1.1809491299e-02
-1.5721234017e-02
6.1880512650e-03
1.0411324755e-02
-1.8382100152e-02
-9.0955458361e-03
1.3773077284e-03
1.4039658077e-02
8.1748991774e-03
-1.3718643169e-02
1.2756881905e-02
-1.6651681609e-02
1.4020149157e-02
-1.6225551382e-02
1.3153427593e-02
1.1284438692e-02
-5.1154721531e-03
-8.1570990350e-03
6.5098511910e-03
1.5337431166e-02
8.4491519250e-03
1.5330562453e-03
1.4789208005e-02
1.7375947288e-03
1.4314185081e-03
1.9657357753e-02
-8.0818298776e-03
-1.9662556021e-02
1.0543036635e-02
-1.5610588929e-02
-6.9313352519e-03
2.2508807591e-03
-1.7660494331e-02
-7.6278445158e-03
-7.7762118727e-03
-1.4657391358e-02
1.3472806714e-02
-1.9961600291e-02
1.1784498509e-02
-1.2893545458e-02
1.7122745962e-02
1.6622651199e-02
-8.6879300402e-05
5.5312378777e-03
-7.8233830793e-04
1.3276332114e-02
8.3123902300e-04
1.1037535291e-02
1.8390509006e-02
5.5122352844e-03
-8.7292409105e-03
1.4808651328e-02
9.9573732349e-03
1.1002831681e-02
-1.5249921800e-02
-2.5862235653e-03
-1.4827952916e-02
-8.1522280996e-03
-1.2788296011e-02
4.4206002775e-03
8.5943606288e-03
-2.5552514766e-03
-1.4206777162e-02
-1.6995851340e-02
-1.2679130728e-02
-7.7744690507e-03
-1.7441446172e-02
-8.6271157375e-03
4.4693694272e-03
1.2759015611e-03
1.1833507410e-02
-1.5489284014e-02
9.3095569270e-03
1.7506436262e-02
1.6681463087e-02
2.7340783991e-03
1.4474892825e-02
1.4633643959e-02
-1.6398095944e-02
1.4508034174e-02
-2.1394598027e-03
1.3015294004e-02
-3.7499491608e-03
4.3764145953e-03
1.9070569161e-02
-8.8925967886e-03
7.6261876604e-03
-1.6138596937e-02
-1.3564654138e-02
7.9323587415e-03
-1.5564253409e-02
1.9821098506e-03
-1.7719477648e-02
1.5007335374e-02
-3.1100665302e-03
-1.9162529189e-02
7.5275557474e-03
-1.3276339857e-02
-1.9914762061e-02
-1.9784694210e-02
1.7449847816e-02
9.9198297147e-03
1.5696547439e-03
-1.2264328437e-02
-4.1588133012e-03
1.4918727009e-02
-1.9846046173e-02
5.2723321457e-03
-6.9345015855e-03
-1.2821582773e-02
-1.0229128335e-02
1.1784064469e-03
-1.0602267519e-02
8.3913749462e-03
1.7412702249e-02
2.1260290411e-03
-1.3526447140e-02
-3.2828060262e-03
1.2412668650e-02
-1.3163356286e-02
1.1134136487e-02
1.0692254785e-02
-1.7502089423e-02
-1.9559254056e-03
1.3592748933e-03
-2.7121781814e-03
1.2905398148e-02
1.0251460503e-02
1.7342495395e-02
1.4311782785e-02
-1.2907583760e-02
2.2324001768e-03
1.5581415655e-02
1.5280565283e-02
6.4066532080e-05
1.5718273337e-02
6.9269978373e-03
1.5310558069e-02
-1.1846134599e-02
1.2582294489e-02
-3.6996382773e-03
9.8793530712e-03
2.2632728106e-04
5.3999895197e-03
1.5330912957e-02
1.8539002997e-02
1.6522038225e-02
1.0001701363e-02
1.0718545438e-02
-1.2918674827e-02
-1.8049680874e-03
-1.0086713602e-02
2.0859990432e-03
1.8605289691e-02
-1.5653593540e-02
1.8925899885e-02
-1.2405123366e-02
6.5529604274e-03
1.1644077646e-02
-1.1954996616e-02
-1.0975646759e-02
4.3509519554e-03
-1.6034025945e-02
1.6225704101e-03
3.2407245966e-04
1.8832658298e-02
-6.0268953747e-03
-1.2526601416e-02
9.4869248867e-03
9.1329162884e-03
-1.7467972479e-02
-9.2517127831e-04
8.3298829013e-03
1.0570153813e-02
1.7638981551e-02
-1.9208606063e-02
1.8106703429e-02
-7.0886060804e-04
-4.5742901877e-03
6.0257047544e-03
-3.1003225578e-03
5.1659866343e-03
-5.1906371637e-03
3.2800469300e-03
-1.9749042203e-02
1.5954158287e-02
1.5290506252e-03
-1.5981953783e-02
6.1675676147e-03
-9.3439584233e-03
1.0812981151e-02
4.8467964314e-03
-1.3164446930e-03
-2.2162127624e-03
-3.6099376926e-03
-1.5742275363e-03
1.2671908581e-04
-1.5573240116e-02
1.8797479449e-02
-3.2400299372e-03
1.4129151861e-02
5.7300601145e-03
1.6407113352e-03
-8.0436568409e-03
6.4296461634e-03
-1.2872196813e-02
7.0222774198e-03
1.9627030109e-02
1.2876345733e-02
-1.3972988218e-02
-4.3684305618e-03
-5.2544219208e-03
1.8133641130e-02
-4.0298490125e-03
-4.6211115230e-03
-1.3167402860e-02
1.4795104371e-02
2.9898458211e-03
-1.6231968362e-02
-7.0530887102e-03
-1.1834399310e-02
4.6697063766e-03
3.7270645992e-03
1.5644365237e-02
-1.3499694066e-02
-6.9539883067e-03
4.0937588432e-03
6.8464989767e-03
5.1309831847e-03
-1.9638701450e-02
-2.2264940327e-03
-8.0855390767e-03
-1.4539852566e-02
1.4466127040e-02
-1.9101007448e-02
-9.2753170051e-03
-9.9281932631e-04
1.0593287235e-02
-3.5197706750e-03
3.6106267537e-03
1.9880634935e-02
-1.7482834529e-02
-2.4850897270e-03
4.7494356025e-03
-6.2275140834e-04
2.4974346172e-03
2.1298318451e-03
3.8115598134e-03
-7.7202589256e-03
7.1886266762e-03
-9.8035959723e-03
-5.9222666366e-03
4.7122773083e-03
2.8391430629e-03
-3.7748759163e-03
-1.6989281191e-02
3.6235755490e-04
1.2109108152e-02
1.2079306395e-02
1.3879195542e-02
-1.5498217520e-02
-1.5182667248e-03
-8.4409896019e-03
-1.6665781978e-03
1.7748955676e-02
-6.2654926758e-03
-4.0532801351e-03
3.2609988858e-03
1.2337090532e-02
-1.5727286340e-02
-4.7671743354e-03
1.1056229348e-02
1.3481676662e-03
-9.3911560506e-03
-7.3585161537e-03
1.1693409564e-02
-1.3333388369e-02
5.6003893956e-03
1.2248141585e-02
1.5033531192e-02
-6.9333192811e-03
-1.3163945938e-02
1.3427770700e-02
1.9463406811e-02
-1.3438944102e-02
-1.4418360304e-02
-1.6527628782e-03
-4.1316952109e-03
-8.4048805973e-03
4.0731724804e-03
-1.7551738018e-02
1.3594691320e-02
-1.2834340253e-02
1.3856514792e-03
-9.8934932475e-03
8.0333832037e-04
1.0806897647e-02
-1.9978209270e-02
1.5090392989e-02
2.9253758656e-03
-1.2401844300e-02
6.6290157451e-03
-1.8354039690e-02
-7.0129564252e-04
6.6702916666e-03
1.6342841241e-03
-1.0521552378e-02
3.8001757076e-03
-1.0509272629e-03
1.3336302297e-02
9.7405132636e-03
-1.5760547652e-02
-6.0946806026e-03
1.9369919856e-02
-1.0537503953e-02
-1.4024907075e-02
1.8405253722e-02
1.1532111576e-02
1.6607942883e-02
-1.8110268116e-02
-1.1485837386e-02
7.1862817839e-03
8.8081539841e-03
1.0390891635e-02
-3.8681176001e-03
3.6869549419e-03
1.4777550333e-02
3.8576088416e-03
5.8019725094e-03
-1.9308504191e-02
1.8729637548e-02
-5.7025443353e-03
-8.2886463114e-03
2.3183260146e-03
1.0690164735e-02
-1.2336724155e-02
-2.4690032069e-03
1.6544922188e-03
1.3786829381e-02
1.9621097235e-02
-2.7202718112e-03
2.7792889034e-03
1.0614447629e-04
-8.0590518892e-04
8.8405349589e-03
-1.9219772919e-02
-1.5267393729e-02
-1.1158364528e-03
-3.4221843248e-03
5.7095622431e-03
-1.8603221169e-02
-1.5480056813e-02
1.0004809262e-02
-2.8909282767e-03
1.5542223957e-02
-1.5084990249e-02
-1.0762952187e-02
1.6757359593e-02
-7.8793561609e-03
1.8757157699e-02
-1.4738931775e-02
3.8122403437e-03
-1.8269365611e-02
-6.4208141736e-04
6.6106061169e-03
1.8187685735e-02
2.3450436897e-03
1.7165024996e-02
1.2740008210e-02
-5.0309901938e-03
-7.9646608412e-03
-1.8455225415e-02
-1.4329464797e-02
1.1124750413e-02
-1.5326833927e-02
1.6406447692e-02
4.4512732617e-03
-2.5524816298e-03
-8.9252825471e-04
-7.3829448424e-03
-2.9811916446e-03
-1.2869582717e-02
1.7557628410e-02
-1.2767998539e-02
4.3595364713e-03
-6.7285912526e-03
-1.1381805857e-02
5.4080908440e-03
6.3962606474e-03
-2.4169269821e-03
-1.8824017567e-02
-4.3842402904e-05
-7.8398737289e-04
-4.4480945755e-03
1.6473541524e-03
7.3893719272e-03
-6.9727878653e-03
3.8915089437e-03
4.0312908402e-03
-6.9496964900e-03
-1.6144443796e-02
1.2963579243e-02
-1.0729589601e-02
-1.0991033223e-02
-1.9755734358e-02
1.3217467988e-02
1.8777966242e-02
-8.5012056431e-03
9.1461662494e-03
-1.1273545593e-02
-1.3351034313e-02
1.3155978877e-02
1.5978832720e-02
-1.7745735942e-02
9.6408928183e-03
-4.2245420433e-03
6.3364813283e-03
1.7860194174e-02
1.7220731041e-02
-1.7280421576e-02
8.6852460441e-03
-1.1079429874e-03
1.6925428444e-02
5.6037003229e-03
5.3322932034e-03
-1.4674226956e-03
-1.3717882506e-02
1.0896035812e-02
1.4428683050e-03
1.8231122886e-03
-1.0144769067e-02
-6.1397979988e-03
-7.1605993174e-03
7.0042706493e-03
2.1657539382e-03
-1.3161232418e-02
3.3782373871e-03
-7.7890464156e-03
7.2507139569e-03
-6.1489864767e-03
8.5121061978e-03
-7.4948873814e-03
-3.7567913188e-03
1.9099934549e-02
-6.8923305007e-03
-5.2702642635e-03
-1.6638664172e-02
-1.7337595506e-02
-6.5604701888e-03
-1.7910982511e-02
1.4067179154e-02
-1.8113455664e-02
-7.6594470145e-03
-1.6290154380e-02
-2.0705257493e-03
-7.7097474726e-03
-1.1353629141e-03
1.0587430705e-02
5.5451429530e-03
-5.7351196491e-03
-1.4354157061e-02
-2.4655837197e-03
1.1569758450e-03
9.7339960495e-03
9.2899469423e-03
-1.5514600625e-02
1.1578828646e-02
-1.5502360108e-03
-5.7437152920e-03
-7.9887897663e-03
1.2231106156e-02
2.8430427490e-03
-1.2022448105e-02
-8.4246016003e-03
1.6052080573e-02
-1.1873018731e-02
-6.6651984360e-03
-4.6678438468e-04
1.3726237507e-03
-1.1110178472e-02
-1.5007529399e-02
-1.1289070421e-02
-1.6674164571e-02
1.1500612220e-02
7.5352335575e-03
-1.0414162926e-02
5.7723899249e-03
1.6737766743e-02
1.9216121489e-02
-2.9150393795e-03
-1.8502617325e-02
-1.0226292890e-03
1.3979157476e-03
-1.2996696886e-02
1.6544347571e-02
-1.7267304852e-02
1.1776155583e-02
-8.0323918363e-04
-9.9128657690e-04
-1.9614292894e-02
1.3088396953e-02
-2.6082026410e-03
-7.3612121689e-03
-1.7496204879e-02
-1.2738428973e-02
-2.1931863750e-03
-7.7708174561e-03
-6.9314107800e-03
6.4357531705e-03
1.7063286998e-02
9.1575417597e-03
-6.9476312036e-04
1.2231080170e-02
4.7431500256e-04
-1.5938913372e-02
2.5810023735e-03
-1.5704802765e-02
-3.0057687504e-03
-8.6535299182e-04
-8.2985054614e-03
1.4774261231e-02
-1.3743904602e-04
9.4088266728e-03
-2.2922766977e-03
-4.8440039356e-03
-1.3496588888e-02
1.2362886786e-02
3.5540133512e-03
-1.7387823764e-02
-7.5843345450e-03
-1.1603994127e-02
-4.1578489135e-03
3.5064308657e-03
3.0236703923e-03
1.5546352379e-02
5.1641994100e-03
-2.7995350176e-03
1.8866751464e-02
-6.3417979918e-03
4.3836553656e-03
3.0046226340e-03
1.1611864575e-02
7.5797492376e-03
-1.5513378665e-02
1.2906392204e-03
2.1641434253e-03
-8.1237756375e-04
3.0975776961e-03
1.2516686040e-03
-1.0641898265e-02
1.7244948651e-02
8.3548096837e-03
-1.3450966747e-02
8.1708696738e-03
1.6121031625e-03
-3.6160499860e-03
8.8268884734e-04
1.6184084203e-02
-1.3191952512e-02
-8.2076381475e-03
-8.9225859236e-03
1.7515320335e-02
1.1059159492e-02
-8.0983678641e-03
1.0043303054e-02
1.6037760329e-02
6.7996777937e-03
8.9678858095e-03
3.3135570200e-03
-2.4783831326e-03
2.4416002365e-03
1.5073668471e-02
1.2955408625e-02
1.5593317595e-02
-6.8562633887e-03
8.3991502437e-03
-6.0588208573e-03
7.9597149087e-04
1.7817914342e-02
9.6758902404e-03
1.3703480837e-02
-1.7946314758e-02
-1.4261631050e-02
-2.3557046815e-03
3.3522795030e-03
9.2451231297e-03
4.3681084097e-03
1.5887761015e-02
1.3829133997e-02
1.3543665729e-02
1.2800067406e-02
-8.0304108474e-03
1.6179162823e-03
5.5719100262e-03
1.6292156535e-02
-1.9258714024e-03
-1.6722028416e-02
-1.9424451612e-02
-6.8733520059e-03
3.2239799288e-03
-8.0300519121e-03
1.8619450111e-02
1.7017621496e-02
1.2435407370e-02
1.1596302469e-02
1.1792201378e-02
-1.1755572729e-02
-1.4641023858e-04
1.4953945327e-02
9.2289149610e-04
-4.3512556010e-03
9.3480262304e-04
-1.6679992919e-02
9.0447781139e-03
5.5278128474e-03
-1.1603198192e-02
1.1109958342e-04
1.0079420040e-02
1.3956851225e-02
-1.5436922379e-02
-1.6723358757e-02
-1.0169532415e-02
1.9442859884e-02
-3.3263569048e-04
1.5508234739e-03
-8.9959103032e-03
1.6657423775e-02
3.0575096641e-03
1.5500318653e-02
-1.9093443233e-02
1.1797072773e-02
6.2676468244e-03
1.4658653428e-02
1.3748401618e-02
2.9143460483e-03
1.3836926272e-02
1.3335780533e-02
-2.1882043874e-03
3.0836877367e-03
-5.1837389721e-03
-1.4087721538e-02
1.4457722433e-02
1.6984466738e-02
3.4080446386e-03
-1.1159553581e-02
1.1572745554e-02
-1.6422789208e-02
1.3162356513e-02
-7.4767611192e-03
1.8370256974e-04
1.0034319169e-02
1.0181766666e-02
-1.4128220197e-03
9.9600902235e-03
1.0752088081e-02
6.7574382777e-03
-1.2193645201e-02
6.9333819731e-03
-1.9200992362e-02
9.7765282159e-03
-1.5125578470e-02
-1.0354755286e-02
3.3797210693e-03
-1.9582590685e-02
1.8341037887e-02
1.3055304067e-03
1.4113251142e-02
1.9390354894e-02
-7.7050491767e-03
5.8527323205e-03
-7.3940353544e-03
-1.5149496721e-02
8.9402778228e-03
-1.8309498556e-02
-1.7637167665e-02
1.2447516108e-03
1.3054071228e-02
1.1904043883e-02
1.4223410339e-02
8.6871543893e-03
-1.8291340088e-02
-6.8903890070e-03
1.5172784369e-02
-8.0265256130e-03
8.5853458825e-03
-1.1736636937e-02
-1.7212848095e-02
-6.2699589334e-03
7.8863998637e-03
1.1480711857e-02
-1.5242600273e-04
-4.8354140647e-03
-3.9177205742e-03
1.6600504351e-02
-1.6845364208e-02
7.6082847561e-03
3.8628003616e-04
3.9833540919e-03
2.7339974777e-03
-1.1640568270e-02
-1.0320220352e-02
4.7472781123e-03
8.1725803039e-03
5.0652531784e-03
1.7821068531e-03
1.9017109535e-02
1.9062887654e-02
1.3662166289e-02
-2.7919277280e-03
-5.3312779567e-03
1.8225055126e-02
-1.9854895277e-03
-1.0147589718e-02
6.0264609260e-03
1.4430967088e-02
1.2816454284e-02
-1.0423648481e-02
-5.0626350400e-04
-1.2562504304e-02
-6.1313057572e-03
1.5088829731e-02
-1.5949520356e-02
-8.3929073077e-03
-4.2845046650e-03
7.1537067334e-03
-1.8296506506e-02
-1.4639042962e-02
3.2232401103e-04
-1.0400632181e-02
-5.5363798687e-04
-1.7225706493e-03
1.4210412549e-02
1.7880909427e-03
-3.1270316253e-03
1.0628372923e-02
-4.8715873331e-03
-1.9812560575e-02
1.6564503684e-02
-8.2005893656e-03
8.4960045880e-04
-4.8915604331e-03
-9.8045032452e-03
-1.7252479846e-02
8.1918152222e-03
-3.5116535197e-03
-1.8601523074e-02
-1.5806275718e-02
1.9967039137e-02
-1.5269124630e-03
1.7951587535e-02
5.3842398201e-03
-1.1810491581e-02
1.4165284849e-03
1.2725411247e-02
1.6761844545e-02
-3.6162102734e-03
-9.3759608141e-03
1.9012515954e-02
1.8533382453e-02
-1.8501063529e-02
6.7711527825e-03
1.8745175008e-03
-1.4585243317e-02
1.9205168549e-02
-1.9669097583e-02
-1.4291603122e-02
-3.2120629524e-03
-3.1111728745e-03
1.7345077055e-02
3.6440517675e-04
-1.5902056318e-02
5.3504002867e-03
7.0572883697e-03
-1.8684944165e-03
1.1547418699e-03
3.1604645341e-03
3.6791069260e-03
1.1769877139e-02
1.7062600261e-02
3.0137787496e-03
3.0053081504e-03
-1.8203855926e-02
-1.8811571535e-04
-9.5948908641e-03
1.0246858555e-02
1.6697709161e-02
1.4410682501e-02
5.0678470627e-03
7.6822164416e-03
-1.9856248626e-02
-1.3051983961e-02
2.2625253695e-04
1.0541254836e-02
-8.8712153022e-03
4.5466436473e-03
-1.8262100919e-03
-9.2151031282e-03
-7.2039578097e-03
1.8436653122e-02
-1.5524566813e-02
8.2764745465e-03
1.3246326098e-02
1.0676769414e-02
1.5055029835e-03
1.5710266070e-02
-1.4568608747e-02
-3.6160077951e-04
-1.8594898981e-03
1.5530639349e-02
-1.9149080622e-02
1.8713409133e-02
1.2241763935e-02
1.8394221532e-02
1.9404772258e-02
1.1553447278e-02
1.0302358384e-02
1.3565748880e-02
1.2830437205e-02
1.1026386535e-02
1.0626664409e-02
-1.8595408439e-02
-7.7973249712e-03
-1.1669416550e-02
1.5507184267e-04
9.0869811211e-04
-1.7399769274e-02
-2.6329332425e-04
1.9350685090e-03
-2.2725013936e-03
9.8965157149e-03
1.8472023163e-02
-1.1102212151e-02
-1.0638543005e-02
-3.8118808615e-03
1.0439237498e-02
-2.0197150070e-03
1.3176003769e-02
-1.6228276422e-02
8.6984050299e-03
4.2017141022e-03
4.9075463155e-03
-1.5491316634e-02
1.8060556456e-02
-1.2279944565e-02
1.3036186289e-02
1.4933906322e-02
1.8772985048e-02
-1.2548411624e-02
-1.4891348363e-02
-1.4670389489e-02
-9.4197050370e-03
-1.3325650105e-02
-1.8419230901e-02
-9.5213570989e-03
6.2083512090e-03
-1.3184572499e-02
1.4795628855e-02
1.5777547087e-02
4.4485241279e-03
8.9664470113e-03
-5.7560207098e-03
-1.5269884068e-03
-1.9707087794e-02
1.0318476641e-02
-1.7348609859e-02
-1.7736115841e-02
7.6056511685e-03
7.5786818837e-03
1.3554626317e-02
-9.1155442298e-03
2.6010460303e-03
-1.3617558697e-02
-5.1507434255e-03
1.1231324446e-02
1.3607547745e-02
5.7298618779e-03
-1.7620110625e-02
-6.9115259809e-04
4.6450255244e-03
-1.6048372699e-02
5.3716712962e-03
-1.4222285705e-02
1.0026114070e-02
1.7594456530e-03
-1.3753563082e-03
3.4952684433e-03
9.4151483649e-03
-1.0132222918e-03
9.7763521641e-03
1.9318543153e-02
1.4622006098e-02
2.9734502455e-03
-1.1812556033e-02
-1.2901757248e-02
-1.6874855163e-02
-1.5964333952e-04
-8.0581075569e-03
-1.4233877008e-02
-8.4154957491e-03
-9.3994108342e-03
1.5602956025e-02
5.8274470787e-03
-1.1440603086e-02
-3.2313593925e-03
-1.5684708198e-02
1.3137488849e-02
-1.7935292114e-02
-1.2303243784e-02
-4.6971236092e-03
-2.7351537051e-03
7.5016907994e-03
-1.1395510718e-02
-1.0043543541e-03
-1.4027628438e-02
-4.0257482384e-03
7.7783428588e-03
-1.3206591291e-02
1.7370004633e-02
-1.3942142791e-02
-1.8594083479e-02
3.7822727368e-03
1.1177311776e-02
-1.0542172077e-02
1.5730500460e-02
-3.4358168478e-03
-1.4578321853e-02
2.8496495963e-03
-1.2136244950e-02
1.8337447209e-02
3.3356955740e-03
-1.9600944120e-02
-1.4061464441e-03
4.1966078618e-03
-1.8798997384e-02
-1.6168812366e-02
-1.0264199633e-02
-6.6584658756e-03
1.1917653252e-02
1.8627873961e-02
-1.8960125506e-02
-1.5442051839e-03
4.6134374921e-03
-1.6420990470e-02
1.0105409556e-02
-1.8615708454e-02
-1.9411599124e-03
-1.3590091737e-02
-1.5633716820e-02
1.6214346328e-03
-4.7730101447e-03
-1.8349742072e-02
3.7264361161e-04
1.5383979999e-02
6.2034390538e-03
-1.7542954012e-04
-1.2574485207e-02
-1.9001931010e-02
1.2945096866e-02
-7.3514658600e-03
1.6881973061e-02
1.0938959205e-02
9.7392604969e-03
1.1693887148e-02
1.9951744525e-02
-1.5561626384e-02
-1.3312645093e-02
1.2309723196e-02
1.8576521596e-02
-1.0415602224e-03
-1.9748453362e-02
-9.7265871446e-03
-1.0204863725e-02
-1.7848256831e-02
1.9134830876e-02
1.3002102442e-02
1.0383050830e-02
-8.2745695541e-03
1.1460739055e-02
1.6095658878e-02
-1.2653314960e-02
-1.4231012436e-02
5.9178317777e-03
-1.9384129899e-02
-6.3071512636e-03
-1.1413046744e-02
3.5085261672e-03
1.0213152493e-02
-1.4323357059e-02
9.3027353030e-03
1.7460768719e-02
9.2170146158e-03
3.3336416696e-03
-7.7963636095e-03
1.2931713595e-02
1.1913452102e-02
-1.0215860953e-03
-1.2788219042e-02
4.6809628673e-03
-1.1670234896e-02
-1.2694737786e-02
5.6621118264e-03
-5.8751102341e-03
-1.6225064926e-02
1.6917970219e-02
-1.1870096895e-03
-1.6843887671e-02
-1.3752524249e-03
1.2733647317e-02
8.8080038301e-03
-1.9035742292e-02
1.8826983475e-02
-1.4642538944e-02
1.7920743926e-02
1.3086449710e-02
-5.6363881873e-03
1.6019959303e-03
-1.5522129720e-02
-1.8517784735e-02
-1.5769252149e-02
2.9988985263e-03
-1.5582395697e-02
1.8203304985e-02
1.4809628074e-03
1.6887493980e-02
-1.6363248178e-02
1.2216927835e-02
1.6197040322e-03
-3.8158634325e-03
1.0297922404e-02
-8.5785690747e-03
4.2660122521e-03
1.4344250813e-03
-3.4550448491e-03
-8.4122015357e-04
-2.8816047933e-03
1.5152327093e-02
1.9226589952e-02
6.9785804812e-03
-1.4923931595e-02
-1.4556412758e-03
1.9965090769e-02
1.6314184073e-02
7.9955236670e-06
-9.2306288147e-03
-1.7525394980e-03
-1.9054575708e-02
9.9680573436e-03
-2.4671200452e-03
6.2939678304e-03
1.9056865003e-02
1.9068827499e-02
-1.5618581601e-02
-1.8698839995e-02
-8.3369631709e-03
1.3854831030e-02
-1.4774820183e-02
-2.5126712618e-03
-1.8255516276e-02
-3.8534430947e-03
9.4790821451e-03
1.0563651779e-02
1.7331598647e-02
1.0741397409e-02
1.7695506207e-02
-1.1935999574e-02
4.3171781188e-03
9.2144902424e-03
-1.4885698010e-02
-1.2104780142e-02
-6.9585856856e-03
-1.0781550920e-02
1.6132975426e-03
3.9446039112e-04
-9.1832392070e-03
1.7781956479e-02
-1.8437092154e-02
-1.3691186572e-02
-1.1039942332e-02
1.8618568041e-02
-3.5912629013e-03
-9.0271578933e-03
-1.2500333742e-02
8.5766359734e-03
-1.9610866258e-02
-1.7363277376e-02
-1.3340011776e-02
9.7392126104e-03
-3.3328095486e-04
1.7552016897e-02
-1.4064624051e-02
-1.9418207300e-02
1.6106495061e-02
-1.9940396285e-02
-1.1674507033e-02
-1.1287839710e-02
-1.7561619872e-02
-1.9273051754e-02
7.5988601950e-04
-1.0053327145e-02
-8.3323676158e-03
8.5726904851e-03
-3.8677550991e-03
-1.0429092171e-02
-1.5550804254e-02
-1.9806829988e-02
6.4631894859e-04
2.8694915080e-03
1.1125796905e-02
1.9970892993e-02
-1.5147276744e-02
-1.5235561905e-02
1.1932848693e-02
-1.9074293798e-02
1.8197798984e-02
1.4015789060e-02
-4.6206761695e-03
1.0118742806e-02
5.1110238291e-03
1.2815999161e-02
-1.4445451294e-02
-2.2111529066e-04
1.7352752226e-02
9.6865823363e-03
3.2788907508e-03
1.2773015931e-03
1.0933374935e-02
9.0702275812e-03
9.6005054463e-03
4.7110366955e-03
-4.4718167159e-03
1.6710808263e-03
9.3222103527e-03
-7.9919372370e-03
1.9559678984e-02
1.8038195098e-02
1.7712109940e-02
1.4664031240e-02
1.9045267776e-03
-7.9884380103e-04
-9.6794711386e-03
-1.0202245998e-02
-1.7973512106e-02
1.6854374289e-02
1.2637425912e-02
1.8897633430e-02
6.0199954430e-04
7.3718769011e-03
-1.0038353075e-02
-1.5250372025e-02
-1.6128757083e-02
1.3401305748e-02
1.8123690321e-02
-1.6700722596e-02
-1.6155148291e-02
1.5295218851e-02
-7.2663694345e-03
6.4861120594e-03
2.2118385571e-03
-5.2247990089e-03
-9.6344839544e-03
4.9940091825e-05
1.0369183294e-02
1.8514110090e-02
-7.6381632238e-03
1.8911136096e-02
-1.2435497154e-02
-9.6090305433e-03
1.3914576967e-02
-1.9518468360e-02
-5.4792466153e-03
-7.0423225276e-03
-1.0433059550e-02
-3.4850822654e-03
-1.8801146911e-02
-7.1339343861e-03
1.7737985723e-02
4.2883824102e-03
-9.9846856942e-03
3.2801866205e-03
8.1621453981e-03
1.4529207469e-02
-2.7223025436e-03
-1.4069206203e-02
-1.7853259416e-02
-1.7657592431e-02
-1.4482072810e-02
1.5249383045e-02
8.8407093334e-03
1.2404532474e-02
8.2535987407e-03
1.5629946918e-03
-1.6335913632e-02
2.7982507712e-04
1.6826020520e-02
6.1047304340e-03
5.3355707131e-04
3.8585403330e-03
1.0682316509e-02
1.8725839258e-02
-1.4028327477e-02
1.5627316651e-02
-1.4370463480e-02
1.2351379832e-03
3.1884577049e-05
-1.7198888213e-02
-9.5168019268e-03
-7.0095330760e-03
-1.4562272886e-02
-1.0903939369e-02
1.6509708273e-02
5.4869392428e-03
-1.2293864366e-02
-7.5370785118e-03
1.8041398803e-02
-1.1109232800e-02
1.9829830961e-02
-1.9304126201e-02
-8.2136302927e-03
-1.3621185535e-02
-1.6211950185e-02
1.0863581169e-02
1.8016710621e-02
2.0664187375e-03
-6.7193776050e-03
1.9580820549e-03
7.4647454675e-03
1.7530724427e-02
5.1336715152e-03
1.1452071259e-02
1.8982113399e-02
-6.1619372474e-03
-1.9284043227e-02
6.6223451097e-03
1.5690170347e-02
-1.5423109566e-02
-1.8731714171e-02
-1.4140693541e-03
-1.3084278339e-02
-1.7784744124e-02
-2.9411782597e-03
-1.9058734759e-02
-1.6589878163e-02
2.4623040087e-03
8.9486364821e-04
-1.6687506179e-03
-1.8815011355e-02
8.9362513658e-03
9.8255043946e-03
-1.2968758583e-02
1.9344367654e-02
-1.4913909266e-02
9.4003239245e-03
1.7009210177e-02
-2.9113721643e-03
-5.9661006661e-03
-1.4996262184e-02
6.1945584132e-03
-9.4203215997e-03
1.2940641389e-03
-5.0295495953e-03
-8.9660365752e-05
-2.8246711388e-03
1.0057203867e-02
-1.1024465574e-02
1.2595869235e-02
1.5648219505e-02
1.6537856154e-02
1.0156776088e-02
-7.5177376324e-03
9.0162438291e-03
1.8825801872e-02
-7.7815399602e-03
-1.2891825767e-02
-1.4226937300e-02
-2.4077598992e-03
1.9503029948e-02
1.4085209261e-02
-8.0061696819e-03
1.3008697023e-02
-1.8993871478e-02
4.8815691734e-03
-6.6841482411e-03
-1.9726256917e-02
-3.1176591164e-05
9.7408675547e-03
5.0368609974e-03
-1.1801687192e-02
9.2755598751e-03
-3.2727633555e-04
-1.4043969435e-02
-1.0604862169e-02
2.3333707336e-03
-3.1257700673e-03
-3.5323858286e-04
-3.6067075924e-03
-1.3236922871e-02
1.7608050203e-02
1.0274491936e-02
9.9781300662e-03
-1.4951295905e-02
-1.6461078321e-03
1.8108562286e-02
-4.2303563794e-03
1.9474625291e-02
3.7551772356e-04
1.3892160481e-02
8.1436949400e-03
-4.5029258922e-03
-5.9567043388e-03
7.9515989969e-03
-3.9924255154e-03
-1.3894289775e-02
-1.4799119450e-02
1.9342603110e-02
1.8255706706e-02
4.8560464023e-03
-2.3228082407e-03
1.9911591532e-02
1.4092049463e-02
-2.3200865058e-03
1.4250370218e-02
-9.2175001532e-03
4.9418125431e-03
-1.0678006807e-03
1.3194773221e-02
6.4956585049e-03
3.1272438348e-03
5.5644778036e-03
-5.5357751205e-03
-1.8540022846e-02
1.8998689035e-02
-1.5645875989e-02
4.1039565304e-04
2.3941864260e-05
-6.6509485441e-04
-7.9465127070e-03
-1.4177023135e-02
-1.0588260796e-02
1.4563776634e-02
1.2467801037e-02
-7.6960187991e-03
-7.7104575258e-03
-3.2289544109e-03
9.5568280679e-03
-4.8638520993e-03
-1.3905584828e-02
-1.5581486180e-02
-1.6524774034e-02
1.1625196230e-02
-2.6870546211e-03
-9.8888872252e-03
9.5301916454e-03
-5.7487868775e-03
-5.7233118246e-03
2.9932820158e-03
-1.3117298479e-02
1.8795862317e-02
6.3969924125e-03
-8.9435089227e-03
-8.6778036824e-03
1.2734413173e-02
1.0656597353e-02
-1.5956986049e-02
8.4102981128e-03
-2.7769512710e-04
-1.2177408771e-02
2.0172494889e-03
1.2478566607e-03
-1.4560275528e-03
-1.9899141831e-02
6.7476041404e-03
-1.0659930913e-02
-1.0986107785e-02
7.0867286881e-03
1.1558200803e-02
1.7711780796e-05
1.4560003132e-02
1.2251662069e-02
8.9606261446e-03
1.1294035664e-03
-8.9109022657e-03
1.2054830021e-02
1.4736136863e-03
1.9722896935e-02
-3.7939356984e-03
1.4646853737e-02
-1.9268538252e-02
1.3869689732e-02
1.2662346989e-02
1.9718532277e-02
-1.2730206522e-02
-1.3560085352e-02
1.5126506201e-02
-7.5599166167e-03
6.2604608386e-03
-8.8413643592e-03
1.2085889198e-02
-1.2540475652e-02
1.4527594158e-02
-1.5261445430e-02
-3.9420568791e-03
-7.5617856946e-03
9.7589671466e-03
1.1157034111e-03
-1.9832348578e-02
1.7838723433e-02
-1.3314958147e-04
-1.5980795409e-02
9.1992314583e-03
1.4891802223e-02
-4.5979776821e-03
1.9498171526e-02
-1.1894569646e-02
-1.7500720918e-02
7.9546943908e-03
-1.5798617126e-02
-2.1311275510e-03
1.3122878549e-02
4.9159057749e-03
1.6496765303e-02
-1.8020054078e-02
-1.6421382187e-02
-8.9591008328e-03
1.7534335856e-02
-1.1605735928e-02
1.6759343426e-02
-1.0062450727e-03
-1.5328942168e-02
-1.5722487047e-02
7.5943540026e-03
9.9015415010e-03
3.5877602764e-03
-1.3346091622e-03
6.0892622336e-03
-3.4023648365e-03
1.1226971373e-02
-1.5801508461e-02
5.2136381738e-03
-4.4818497049e-03
1.7092514084e-02
1.0422384735e-02
1.7596269952e-02
7.3497163401e-03
4.6735605531e-03
1.0050234196e-02
-1.7962858462e-02
2.9306985687e-04
-1.6059112971e-02
5.9205670014e-03
1.3816040152e-02
5.4453016718e-03
1.2859024264e-02
-6.8537298240e-03
-5.4136568543e-03
-1.9622976593e-02
-1.5180786825e-02
-1.1758678866e-02
-2.4980195341e-03
-1.1061724920e-02
1.2043655412e-03
8.2467520593e-03
-1.9094647326e-02
1.6904959132e-02
2.3244683529e-03
7.0398285589e-03
1.3484839035e-02
9.0344957849e-04
-1.9861475387e-02
-1.4495927161e-02
-1.2807197575e-03
1.0418111699e-02
8.6023548921e-03
-1.2820696497e-03
1.7819736426e-02
-1.5768655113e-02
-1.8900385036e-02
7.6103766298e-03
-1.5557272202e-02
4.6227784365e-03
1.9037918399e-02
-1.3814851007e-02
1.3937572777e+00
1.1768461063e+00
1.3791152668e+00
1.0880786451e+00
1.4878441347e+00
7.5131421150e-01
9.9041000586e-01
6.2061446559e-01
6.9796548400e-01
8.3884800104e-01
7.2668503255e-01
9.4740869759e-01
9.1922532439e-01
1.3632911601e+00
1.3996703021e+00
5.0697410987e-01
1.2982688940e+00
1.0470298828e+00
1.1737364137e+00
1.2163180303e+00
8.6633640367e-01
8.5189798821e-01
1.3671315832e+00
1.0005012976e+00
5.1473047711e-01
1.1513318439e+00
1.1691296761e+00
7.9316022392e-01
1.2984025536e+00
6.3495344082e-01
1.3763389617e+00
1.4640087648e+00
6.6226926424e-01
1.3242405066e+00
8.9070307154e-01
5.3805143974e-01
1.4933141946e+00
1.1024648224e+00
1.2634183569e+00
1.0514860328e+00
1.3469159339e+00
7.5958159863e-01
